/*! ***************************************************************************
 *
 * \brief     Definitions of fonts
 * \file      fonts.c
 * \author    Hugo Arends
 * \date      April 2021
 *
 * \remark    Add a new font as follows
 *
 * 1. Copy a library version >=3.0.0 font from the following great website:
 *    http://oleddisplay.squix.ch/
 * 2. Add all the generated code in the file fonts.c
 * 3. Remove 'PROGMEM' from the declaration
 * 4. Add an external declaration to the file fonts.h
 * 5. Set the font by passing the pointer to the function lcd_setfont()
 *
 * \copyright 2021 HAN University of Applied Sciences. All Rights Reserved.
 *            \n\n
 *            Permission is hereby granted, free of charge, to any person
 *            obtaining a copy of this software and associated documentation
 *            files (the "Software"), to deal in the Software without
 *            restriction, including without limitation the rights to use,
 *            copy, modify, merge, publish, distribute, sublicense, and/or sell
 *            copies of the Software, and to permit persons to whom the
 *            Software is furnished to do so, subject to the following
 *            conditions:
 *            \n\n
 *            The above copyright notice and this permission notice shall be
 *            included in all copies or substantial portions of the Software.
 *            \n\n
 *            THE SOFTWARE IS PROVIDED "AS IS", WITHOUT WARRANTY OF ANY KIND,
 *            EXPRESS OR IMPLIED, INCLUDING BUT NOT LIMITED TO THE WARRANTIES
 *            OF MERCHANTABILITY, FITNESS FOR A PARTICULAR PURPOSE AND
 *            NONINFRINGEMENT. IN NO EVENT SHALL THE AUTHORS OR COPYRIGHT
 *            HOLDERS BE LIABLE FOR ANY CLAIM, DAMAGES OR OTHER LIABILITY,
 *            WHETHER IN AN ACTION OF CONTRACT, TORT OR OTHERWISE, ARISING
 *            FROM, OUT OF OR IN CONNECTION WITH THE SOFTWARE OR THE USE OR
 *            OTHER DEALINGS IN THE SOFTWARE.
 *
 *****************************************************************************/
#include "fonts.h"

// Created by http://oleddisplay.squix.ch/ Consider a donation
// In case of problems make sure that you are using the font file with the correct version!
const char Monospaced_plain_10[] = {
    0x06, // Width: 6
    0x0D, // Height: 13
    0x20, // First Char: 32
    0xE0, // Numbers of Chars: 224

    // Jump Table:
    0xFF, 0xFF, 0x00, 0x06,  // 32:65535
    0x00, 0x00, 0x08, 0x06,  // 33:0
    0x00, 0x08, 0x09, 0x06,  // 34:8
    0x00, 0x11, 0x0B, 0x06,  // 35:17
    0x00, 0x1C, 0x0C, 0x06,  // 36:28
    0x00, 0x28, 0x0C, 0x06,  // 37:40
    0x00, 0x34, 0x0C, 0x06,  // 38:52
    0x00, 0x40, 0x07, 0x06,  // 39:64
    0x00, 0x47, 0x08, 0x06,  // 40:71
    0x00, 0x4F, 0x08, 0x06,  // 41:79
    0x00, 0x57, 0x0B, 0x06,  // 42:87
    0x00, 0x62, 0x0B, 0x06,  // 43:98
    0x00, 0x6D, 0x06, 0x06,  // 44:109
    0x00, 0x73, 0x09, 0x06,  // 45:115
    0x00, 0x7C, 0x06, 0x06,  // 46:124
    0x00, 0x82, 0x0B, 0x06,  // 47:130
    0x00, 0x8D, 0x0C, 0x06,  // 48:141
    0x00, 0x99, 0x0C, 0x06,  // 49:153
    0x00, 0xA5, 0x0C, 0x06,  // 50:165
    0x00, 0xB1, 0x0C, 0x06,  // 51:177
    0x00, 0xBD, 0x0B, 0x06,  // 52:189
    0x00, 0xC8, 0x0C, 0x06,  // 53:200
    0x00, 0xD4, 0x0C, 0x06,  // 54:212
    0x00, 0xE0, 0x0B, 0x06,  // 55:224
    0x00, 0xEB, 0x0C, 0x06,  // 56:235
    0x00, 0xF7, 0x0C, 0x06,  // 57:247
    0x01, 0x03, 0x06, 0x06,  // 58:259
    0x01, 0x09, 0x06, 0x06,  // 59:265
    0x01, 0x0F, 0x0C, 0x06,  // 60:271
    0x01, 0x1B, 0x09, 0x06,  // 61:283
    0x01, 0x24, 0x0B, 0x06,  // 62:292
    0x01, 0x2F, 0x09, 0x06,  // 63:303
    0x01, 0x38, 0x0C, 0x06,  // 64:312
    0x01, 0x44, 0x0C, 0x06,  // 65:324
    0x01, 0x50, 0x0C, 0x06,  // 66:336
    0x01, 0x5C, 0x0C, 0x06,  // 67:348
    0x01, 0x68, 0x0C, 0x06,  // 68:360
    0x01, 0x74, 0x0C, 0x06,  // 69:372
    0x01, 0x80, 0x0B, 0x06,  // 70:384
    0x01, 0x8B, 0x0C, 0x06,  // 71:395
    0x01, 0x97, 0x0C, 0x06,  // 72:407
    0x01, 0xA3, 0x0C, 0x06,  // 73:419
    0x01, 0xAF, 0x0A, 0x06,  // 74:431
    0x01, 0xB9, 0x0C, 0x06,  // 75:441
    0x01, 0xC5, 0x0C, 0x06,  // 76:453
    0x01, 0xD1, 0x0C, 0x06,  // 77:465
    0x01, 0xDD, 0x0C, 0x06,  // 78:477
    0x01, 0xE9, 0x0C, 0x06,  // 79:489
    0x01, 0xF5, 0x0B, 0x06,  // 80:501
    0x02, 0x00, 0x0C, 0x06,  // 81:512
    0x02, 0x0C, 0x0C, 0x06,  // 82:524
    0x02, 0x18, 0x0C, 0x06,  // 83:536
    0x02, 0x24, 0x0B, 0x06,  // 84:548
    0x02, 0x2F, 0x0C, 0x06,  // 85:559
    0x02, 0x3B, 0x0B, 0x06,  // 86:571
    0x02, 0x46, 0x0B, 0x06,  // 87:582
    0x02, 0x51, 0x0C, 0x06,  // 88:593
    0x02, 0x5D, 0x0B, 0x06,  // 89:605
    0x02, 0x68, 0x0C, 0x06,  // 90:616
    0x02, 0x74, 0x08, 0x06,  // 91:628
    0x02, 0x7C, 0x0C, 0x06,  // 92:636
    0x02, 0x88, 0x08, 0x06,  // 93:648
    0x02, 0x90, 0x09, 0x06,  // 94:656
    0x02, 0x99, 0x0C, 0x06,  // 95:665
    0x02, 0xA5, 0x05, 0x06,  // 96:677
    0x02, 0xAA, 0x0C, 0x06,  // 97:682
    0x02, 0xB6, 0x0C, 0x06,  // 98:694
    0x02, 0xC2, 0x0A, 0x06,  // 99:706
    0x02, 0xCC, 0x0C, 0x06,  // 100:716
    0x02, 0xD8, 0x0C, 0x06,  // 101:728
    0x02, 0xE4, 0x09, 0x06,  // 102:740
    0x02, 0xED, 0x0C, 0x06,  // 103:749
    0x02, 0xF9, 0x0C, 0x06,  // 104:761
    0x03, 0x05, 0x0C, 0x06,  // 105:773
    0x03, 0x11, 0x08, 0x06,  // 106:785
    0x03, 0x19, 0x0C, 0x06,  // 107:793
    0x03, 0x25, 0x0A, 0x06,  // 108:805
    0x03, 0x2F, 0x0C, 0x06,  // 109:815
    0x03, 0x3B, 0x0C, 0x06,  // 110:827
    0x03, 0x47, 0x0C, 0x06,  // 111:839
    0x03, 0x53, 0x0C, 0x06,  // 112:851
    0x03, 0x5F, 0x0C, 0x06,  // 113:863
    0x03, 0x6B, 0x0B, 0x06,  // 114:875
    0x03, 0x76, 0x0C, 0x06,  // 115:886
    0x03, 0x82, 0x0A, 0x06,  // 116:898
    0x03, 0x8C, 0x0C, 0x06,  // 117:908
    0x03, 0x98, 0x0B, 0x06,  // 118:920
    0x03, 0xA3, 0x0B, 0x06,  // 119:931
    0x03, 0xAE, 0x0C, 0x06,  // 120:942
    0x03, 0xBA, 0x0B, 0x06,  // 121:954
    0x03, 0xC5, 0x0C, 0x06,  // 122:965
    0x03, 0xD1, 0x0A, 0x06,  // 123:977
    0x03, 0xDB, 0x08, 0x06,  // 124:987
    0x03, 0xE3, 0x0B, 0x06,  // 125:995
    0x03, 0xEE, 0x0B, 0x06,  // 126:1006
    0x03, 0xF9, 0x0C, 0x06,  // 127:1017
    0x04, 0x05, 0x0C, 0x06,  // 128:1029
    0x04, 0x11, 0x0C, 0x06,  // 129:1041
    0x04, 0x1D, 0x0C, 0x06,  // 130:1053
    0x04, 0x29, 0x0C, 0x06,  // 131:1065
    0x04, 0x35, 0x0C, 0x06,  // 132:1077
    0x04, 0x41, 0x0C, 0x06,  // 133:1089
    0x04, 0x4D, 0x0C, 0x06,  // 134:1101
    0x04, 0x59, 0x0C, 0x06,  // 135:1113
    0x04, 0x65, 0x0C, 0x06,  // 136:1125
    0x04, 0x71, 0x0C, 0x06,  // 137:1137
    0x04, 0x7D, 0x0C, 0x06,  // 138:1149
    0x04, 0x89, 0x0C, 0x06,  // 139:1161
    0x04, 0x95, 0x0C, 0x06,  // 140:1173
    0x04, 0xA1, 0x0C, 0x06,  // 141:1185
    0x04, 0xAD, 0x0C, 0x06,  // 142:1197
    0x04, 0xB9, 0x0C, 0x06,  // 143:1209
    0x04, 0xC5, 0x0C, 0x06,  // 144:1221
    0x04, 0xD1, 0x0C, 0x06,  // 145:1233
    0x04, 0xDD, 0x0C, 0x06,  // 146:1245
    0x04, 0xE9, 0x0C, 0x06,  // 147:1257
    0x04, 0xF5, 0x0C, 0x06,  // 148:1269
    0x05, 0x01, 0x0C, 0x06,  // 149:1281
    0x05, 0x0D, 0x0C, 0x06,  // 150:1293
    0x05, 0x19, 0x0C, 0x06,  // 151:1305
    0x05, 0x25, 0x0C, 0x06,  // 152:1317
    0x05, 0x31, 0x0C, 0x06,  // 153:1329
    0x05, 0x3D, 0x0C, 0x06,  // 154:1341
    0x05, 0x49, 0x0C, 0x06,  // 155:1353
    0x05, 0x55, 0x0C, 0x06,  // 156:1365
    0x05, 0x61, 0x0C, 0x06,  // 157:1377
    0x05, 0x6D, 0x0C, 0x06,  // 158:1389
    0x05, 0x79, 0x0C, 0x06,  // 159:1401
    0xFF, 0xFF, 0x00, 0x06,  // 160:65535
    0x05, 0x85, 0x08, 0x06,  // 161:1413
    0x05, 0x8D, 0x0A, 0x06,  // 162:1421
    0x05, 0x97, 0x0C, 0x06,  // 163:1431
    0x05, 0xA3, 0x0C, 0x06,  // 164:1443
    0x05, 0xAF, 0x0B, 0x06,  // 165:1455
    0x05, 0xBA, 0x08, 0x06,  // 166:1466
    0x05, 0xC2, 0x0A, 0x06,  // 167:1474
    0x05, 0xCC, 0x09, 0x06,  // 168:1484
    0x05, 0xD5, 0x0B, 0x06,  // 169:1493
    0x05, 0xE0, 0x0A, 0x06,  // 170:1504
    0x05, 0xEA, 0x0A, 0x06,  // 171:1514
    0x05, 0xF4, 0x0B, 0x06,  // 172:1524
    0x05, 0xFF, 0x09, 0x06,  // 173:1535
    0x06, 0x08, 0x0B, 0x06,  // 174:1544
    0x06, 0x13, 0x09, 0x06,  // 175:1555
    0x06, 0x1C, 0x07, 0x06,  // 176:1564
    0x06, 0x23, 0x0C, 0x06,  // 177:1571
    0x06, 0x2F, 0x09, 0x06,  // 178:1583
    0x06, 0x38, 0x09, 0x06,  // 179:1592
    0x06, 0x41, 0x07, 0x06,  // 180:1601
    0x06, 0x48, 0x0C, 0x06,  // 181:1608
    0x06, 0x54, 0x0C, 0x06,  // 182:1620
    0x06, 0x60, 0x05, 0x06,  // 183:1632
    0x06, 0x65, 0x08, 0x06,  // 184:1637
    0x06, 0x6D, 0x09, 0x06,  // 185:1645
    0x06, 0x76, 0x0A, 0x06,  // 186:1654
    0x06, 0x80, 0x09, 0x06,  // 187:1664
    0x06, 0x89, 0x0C, 0x06,  // 188:1673
    0x06, 0x95, 0x0C, 0x06,  // 189:1685
    0x06, 0xA1, 0x0C, 0x06,  // 190:1697
    0x06, 0xAD, 0x0A, 0x06,  // 191:1709
    0x06, 0xB7, 0x0C, 0x06,  // 192:1719
    0x06, 0xC3, 0x0C, 0x06,  // 193:1731
    0x06, 0xCF, 0x0C, 0x06,  // 194:1743
    0x06, 0xDB, 0x0C, 0x06,  // 195:1755
    0x06, 0xE7, 0x0C, 0x06,  // 196:1767
    0x06, 0xF3, 0x0C, 0x06,  // 197:1779
    0x06, 0xFF, 0x0C, 0x06,  // 198:1791
    0x07, 0x0B, 0x0C, 0x06,  // 199:1803
    0x07, 0x17, 0x0C, 0x06,  // 200:1815
    0x07, 0x23, 0x0C, 0x06,  // 201:1827
    0x07, 0x2F, 0x0C, 0x06,  // 202:1839
    0x07, 0x3B, 0x0C, 0x06,  // 203:1851
    0x07, 0x47, 0x0C, 0x06,  // 204:1863
    0x07, 0x53, 0x0C, 0x06,  // 205:1875
    0x07, 0x5F, 0x0C, 0x06,  // 206:1887
    0x07, 0x6B, 0x0C, 0x06,  // 207:1899
    0x07, 0x77, 0x0C, 0x06,  // 208:1911
    0x07, 0x83, 0x0C, 0x06,  // 209:1923
    0x07, 0x8F, 0x0C, 0x06,  // 210:1935
    0x07, 0x9B, 0x0C, 0x06,  // 211:1947
    0x07, 0xA7, 0x0C, 0x06,  // 212:1959
    0x07, 0xB3, 0x0C, 0x06,  // 213:1971
    0x07, 0xBF, 0x0C, 0x06,  // 214:1983
    0x07, 0xCB, 0x0C, 0x06,  // 215:1995
    0x07, 0xD7, 0x0C, 0x06,  // 216:2007
    0x07, 0xE3, 0x0C, 0x06,  // 217:2019
    0x07, 0xEF, 0x0C, 0x06,  // 218:2031
    0x07, 0xFB, 0x0C, 0x06,  // 219:2043
    0x08, 0x07, 0x0C, 0x06,  // 220:2055
    0x08, 0x13, 0x0B, 0x06,  // 221:2067
    0x08, 0x1E, 0x0B, 0x06,  // 222:2078
    0x08, 0x29, 0x0C, 0x06,  // 223:2089
    0x08, 0x35, 0x0C, 0x06,  // 224:2101
    0x08, 0x41, 0x0C, 0x06,  // 225:2113
    0x08, 0x4D, 0x0C, 0x06,  // 226:2125
    0x08, 0x59, 0x0C, 0x06,  // 227:2137
    0x08, 0x65, 0x0C, 0x06,  // 228:2149
    0x08, 0x71, 0x0C, 0x06,  // 229:2161
    0x08, 0x7D, 0x0C, 0x06,  // 230:2173
    0x08, 0x89, 0x0A, 0x06,  // 231:2185
    0x08, 0x93, 0x0C, 0x06,  // 232:2195
    0x08, 0x9F, 0x0C, 0x06,  // 233:2207
    0x08, 0xAB, 0x0C, 0x06,  // 234:2219
    0x08, 0xB7, 0x0C, 0x06,  // 235:2231
    0x08, 0xC3, 0x0C, 0x06,  // 236:2243
    0x08, 0xCF, 0x0C, 0x06,  // 237:2255
    0x08, 0xDB, 0x0C, 0x06,  // 238:2267
    0x08, 0xE7, 0x0C, 0x06,  // 239:2279
    0x08, 0xF3, 0x0C, 0x06,  // 240:2291
    0x08, 0xFF, 0x0C, 0x06,  // 241:2303
    0x09, 0x0B, 0x0C, 0x06,  // 242:2315
    0x09, 0x17, 0x0C, 0x06,  // 243:2327
    0x09, 0x23, 0x0C, 0x06,  // 244:2339
    0x09, 0x2F, 0x0C, 0x06,  // 245:2351
    0x09, 0x3B, 0x0C, 0x06,  // 246:2363
    0x09, 0x47, 0x09, 0x06,  // 247:2375
    0x09, 0x50, 0x0C, 0x06,  // 248:2384
    0x09, 0x5C, 0x0C, 0x06,  // 249:2396
    0x09, 0x68, 0x0C, 0x06,  // 250:2408
    0x09, 0x74, 0x0C, 0x06,  // 251:2420
    0x09, 0x80, 0x0C, 0x06,  // 252:2432
    0x09, 0x8C, 0x0B, 0x06,  // 253:2444
    0x09, 0x97, 0x0C, 0x06,  // 254:2455
    0x09, 0xA3, 0x0B, 0x06,  // 255:2467

    // Font Data:
    0x00,0x00,0x00,0x00,0x00,0x00,0xF8,0x02,    // 33
    0x00,0x00,0x00,0x00,0x38,0x00,0x00,0x00,0x38,    // 34
    0x80,0x00,0xE0,0x03,0xB8,0x00,0xE0,0x03,0xB8,0x00,0x20,    // 35
    0x00,0x00,0x60,0x02,0x50,0x02,0xF8,0x07,0x90,0x02,0x90,0x01,    // 36
    0x38,0x00,0xA8,0x00,0x78,0x00,0xC0,0x03,0xA0,0x02,0x80,0x03,    // 37
    0x00,0x00,0xC0,0x01,0x38,0x02,0x68,0x02,0x88,0x01,0xC0,0x02,    // 38
    0x00,0x00,0x00,0x00,0x00,0x00,0x38,    // 39
    0x00,0x00,0x00,0x00,0xF8,0x03,0x04,0x04,    // 40
    0x00,0x00,0x00,0x00,0x0C,0x06,0xF0,0x01,    // 41
    0x00,0x00,0x48,0x00,0x30,0x00,0x78,0x00,0x30,0x00,0x48,    // 42
    0x00,0x00,0x40,0x00,0x40,0x00,0xF0,0x01,0x40,0x00,0x40,    // 43
    0x00,0x00,0x00,0x00,0x00,0x0E,    // 44
    0x00,0x00,0x00,0x00,0x80,0x00,0x80,0x00,0x80,    // 45
    0x00,0x00,0x00,0x00,0x00,0x02,    // 46
    0x00,0x00,0x00,0x04,0x00,0x03,0xC0,0x00,0x30,0x00,0x08,    // 47
    0x00,0x00,0xF0,0x01,0x08,0x02,0x48,0x02,0x08,0x02,0xF0,0x01,    // 48
    0x00,0x00,0x08,0x02,0x08,0x02,0xF8,0x03,0x00,0x02,0x00,0x02,    // 49
    0x00,0x00,0x10,0x02,0x08,0x03,0x88,0x02,0xC8,0x02,0x70,0x02,    // 50
    0x00,0x00,0x10,0x01,0x48,0x02,0x48,0x02,0x48,0x02,0xB0,0x01,    // 51
    0x00,0x00,0xC0,0x00,0xE0,0x00,0x90,0x00,0xF8,0x03,0x80,    // 52
    0x00,0x00,0x38,0x02,0x28,0x02,0x28,0x02,0x28,0x02,0xC0,0x01,    // 53
    0x00,0x00,0xF0,0x01,0x58,0x02,0x48,0x02,0x48,0x02,0x88,0x01,    // 54
    0x00,0x00,0x08,0x00,0x08,0x02,0x88,0x01,0x78,0x00,0x18,    // 55
    0x00,0x00,0xB0,0x01,0x48,0x02,0x48,0x02,0x48,0x02,0xB0,0x01,    // 56
    0x00,0x00,0x30,0x02,0x48,0x02,0x48,0x02,0x48,0x03,0xF0,0x01,    // 57
    0x00,0x00,0x00,0x00,0x20,0x02,    // 58
    0x00,0x00,0x00,0x00,0x20,0x0E,    // 59
    0x00,0x00,0x40,0x00,0xA0,0x00,0xA0,0x00,0xA0,0x00,0x10,0x01,    // 60
    0xA0,0x00,0xA0,0x00,0xA0,0x00,0xA0,0x00,0xA0,    // 61
    0x00,0x00,0x10,0x01,0xA0,0x00,0xA0,0x00,0xA0,0x00,0x40,    // 62
    0x00,0x00,0x08,0x00,0xC8,0x02,0x28,0x00,0x18,    // 63
    0x00,0x00,0xE0,0x03,0x18,0x04,0xE8,0x0B,0x28,0x0A,0xF0,0x03,    // 64
    0x00,0x00,0x00,0x03,0xE0,0x00,0x98,0x00,0xE0,0x00,0x00,0x03,    // 65
    0x00,0x00,0xF8,0x03,0x48,0x02,0x48,0x02,0x48,0x02,0xB0,0x01,    // 66
    0x00,0x00,0xF0,0x01,0x18,0x03,0x08,0x02,0x08,0x02,0x18,0x03,    // 67
    0x00,0x00,0xF8,0x03,0x08,0x02,0x08,0x02,0x18,0x03,0xF0,0x01,    // 68
    0x00,0x00,0xF8,0x03,0x48,0x02,0x48,0x02,0x48,0x02,0x48,0x02,    // 69
    0x00,0x00,0xF8,0x03,0x48,0x00,0x48,0x00,0x48,0x00,0x48,    // 70
    0x00,0x00,0xF0,0x01,0x18,0x03,0x08,0x02,0x48,0x02,0xD0,0x03,    // 71
    0x00,0x00,0xF8,0x03,0x40,0x00,0x40,0x00,0x40,0x00,0xF8,0x03,    // 72
    0x00,0x00,0x08,0x02,0x08,0x02,0xF8,0x03,0x08,0x02,0x08,0x02,    // 73
    0x00,0x00,0x00,0x01,0x08,0x02,0x08,0x02,0xF8,0x01,    // 74
    0x00,0x00,0xF8,0x03,0x40,0x00,0xA0,0x00,0x10,0x01,0x08,0x02,    // 75
    0x00,0x00,0xF8,0x03,0x00,0x02,0x00,0x02,0x00,0x02,0x00,0x02,    // 76
    0x00,0x00,0xF8,0x03,0x30,0x00,0x40,0x00,0x30,0x00,0xF8,0x03,    // 77
    0x00,0x00,0xF8,0x03,0x30,0x00,0x40,0x00,0x80,0x01,0xF8,0x03,    // 78
    0x00,0x00,0xF0,0x01,0x08,0x02,0x08,0x02,0x08,0x02,0xF0,0x01,    // 79
    0x00,0x00,0xF8,0x03,0x48,0x00,0x48,0x00,0x48,0x00,0x30,    // 80
    0x00,0x00,0xF0,0x01,0x08,0x02,0x08,0x02,0x08,0x06,0xF0,0x05,    // 81
    0x00,0x00,0xF8,0x03,0x48,0x00,0x48,0x00,0xC8,0x00,0xB0,0x01,    // 82
    0x00,0x00,0x30,0x01,0x48,0x02,0x48,0x02,0x48,0x02,0x90,0x01,    // 83
    0x00,0x00,0x08,0x00,0x08,0x00,0xF8,0x03,0x08,0x00,0x08,    // 84
    0x00,0x00,0xF8,0x01,0x00,0x02,0x00,0x02,0x00,0x02,0xF8,0x01,    // 85
    0x00,0x00,0x18,0x00,0xE0,0x00,0x00,0x03,0xE0,0x00,0x18,    // 86
    0x38,0x00,0xC0,0x03,0x70,0x00,0x70,0x00,0xC0,0x03,0x38,    // 87
    0x00,0x00,0x08,0x02,0xB0,0x01,0x40,0x00,0xB0,0x01,0x08,0x02,    // 88
    0x00,0x00,0x08,0x00,0x30,0x00,0xC0,0x03,0x30,0x00,0x08,    // 89
    0x00,0x00,0x08,0x02,0x88,0x03,0x48,0x02,0x38,0x02,0x08,0x02,    // 90
    0x00,0x00,0x00,0x00,0xFC,0x07,0x04,0x04,    // 91
    0x00,0x00,0x08,0x00,0x30,0x00,0xC0,0x00,0x00,0x03,0x00,0x04,    // 92
    0x00,0x00,0x00,0x00,0x04,0x04,0xFC,0x07,    // 93
    0x20,0x00,0x10,0x00,0x08,0x00,0x10,0x00,0x20,    // 94
    0x00,0x08,0x00,0x08,0x00,0x08,0x00,0x08,0x00,0x08,0x00,0x08,    // 95
    0x00,0x00,0x04,0x00,0x08,    // 96
    0x00,0x00,0x20,0x03,0xA0,0x02,0xA0,0x02,0xA0,0x02,0xC0,0x03,    // 97
    0x00,0x00,0xFC,0x03,0x20,0x02,0x20,0x02,0x20,0x02,0xC0,0x01,    // 98
    0x00,0x00,0xC0,0x01,0x20,0x02,0x20,0x02,0x20,0x02,    // 99
    0x00,0x00,0xC0,0x01,0x20,0x02,0x20,0x02,0x20,0x02,0xFC,0x03,    // 100
    0x00,0x00,0xC0,0x01,0xA0,0x02,0xA0,0x02,0xA0,0x02,0xC0,0x02,    // 101
    0x00,0x00,0x20,0x00,0xF8,0x03,0x24,0x00,0x24,    // 102
    0x00,0x00,0xC0,0x01,0x20,0x0A,0x20,0x0A,0x20,0x0A,0xE0,0x07,    // 103
    0x00,0x00,0xFC,0x03,0x40,0x00,0x20,0x00,0x20,0x00,0xC0,0x03,    // 104
    0x00,0x00,0x00,0x02,0x20,0x02,0xE4,0x03,0x00,0x02,0x00,0x02,    // 105
    0x00,0x00,0x20,0x08,0x20,0x08,0xE4,0x07,    // 106
    0x00,0x00,0xFC,0x03,0x80,0x00,0xC0,0x00,0x20,0x01,0x00,0x02,    // 107
    0x04,0x00,0x04,0x00,0xFC,0x01,0x00,0x02,0x00,0x02,    // 108
    0x00,0x00,0xE0,0x03,0x20,0x00,0xE0,0x03,0x20,0x00,0xE0,0x03,    // 109
    0x00,0x00,0xE0,0x03,0x40,0x00,0x20,0x00,0x20,0x00,0xC0,0x03,    // 110
    0x00,0x00,0xC0,0x01,0x20,0x02,0x20,0x02,0x20,0x02,0xC0,0x01,    // 111
    0x00,0x00,0xE0,0x0F,0x20,0x02,0x20,0x02,0x20,0x02,0xC0,0x01,    // 112
    0x00,0x00,0xC0,0x01,0x20,0x02,0x20,0x02,0x20,0x02,0xE0,0x0F,    // 113
    0x00,0x00,0x00,0x00,0xE0,0x03,0x20,0x00,0x20,0x00,0x60,    // 114
    0x00,0x00,0x40,0x02,0xA0,0x02,0xA0,0x02,0xA0,0x02,0xA0,0x01,    // 115
    0x00,0x00,0x20,0x00,0xF8,0x03,0x20,0x02,0x20,0x02,    // 116
    0x00,0x00,0xE0,0x01,0x00,0x02,0x00,0x02,0x00,0x02,0xE0,0x03,    // 117
    0x00,0x00,0x20,0x00,0xC0,0x01,0x00,0x02,0xC0,0x01,0x20,    // 118
    0x00,0x00,0x60,0x00,0x80,0x03,0x40,0x00,0x80,0x03,0x60,    // 119
    0x00,0x00,0x20,0x02,0x60,0x03,0x80,0x00,0x60,0x03,0x20,0x02,    // 120
    0x00,0x00,0x20,0x08,0xC0,0x08,0x00,0x07,0xC0,0x00,0x20,    // 121
    0x00,0x00,0x20,0x02,0x20,0x03,0xA0,0x02,0x60,0x02,0x20,0x02,    // 122
    0x00,0x00,0x40,0x00,0x40,0x00,0xBC,0x07,0x04,0x04,    // 123
    0x00,0x00,0x00,0x00,0x00,0x00,0xFC,0x0F,    // 124
    0x00,0x00,0x00,0x00,0x04,0x04,0xBC,0x07,0x40,0x00,0x40,    // 125
    0x00,0x00,0x40,0x00,0x40,0x00,0x40,0x00,0x80,0x00,0x80,    // 126
    0x00,0x00,0xF8,0x0F,0x08,0x08,0x08,0x08,0x08,0x08,0xF8,0x0F,    // 127
    0x00,0x00,0xF8,0x0F,0x08,0x08,0x08,0x08,0x08,0x08,0xF8,0x0F,    // 128
    0x00,0x00,0xF8,0x0F,0x08,0x08,0x08,0x08,0x08,0x08,0xF8,0x0F,    // 129
    0x00,0x00,0xF8,0x0F,0x08,0x08,0x08,0x08,0x08,0x08,0xF8,0x0F,    // 130
    0x00,0x00,0xF8,0x0F,0x08,0x08,0x08,0x08,0x08,0x08,0xF8,0x0F,    // 131
    0x00,0x00,0xF8,0x0F,0x08,0x08,0x08,0x08,0x08,0x08,0xF8,0x0F,    // 132
    0x00,0x00,0xF8,0x0F,0x08,0x08,0x08,0x08,0x08,0x08,0xF8,0x0F,    // 133
    0x00,0x00,0xF8,0x0F,0x08,0x08,0x08,0x08,0x08,0x08,0xF8,0x0F,    // 134
    0x00,0x00,0xF8,0x0F,0x08,0x08,0x08,0x08,0x08,0x08,0xF8,0x0F,    // 135
    0x00,0x00,0xF8,0x0F,0x08,0x08,0x08,0x08,0x08,0x08,0xF8,0x0F,    // 136
    0x00,0x00,0xF8,0x0F,0x08,0x08,0x08,0x08,0x08,0x08,0xF8,0x0F,    // 137
    0x00,0x00,0xF8,0x0F,0x08,0x08,0x08,0x08,0x08,0x08,0xF8,0x0F,    // 138
    0x00,0x00,0xF8,0x0F,0x08,0x08,0x08,0x08,0x08,0x08,0xF8,0x0F,    // 139
    0x00,0x00,0xF8,0x0F,0x08,0x08,0x08,0x08,0x08,0x08,0xF8,0x0F,    // 140
    0x00,0x00,0xF8,0x0F,0x08,0x08,0x08,0x08,0x08,0x08,0xF8,0x0F,    // 141
    0x00,0x00,0xF8,0x0F,0x08,0x08,0x08,0x08,0x08,0x08,0xF8,0x0F,    // 142
    0x00,0x00,0xF8,0x0F,0x08,0x08,0x08,0x08,0x08,0x08,0xF8,0x0F,    // 143
    0x00,0x00,0xF8,0x0F,0x08,0x08,0x08,0x08,0x08,0x08,0xF8,0x0F,    // 144
    0x00,0x00,0xF8,0x0F,0x08,0x08,0x08,0x08,0x08,0x08,0xF8,0x0F,    // 145
    0x00,0x00,0xF8,0x0F,0x08,0x08,0x08,0x08,0x08,0x08,0xF8,0x0F,    // 146
    0x00,0x00,0xF8,0x0F,0x08,0x08,0x08,0x08,0x08,0x08,0xF8,0x0F,    // 147
    0x00,0x00,0xF8,0x0F,0x08,0x08,0x08,0x08,0x08,0x08,0xF8,0x0F,    // 148
    0x00,0x00,0xF8,0x0F,0x08,0x08,0x08,0x08,0x08,0x08,0xF8,0x0F,    // 149
    0x00,0x00,0xF8,0x0F,0x08,0x08,0x08,0x08,0x08,0x08,0xF8,0x0F,    // 150
    0x00,0x00,0xF8,0x0F,0x08,0x08,0x08,0x08,0x08,0x08,0xF8,0x0F,    // 151
    0x00,0x00,0xF8,0x0F,0x08,0x08,0x08,0x08,0x08,0x08,0xF8,0x0F,    // 152
    0x00,0x00,0xF8,0x0F,0x08,0x08,0x08,0x08,0x08,0x08,0xF8,0x0F,    // 153
    0x00,0x00,0xF8,0x0F,0x08,0x08,0x08,0x08,0x08,0x08,0xF8,0x0F,    // 154
    0x00,0x00,0xF8,0x0F,0x08,0x08,0x08,0x08,0x08,0x08,0xF8,0x0F,    // 155
    0x00,0x00,0xF8,0x0F,0x08,0x08,0x08,0x08,0x08,0x08,0xF8,0x0F,    // 156
    0x00,0x00,0xF8,0x0F,0x08,0x08,0x08,0x08,0x08,0x08,0xF8,0x0F,    // 157
    0x00,0x00,0xF8,0x0F,0x08,0x08,0x08,0x08,0x08,0x08,0xF8,0x0F,    // 158
    0x00,0x00,0xF8,0x0F,0x08,0x08,0x08,0x08,0x08,0x08,0xF8,0x0F,    // 159
    0x00,0x00,0x00,0x00,0x00,0x00,0xA0,0x0F,    // 161
    0x00,0x00,0xC0,0x01,0x20,0x02,0xF0,0x0F,0x20,0x02,    // 162
    0x00,0x00,0x40,0x02,0xF0,0x03,0x48,0x02,0x48,0x02,0x08,0x02,    // 163
    0x00,0x00,0x10,0x01,0xE0,0x00,0xA0,0x00,0xE0,0x00,0x10,0x01,    // 164
    0x00,0x00,0xA8,0x00,0xB0,0x00,0xC0,0x03,0xB0,0x00,0xA8,    // 165
    0x00,0x00,0x00,0x00,0x00,0x00,0x78,0x0F,    // 166
    0x00,0x00,0xD8,0x04,0xA8,0x04,0x68,0x05,0xC8,0x06,    // 167
    0x00,0x00,0x00,0x00,0x04,0x00,0x00,0x00,0x04,    // 168
    0xE0,0x00,0x18,0x03,0x68,0x02,0x98,0x02,0x98,0x03,0xE0,    // 169
    0x00,0x00,0x78,0x01,0x58,0x01,0x58,0x01,0x78,0x01,    // 170
    0x00,0x00,0xC0,0x00,0x20,0x01,0xC0,0x00,0x20,0x01,    // 171
    0x00,0x00,0x40,0x00,0x40,0x00,0x40,0x00,0x40,0x00,0xC0,    // 172
    0x00,0x00,0x00,0x00,0x80,0x00,0x80,0x00,0x80,    // 173
    0xE0,0x00,0x18,0x03,0xF8,0x02,0x78,0x02,0xB8,0x03,0xE0,    // 174
    0x00,0x00,0x00,0x00,0x08,0x00,0x08,0x00,0x08,    // 175
    0x00,0x00,0x38,0x00,0x28,0x00,0x38,    // 176
    0x00,0x00,0x40,0x02,0x40,0x02,0xF0,0x03,0x40,0x02,0x40,0x02,    // 177
    0x00,0x00,0x00,0x00,0x48,0x00,0x68,0x00,0x58,    // 178
    0x00,0x00,0x00,0x00,0x48,0x00,0x58,0x00,0x68,    // 179
    0x00,0x00,0x00,0x00,0x08,0x00,0x04,    // 180
    0x00,0x00,0xE0,0x0F,0x00,0x02,0x00,0x02,0x00,0x02,0xE0,0x03,    // 181
    0x00,0x00,0x30,0x00,0x78,0x00,0xF8,0x07,0x08,0x00,0xF8,0x07,    // 182
    0x00,0x00,0x00,0x00,0xC0,    // 183
    0x00,0x00,0x00,0x00,0x00,0x08,0x00,0x0C,    // 184
    0x00,0x00,0x00,0x00,0x48,0x00,0x78,0x00,0x40,    // 185
    0x00,0x00,0x30,0x01,0x48,0x01,0x48,0x01,0x30,0x01,    // 186
    0x00,0x00,0x20,0x01,0xC0,0x00,0x20,0x01,0xC0,    // 187
    0x80,0x00,0xA4,0x00,0xFC,0x06,0x60,0x06,0x40,0x0F,0x00,0x04,    // 188
    0x80,0x00,0xA4,0x00,0xFC,0x00,0x60,0x09,0x40,0x0D,0x00,0x0B,    // 189
    0x80,0x00,0xA4,0x00,0xEC,0x06,0x74,0x06,0x40,0x0F,0x00,0x04,    // 190
    0x00,0x00,0x00,0x0C,0x00,0x0A,0xA0,0x09,0x00,0x08,    // 191
    0x00,0x00,0x00,0x03,0xE1,0x00,0x9A,0x00,0xE0,0x00,0x00,0x03,    // 192
    0x00,0x00,0x00,0x03,0xE0,0x00,0x9A,0x00,0xE1,0x00,0x00,0x03,    // 193
    0x00,0x00,0x00,0x03,0xE2,0x00,0x99,0x00,0xE2,0x00,0x00,0x03,    // 194
    0x00,0x00,0x00,0x03,0xE3,0x00,0x9A,0x00,0xE1,0x00,0x00,0x03,    // 195
    0x00,0x00,0x00,0x03,0xE2,0x00,0x98,0x00,0xE2,0x00,0x00,0x03,    // 196
    0x00,0x00,0x00,0x03,0xE6,0x00,0x9A,0x00,0xE6,0x00,0x00,0x03,    // 197
    0x00,0x03,0xE0,0x00,0x98,0x00,0xF8,0x03,0x48,0x02,0x48,0x02,    // 198
    0x00,0x00,0xF0,0x01,0x18,0x0B,0x08,0x0E,0x08,0x02,0x18,0x03,    // 199
    0x00,0x00,0xF8,0x03,0x49,0x02,0x4A,0x02,0x48,0x02,0x48,0x02,    // 200
    0x00,0x00,0xF8,0x03,0x48,0x02,0x4A,0x02,0x49,0x02,0x48,0x02,    // 201
    0x00,0x00,0xF8,0x03,0x4A,0x02,0x49,0x02,0x4A,0x02,0x48,0x02,    // 202
    0x00,0x00,0xF8,0x03,0x4A,0x02,0x48,0x02,0x4A,0x02,0x48,0x02,    // 203
    0x00,0x00,0x08,0x02,0x09,0x02,0xFA,0x03,0x08,0x02,0x08,0x02,    // 204
    0x00,0x00,0x08,0x02,0x08,0x02,0xFA,0x03,0x09,0x02,0x08,0x02,    // 205
    0x00,0x00,0x08,0x02,0x0A,0x02,0xF9,0x03,0x0A,0x02,0x08,0x02,    // 206
    0x00,0x00,0x08,0x02,0x0A,0x02,0xF8,0x03,0x0A,0x02,0x08,0x02,    // 207
    0x40,0x00,0xF8,0x03,0x48,0x02,0x08,0x02,0x18,0x03,0xF0,0x01,    // 208
    0x00,0x00,0xF8,0x03,0x33,0x00,0x42,0x00,0x81,0x01,0xF8,0x03,    // 209
    0x00,0x00,0xF0,0x01,0x09,0x02,0x0A,0x02,0x08,0x02,0xF0,0x01,    // 210
    0x00,0x00,0xF0,0x01,0x08,0x02,0x0A,0x02,0x09,0x02,0xF0,0x01,    // 211
    0x00,0x00,0xF0,0x01,0x0A,0x02,0x09,0x02,0x0A,0x02,0xF0,0x01,    // 212
    0x00,0x00,0xF0,0x01,0x0B,0x02,0x0A,0x02,0x09,0x02,0xF0,0x01,    // 213
    0x00,0x00,0xF0,0x01,0x0A,0x02,0x08,0x02,0x0A,0x02,0xF0,0x01,    // 214
    0x00,0x00,0x20,0x02,0x40,0x01,0x80,0x00,0x40,0x01,0x20,0x02,    // 215
    0x00,0x02,0xF0,0x01,0x88,0x02,0x48,0x02,0x28,0x02,0xF8,0x01,    // 216
    0x00,0x00,0xF8,0x01,0x01,0x02,0x02,0x02,0x00,0x02,0xF8,0x01,    // 217
    0x00,0x00,0xF8,0x01,0x00,0x02,0x02,0x02,0x01,0x02,0xF8,0x01,    // 218
    0x00,0x00,0xF8,0x01,0x02,0x02,0x01,0x02,0x02,0x02,0xF8,0x01,    // 219
    0x00,0x00,0xF8,0x01,0x02,0x02,0x00,0x02,0x02,0x02,0xF8,0x01,    // 220
    0x00,0x00,0x08,0x00,0x30,0x00,0xC2,0x03,0x31,0x00,0x08,    // 221
    0x00,0x00,0xF8,0x03,0x90,0x00,0x90,0x00,0x90,0x00,0x60,    // 222
    0x00,0x00,0xF8,0x03,0x04,0x00,0x74,0x02,0x98,0x02,0x80,0x03,    // 223
    0x00,0x00,0x24,0x03,0xA8,0x02,0xA0,0x02,0xA0,0x02,0xC0,0x03,    // 224
    0x00,0x00,0x20,0x03,0xA8,0x02,0xA4,0x02,0xA0,0x02,0xC0,0x03,    // 225
    0x00,0x00,0x28,0x03,0xA4,0x02,0xA8,0x02,0xA0,0x02,0xC0,0x03,    // 226
    0x00,0x00,0x28,0x03,0xA4,0x02,0xA8,0x02,0xA4,0x02,0xC0,0x03,    // 227
    0x00,0x00,0x20,0x03,0xA4,0x02,0xA0,0x02,0xA4,0x02,0xC0,0x03,    // 228
    0x00,0x00,0x20,0x03,0xAE,0x02,0xAA,0x02,0xAE,0x02,0xC0,0x03,    // 229
    0x00,0x00,0xA0,0x03,0xA0,0x02,0xC0,0x01,0xA0,0x02,0xE0,0x02,    // 230
    0x00,0x00,0xC0,0x01,0x20,0x02,0x20,0x0A,0x20,0x0E,    // 231
    0x00,0x00,0xC4,0x01,0xA8,0x02,0xA0,0x02,0xA0,0x02,0xC0,0x02,    // 232
    0x00,0x00,0xC0,0x01,0xA8,0x02,0xA4,0x02,0xA0,0x02,0xC0,0x02,    // 233
    0x00,0x00,0xC8,0x01,0xA4,0x02,0xA8,0x02,0xA0,0x02,0xC0,0x02,    // 234
    0x00,0x00,0xC0,0x01,0xA4,0x02,0xA0,0x02,0xA4,0x02,0xC0,0x02,    // 235
    0x00,0x00,0x04,0x02,0x28,0x02,0xE0,0x03,0x00,0x02,0x00,0x02,    // 236
    0x00,0x00,0x00,0x02,0x28,0x02,0xE4,0x03,0x00,0x02,0x00,0x02,    // 237
    0x00,0x00,0x08,0x02,0x24,0x02,0xE8,0x03,0x00,0x02,0x00,0x02,    // 238
    0x00,0x00,0x00,0x02,0x24,0x02,0xE0,0x03,0x04,0x02,0x00,0x02,    // 239
    0x00,0x00,0xC0,0x01,0x2C,0x02,0x28,0x02,0x38,0x02,0xE0,0x01,    // 240
    0x00,0x00,0xE8,0x03,0x44,0x00,0x28,0x00,0x24,0x00,0xC0,0x03,    // 241
    0x00,0x00,0xC4,0x01,0x28,0x02,0x20,0x02,0x20,0x02,0xC0,0x01,    // 242
    0x00,0x00,0xC0,0x01,0x28,0x02,0x24,0x02,0x20,0x02,0xC0,0x01,    // 243
    0x00,0x00,0xC0,0x01,0x28,0x02,0x24,0x02,0x28,0x02,0xC0,0x01,    // 244
    0x00,0x00,0xC8,0x01,0x24,0x02,0x2C,0x02,0x28,0x02,0xC4,0x01,    // 245
    0x00,0x00,0xC0,0x01,0x24,0x02,0x20,0x02,0x24,0x02,0xC0,0x01,    // 246
    0x40,0x00,0x40,0x00,0x50,0x01,0x40,0x00,0x40,    // 247
    0x00,0x00,0xC0,0x03,0x20,0x03,0xA0,0x02,0x60,0x02,0xE0,0x01,    // 248
    0x00,0x00,0xE4,0x01,0x08,0x02,0x00,0x02,0x00,0x02,0xE0,0x03,    // 249
    0x00,0x00,0xE0,0x01,0x08,0x02,0x04,0x02,0x00,0x02,0xE0,0x03,    // 250
    0x00,0x00,0xE0,0x01,0x08,0x02,0x04,0x02,0x08,0x02,0xE0,0x03,    // 251
    0x00,0x00,0xE0,0x01,0x04,0x02,0x00,0x02,0x04,0x02,0xE0,0x03,    // 252
    0x00,0x00,0x20,0x08,0xC8,0x08,0x04,0x07,0xC0,0x00,0x20,    // 253
    0x00,0x00,0xFC,0x0F,0x20,0x02,0x20,0x02,0x20,0x02,0xC0,0x01,    // 254
    0x00,0x00,0x20,0x08,0xC4,0x08,0x00,0x07,0xC4,0x00,0x20    // 255
};

// Created by http://oleddisplay.squix.ch/ Consider a donation
// In case of problems make sure that you are using the font file with the correct version!
const char Dialog_plain_12[] = {
    0x0D, // Width: 13
    0x0F, // Height: 15
    0x20, // First Char: 32
    0xE0, // Numbers of Chars: 224

    // Jump Table:
    0xFF, 0xFF, 0x00, 0x04,  // 32:65535
    0x00, 0x00, 0x06, 0x05,  // 33:0
    0x00, 0x06, 0x07, 0x05,  // 34:6
    0x00, 0x0D, 0x11, 0x0A,  // 35:13
    0x00, 0x1E, 0x0E, 0x08,  // 36:30
    0x00, 0x2C, 0x14, 0x0B,  // 37:44
    0x00, 0x40, 0x12, 0x0A,  // 38:64
    0x00, 0x52, 0x03, 0x03,  // 39:82
    0x00, 0x55, 0x08, 0x05,  // 40:85
    0x00, 0x5D, 0x08, 0x05,  // 41:93
    0x00, 0x65, 0x0B, 0x06,  // 42:101
    0x00, 0x70, 0x10, 0x0A,  // 43:112
    0x00, 0x80, 0x04, 0x04,  // 44:128
    0x00, 0x84, 0x08, 0x04,  // 45:132
    0x00, 0x8C, 0x04, 0x04,  // 46:140
    0x00, 0x90, 0x07, 0x04,  // 47:144
    0x00, 0x97, 0x0E, 0x08,  // 48:151
    0x00, 0xA5, 0x0C, 0x08,  // 49:165
    0x00, 0xB1, 0x0E, 0x08,  // 50:177
    0x00, 0xBF, 0x0E, 0x08,  // 51:191
    0x00, 0xCD, 0x0E, 0x08,  // 52:205
    0x00, 0xDB, 0x0E, 0x08,  // 53:219
    0x00, 0xE9, 0x0E, 0x08,  // 54:233
    0x00, 0xF7, 0x0D, 0x08,  // 55:247
    0x01, 0x04, 0x0E, 0x08,  // 56:260
    0x01, 0x12, 0x0E, 0x08,  // 57:274
    0x01, 0x20, 0x04, 0x04,  // 58:288
    0x01, 0x24, 0x04, 0x04,  // 59:292
    0x01, 0x28, 0x12, 0x0A,  // 60:296
    0x01, 0x3A, 0x12, 0x0A,  // 61:314
    0x01, 0x4C, 0x12, 0x0A,  // 62:332
    0x01, 0x5E, 0x09, 0x06,  // 63:350
    0x01, 0x67, 0x18, 0x0D,  // 64:359
    0x01, 0x7F, 0x10, 0x08,  // 65:383
    0x01, 0x8F, 0x0E, 0x08,  // 66:399
    0x01, 0x9D, 0x0E, 0x08,  // 67:413
    0x01, 0xAB, 0x10, 0x09,  // 68:427
    0x01, 0xBB, 0x0E, 0x08,  // 69:443
    0x01, 0xC9, 0x0B, 0x07,  // 70:457
    0x01, 0xD4, 0x10, 0x09,  // 71:468
    0x01, 0xE4, 0x10, 0x09,  // 72:484
    0x01, 0xF4, 0x04, 0x03,  // 73:500
    0x01, 0xF8, 0x04, 0x03,  // 74:504
    0x01, 0xFC, 0x0E, 0x07,  // 75:508
    0x02, 0x0A, 0x0C, 0x06,  // 76:522
    0x02, 0x16, 0x12, 0x0A,  // 77:534
    0x02, 0x28, 0x10, 0x09,  // 78:552
    0x02, 0x38, 0x10, 0x09,  // 79:568
    0x02, 0x48, 0x0D, 0x08,  // 80:584
    0x02, 0x55, 0x10, 0x09,  // 81:597
    0x02, 0x65, 0x10, 0x08,  // 82:613
    0x02, 0x75, 0x0E, 0x08,  // 83:629
    0x02, 0x83, 0x0D, 0x07,  // 84:643
    0x02, 0x90, 0x10, 0x09,  // 85:656
    0x02, 0xA0, 0x0F, 0x08,  // 86:672
    0x02, 0xAF, 0x15, 0x0B,  // 87:687
    0x02, 0xC4, 0x0E, 0x07,  // 88:708
    0x02, 0xD2, 0x0D, 0x07,  // 89:722
    0x02, 0xDF, 0x10, 0x09,  // 90:735
    0x02, 0xEF, 0x08, 0x05,  // 91:751
    0x02, 0xF7, 0x08, 0x04,  // 92:759
    0x02, 0xFF, 0x06, 0x05,  // 93:767
    0x03, 0x05, 0x0F, 0x0A,  // 94:773
    0x03, 0x14, 0x0C, 0x06,  // 95:788
    0x03, 0x20, 0x07, 0x06,  // 96:800
    0x03, 0x27, 0x0E, 0x08,  // 97:807
    0x03, 0x35, 0x0E, 0x08,  // 98:821
    0x03, 0x43, 0x0C, 0x07,  // 99:835
    0x03, 0x4F, 0x0E, 0x08,  // 100:847
    0x03, 0x5D, 0x0E, 0x08,  // 101:861
    0x03, 0x6B, 0x07, 0x04,  // 102:875
    0x03, 0x72, 0x0E, 0x08,  // 103:882
    0x03, 0x80, 0x0E, 0x08,  // 104:896
    0x03, 0x8E, 0x04, 0x03,  // 105:910
    0x03, 0x92, 0x04, 0x03,  // 106:914
    0x03, 0x96, 0x0C, 0x07,  // 107:918
    0x03, 0xA2, 0x04, 0x03,  // 108:930
    0x03, 0xA6, 0x14, 0x0B,  // 109:934
    0x03, 0xBA, 0x0E, 0x08,  // 110:954
    0x03, 0xC8, 0x0E, 0x08,  // 111:968
    0x03, 0xD6, 0x0E, 0x08,  // 112:982
    0x03, 0xE4, 0x0E, 0x08,  // 113:996
    0x03, 0xF2, 0x09, 0x05,  // 114:1010
    0x03, 0xFB, 0x0C, 0x07,  // 115:1019
    0x04, 0x07, 0x08, 0x05,  // 116:1031
    0x04, 0x0F, 0x0E, 0x08,  // 117:1039
    0x04, 0x1D, 0x0B, 0x06,  // 118:1053
    0x04, 0x28, 0x11, 0x09,  // 119:1064
    0x04, 0x39, 0x0C, 0x06,  // 120:1081
    0x04, 0x45, 0x0B, 0x06,  // 121:1093
    0x04, 0x50, 0x0A, 0x05,  // 122:1104
    0x04, 0x5A, 0x0E, 0x08,  // 123:1114
    0x04, 0x68, 0x06, 0x04,  // 124:1128
    0x04, 0x6E, 0x0C, 0x08,  // 125:1134
    0x04, 0x7A, 0x11, 0x0A,  // 126:1146
    0x04, 0x8B, 0x0E, 0x07,  // 127:1163
    0x04, 0x99, 0x0E, 0x07,  // 128:1177
    0x04, 0xA7, 0x0E, 0x07,  // 129:1191
    0x04, 0xB5, 0x0E, 0x07,  // 130:1205
    0x04, 0xC3, 0x0E, 0x07,  // 131:1219
    0x04, 0xD1, 0x0E, 0x07,  // 132:1233
    0x04, 0xDF, 0x0E, 0x07,  // 133:1247
    0x04, 0xED, 0x0E, 0x07,  // 134:1261
    0x04, 0xFB, 0x0E, 0x07,  // 135:1275
    0x05, 0x09, 0x0E, 0x07,  // 136:1289
    0x05, 0x17, 0x0E, 0x07,  // 137:1303
    0x05, 0x25, 0x0E, 0x07,  // 138:1317
    0x05, 0x33, 0x0E, 0x07,  // 139:1331
    0x05, 0x41, 0x0E, 0x07,  // 140:1345
    0x05, 0x4F, 0x0E, 0x07,  // 141:1359
    0x05, 0x5D, 0x0E, 0x07,  // 142:1373
    0x05, 0x6B, 0x0E, 0x07,  // 143:1387
    0x05, 0x79, 0x0E, 0x07,  // 144:1401
    0x05, 0x87, 0x0E, 0x07,  // 145:1415
    0x05, 0x95, 0x0E, 0x07,  // 146:1429
    0x05, 0xA3, 0x0E, 0x07,  // 147:1443
    0x05, 0xB1, 0x0E, 0x07,  // 148:1457
    0x05, 0xBF, 0x0E, 0x07,  // 149:1471
    0x05, 0xCD, 0x0E, 0x07,  // 150:1485
    0x05, 0xDB, 0x0E, 0x07,  // 151:1499
    0x05, 0xE9, 0x0E, 0x07,  // 152:1513
    0x05, 0xF7, 0x0E, 0x07,  // 153:1527
    0x06, 0x05, 0x0E, 0x07,  // 154:1541
    0x06, 0x13, 0x0E, 0x07,  // 155:1555
    0x06, 0x21, 0x0E, 0x07,  // 156:1569
    0x06, 0x2F, 0x0E, 0x07,  // 157:1583
    0x06, 0x3D, 0x0E, 0x07,  // 158:1597
    0x06, 0x4B, 0x0E, 0x07,  // 159:1611
    0xFF, 0xFF, 0x00, 0x04,  // 160:65535
    0x06, 0x59, 0x06, 0x05,  // 161:1625
    0x06, 0x5F, 0x0C, 0x08,  // 162:1631
    0x06, 0x6B, 0x0E, 0x08,  // 163:1643
    0x06, 0x79, 0x0E, 0x08,  // 164:1657
    0x06, 0x87, 0x0F, 0x08,  // 165:1671
    0x06, 0x96, 0x06, 0x04,  // 166:1686
    0x06, 0x9C, 0x0A, 0x06,  // 167:1692
    0x06, 0xA6, 0x09, 0x06,  // 168:1702
    0x06, 0xAF, 0x16, 0x0C,  // 169:1711
    0x06, 0xC5, 0x0C, 0x06,  // 170:1733
    0x06, 0xD1, 0x0E, 0x07,  // 171:1745
    0x06, 0xDF, 0x12, 0x0A,  // 172:1759
    0x06, 0xF1, 0x08, 0x04,  // 173:1777
    0x06, 0xF9, 0x16, 0x0C,  // 174:1785
    0x07, 0x0F, 0x09, 0x06,  // 175:1807
    0x07, 0x18, 0x09, 0x06,  // 176:1816
    0x07, 0x21, 0x12, 0x0A,  // 177:1825
    0x07, 0x33, 0x07, 0x05,  // 178:1843
    0x07, 0x3A, 0x09, 0x05,  // 179:1850
    0x07, 0x43, 0x07, 0x06,  // 180:1859
    0x07, 0x4A, 0x10, 0x08,  // 181:1866
    0x07, 0x5A, 0x0C, 0x08,  // 182:1882
    0x07, 0x66, 0x04, 0x04,  // 183:1894
    0x07, 0x6A, 0x08, 0x06,  // 184:1898
    0x07, 0x72, 0x07, 0x05,  // 185:1906
    0x07, 0x79, 0x0C, 0x06,  // 186:1913
    0x07, 0x85, 0x0E, 0x07,  // 187:1925
    0x07, 0x93, 0x18, 0x0C,  // 188:1939
    0x07, 0xAB, 0x16, 0x0C,  // 189:1963
    0x07, 0xC1, 0x18, 0x0C,  // 190:1985
    0x07, 0xD9, 0x0C, 0x06,  // 191:2009
    0x07, 0xE5, 0x10, 0x08,  // 192:2021
    0x07, 0xF5, 0x10, 0x08,  // 193:2037
    0x08, 0x05, 0x10, 0x08,  // 194:2053
    0x08, 0x15, 0x10, 0x08,  // 195:2069
    0x08, 0x25, 0x10, 0x08,  // 196:2085
    0x08, 0x35, 0x10, 0x08,  // 197:2101
    0x08, 0x45, 0x16, 0x0C,  // 198:2117
    0x08, 0x5B, 0x0E, 0x08,  // 199:2139
    0x08, 0x69, 0x0E, 0x08,  // 200:2153
    0x08, 0x77, 0x0E, 0x08,  // 201:2167
    0x08, 0x85, 0x0E, 0x08,  // 202:2181
    0x08, 0x93, 0x0E, 0x08,  // 203:2195
    0x08, 0xA1, 0x05, 0x03,  // 204:2209
    0x08, 0xA6, 0x05, 0x03,  // 205:2214
    0x08, 0xAB, 0x05, 0x03,  // 206:2219
    0x08, 0xB0, 0x05, 0x03,  // 207:2224
    0x08, 0xB5, 0x10, 0x09,  // 208:2229
    0x08, 0xC5, 0x10, 0x09,  // 209:2245
    0x08, 0xD5, 0x10, 0x09,  // 210:2261
    0x08, 0xE5, 0x10, 0x09,  // 211:2277
    0x08, 0xF5, 0x10, 0x09,  // 212:2293
    0x09, 0x05, 0x10, 0x09,  // 213:2309
    0x09, 0x15, 0x10, 0x09,  // 214:2325
    0x09, 0x25, 0x12, 0x0A,  // 215:2341
    0x09, 0x37, 0x10, 0x09,  // 216:2359
    0x09, 0x47, 0x10, 0x09,  // 217:2375
    0x09, 0x57, 0x10, 0x09,  // 218:2391
    0x09, 0x67, 0x10, 0x09,  // 219:2407
    0x09, 0x77, 0x10, 0x09,  // 220:2423
    0x09, 0x87, 0x0D, 0x07,  // 221:2439
    0x09, 0x94, 0x0D, 0x08,  // 222:2452
    0x09, 0xA1, 0x0E, 0x08,  // 223:2465
    0x09, 0xAF, 0x0E, 0x08,  // 224:2479
    0x09, 0xBD, 0x0E, 0x08,  // 225:2493
    0x09, 0xCB, 0x0E, 0x08,  // 226:2507
    0x09, 0xD9, 0x0E, 0x08,  // 227:2521
    0x09, 0xE7, 0x0E, 0x08,  // 228:2535
    0x09, 0xF5, 0x0E, 0x08,  // 229:2549
    0x0A, 0x03, 0x16, 0x0C,  // 230:2563
    0x0A, 0x19, 0x0C, 0x07,  // 231:2585
    0x0A, 0x25, 0x0E, 0x08,  // 232:2597
    0x0A, 0x33, 0x0E, 0x08,  // 233:2611
    0x0A, 0x41, 0x0E, 0x08,  // 234:2625
    0x0A, 0x4F, 0x0E, 0x08,  // 235:2639
    0x0A, 0x5D, 0x05, 0x03,  // 236:2653
    0x0A, 0x62, 0x05, 0x03,  // 237:2658
    0x0A, 0x67, 0x05, 0x03,  // 238:2663
    0x0A, 0x6C, 0x05, 0x03,  // 239:2668
    0x0A, 0x71, 0x0E, 0x08,  // 240:2673
    0x0A, 0x7F, 0x0E, 0x08,  // 241:2687
    0x0A, 0x8D, 0x0E, 0x08,  // 242:2701
    0x0A, 0x9B, 0x0E, 0x08,  // 243:2715
    0x0A, 0xA9, 0x0E, 0x08,  // 244:2729
    0x0A, 0xB7, 0x0E, 0x08,  // 245:2743
    0x0A, 0xC5, 0x0E, 0x08,  // 246:2757
    0x0A, 0xD3, 0x10, 0x0A,  // 247:2771
    0x0A, 0xE3, 0x0E, 0x08,  // 248:2787
    0x0A, 0xF1, 0x0E, 0x08,  // 249:2801
    0x0A, 0xFF, 0x0E, 0x08,  // 250:2815
    0x0B, 0x0D, 0x0E, 0x08,  // 251:2829
    0x0B, 0x1B, 0x0E, 0x08,  // 252:2843
    0x0B, 0x29, 0x0B, 0x06,  // 253:2857
    0x0B, 0x34, 0x0E, 0x08,  // 254:2868
    0x0B, 0x42, 0x0B, 0x06,  // 255:2882

    // Font Data:
    0x00,0x00,0x00,0x00,0xF8,0x0D,    // 33
    0x00,0x00,0x38,0x00,0x00,0x00,0x38,    // 34
    0x00,0x00,0x00,0x02,0x40,0x0A,0xC0,0x07,0x70,0x02,0x40,0x0E,0xE0,0x03,0x50,0x02,0x40,    // 35
    0x00,0x00,0x00,0x00,0xE0,0x04,0x90,0x08,0xF8,0x3F,0x10,0x09,0x20,0x07,    // 36
    0x70,0x00,0x88,0x00,0x88,0x08,0x70,0x06,0x80,0x01,0xC0,0x00,0x30,0x07,0x88,0x08,0x80,0x08,0x00,0x07,    // 37
    0x00,0x00,0x00,0x07,0xF0,0x0C,0x48,0x08,0x88,0x08,0x10,0x09,0x00,0x06,0x00,0x0A,0x80,0x09,    // 38
    0x00,0x00,0x38,    // 39
    0x00,0x00,0xE0,0x03,0x1C,0x1C,0x04,0x10,    // 40
    0x00,0x00,0x04,0x10,0x1C,0x1C,0xE0,0x03,    // 41
    0x00,0x00,0x90,0x00,0x60,0x00,0xF8,0x01,0x60,0x00,0x90,    // 42
    0x00,0x00,0x00,0x01,0x00,0x01,0x00,0x01,0xE0,0x0F,0x00,0x01,0x00,0x01,0x00,0x01,    // 43
    0x00,0x00,0x00,0x1C,    // 44
    0x00,0x00,0x00,0x01,0x00,0x01,0x00,0x01,    // 45
    0x00,0x00,0x00,0x0C,    // 46
    0x00,0x18,0x00,0x07,0xE0,0x00,0x18,    // 47
    0x00,0x00,0xE0,0x03,0x18,0x0C,0x08,0x08,0x08,0x08,0x18,0x0C,0xE0,0x03,    // 48
    0x00,0x00,0x08,0x08,0x08,0x08,0xF8,0x0F,0x00,0x08,0x00,0x08,    // 49
    0x00,0x00,0x10,0x08,0x08,0x0C,0x08,0x0A,0x08,0x09,0x98,0x08,0x70,0x08,    // 50
    0x00,0x00,0x10,0x04,0x08,0x08,0x88,0x08,0x88,0x08,0x88,0x08,0x70,0x07,    // 51
    0x00,0x00,0x00,0x03,0xC0,0x02,0x20,0x02,0x18,0x02,0xF8,0x0F,0x00,0x02,    // 52
    0x00,0x00,0x78,0x04,0x48,0x08,0x48,0x08,0x48,0x08,0xC8,0x0C,0x80,0x07,    // 53
    0x00,0x00,0xE0,0x03,0x90,0x0C,0x48,0x08,0x48,0x08,0xC8,0x0C,0x90,0x07,    // 54
    0x00,0x00,0x08,0x00,0x08,0x08,0x08,0x06,0x88,0x01,0x68,0x00,0x18,    // 55
    0x00,0x00,0x70,0x07,0x88,0x08,0x88,0x08,0x88,0x08,0x88,0x08,0x70,0x07,    // 56
    0x00,0x00,0xF0,0x04,0x98,0x09,0x08,0x09,0x08,0x09,0x98,0x04,0xE0,0x03,    // 57
    0x00,0x00,0xC0,0x0C,    // 58
    0x00,0x00,0xC0,0x1C,    // 59
    0x00,0x00,0x80,0x01,0x80,0x01,0x80,0x01,0x40,0x02,0x40,0x02,0x40,0x02,0x60,0x06,0x20,0x04,    // 60
    0x00,0x00,0x80,0x02,0x80,0x02,0x80,0x02,0x80,0x02,0x80,0x02,0x80,0x02,0x80,0x02,0x80,0x02,    // 61
    0x00,0x00,0x20,0x04,0x60,0x06,0x40,0x02,0x40,0x02,0x40,0x02,0x80,0x01,0x80,0x01,0x80,0x01,    // 62
    0x10,0x00,0x08,0x00,0x88,0x0D,0x48,0x00,0x30,    // 63
    0x00,0x00,0xC0,0x07,0x20,0x08,0x10,0x10,0x88,0x23,0x48,0x24,0x48,0x24,0x48,0x24,0xC8,0x27,0x10,0x14,0x30,0x02,0xC0,0x01,    // 64
    0x00,0x08,0x00,0x07,0xE0,0x02,0x18,0x02,0x18,0x02,0xE0,0x02,0x00,0x07,0x00,0x08,    // 65
    0x00,0x00,0xF8,0x0F,0x88,0x08,0x88,0x08,0x88,0x08,0x88,0x08,0x70,0x07,    // 66
    0x00,0x00,0xE0,0x03,0x10,0x04,0x08,0x08,0x08,0x08,0x08,0x08,0x10,0x04,    // 67
    0x00,0x00,0xF8,0x0F,0x08,0x08,0x08,0x08,0x08,0x08,0x08,0x08,0x10,0x04,0xE0,0x03,    // 68
    0x00,0x00,0xF8,0x0F,0x88,0x08,0x88,0x08,0x88,0x08,0x88,0x08,0x88,0x08,    // 69
    0x00,0x00,0xF8,0x0F,0x88,0x00,0x88,0x00,0x88,0x00,0x88,    // 70
    0x00,0x00,0xE0,0x03,0x10,0x04,0x08,0x08,0x08,0x08,0x88,0x08,0x88,0x08,0x90,0x07,    // 71
    0x00,0x00,0xF8,0x0F,0x80,0x00,0x80,0x00,0x80,0x00,0x80,0x00,0x80,0x00,0xF8,0x0F,    // 72
    0x00,0x00,0xF8,0x0F,    // 73
    0x00,0x20,0xF8,0x1F,    // 74
    0x00,0x00,0xF8,0x0F,0x80,0x00,0x40,0x01,0x20,0x02,0x10,0x04,0x08,0x08,    // 75
    0x00,0x00,0xF8,0x0F,0x00,0x08,0x00,0x08,0x00,0x08,0x00,0x08,    // 76
    0x00,0x00,0xF8,0x0F,0x30,0x00,0xC0,0x00,0x00,0x03,0x00,0x03,0xC0,0x00,0x30,0x00,0xF8,0x0F,    // 77
    0x00,0x00,0xF8,0x0F,0x18,0x00,0x60,0x00,0x80,0x00,0x00,0x03,0x00,0x0C,0xF8,0x0F,    // 78
    0x00,0x00,0xE0,0x03,0x10,0x04,0x08,0x08,0x08,0x08,0x08,0x08,0x10,0x04,0xE0,0x03,    // 79
    0x00,0x00,0xF8,0x0F,0x88,0x00,0x88,0x00,0x88,0x00,0x88,0x00,0x70,    // 80
    0x00,0x00,0xE0,0x03,0x10,0x04,0x08,0x08,0x08,0x08,0x08,0x18,0x10,0x24,0xE0,0x03,    // 81
    0x00,0x00,0xF8,0x0F,0x88,0x00,0x88,0x00,0x88,0x00,0x88,0x01,0x70,0x06,0x00,0x08,    // 82
    0x00,0x00,0x70,0x04,0x88,0x08,0x88,0x08,0x88,0x08,0x88,0x08,0x10,0x07,    // 83
    0x08,0x00,0x08,0x00,0x08,0x00,0xF8,0x0F,0x08,0x00,0x08,0x00,0x08,    // 84
    0x00,0x00,0xF8,0x07,0x00,0x0C,0x00,0x08,0x00,0x08,0x00,0x08,0x00,0x0C,0xF8,0x07,    // 85
    0x18,0x00,0xE0,0x00,0x00,0x03,0x00,0x0C,0x00,0x0C,0x00,0x03,0xE0,0x00,0x18,    // 86
    0x08,0x00,0x70,0x00,0x80,0x03,0x00,0x0C,0xC0,0x03,0x38,0x00,0xC0,0x03,0x00,0x0C,0x80,0x03,0x70,0x00,0x08,    // 87
    0x08,0x08,0x18,0x04,0x60,0x03,0x80,0x00,0x60,0x03,0x18,0x04,0x08,0x08,    // 88
    0x08,0x00,0x30,0x00,0xC0,0x00,0x00,0x0F,0xC0,0x00,0x30,0x00,0x08,    // 89
    0x00,0x00,0x08,0x0C,0x08,0x0A,0x08,0x09,0x88,0x08,0x48,0x08,0x28,0x08,0x18,0x08,    // 90
    0x00,0x00,0x00,0x00,0xF8,0x3F,0x08,0x20,    // 91
    0x18,0x00,0xE0,0x00,0x00,0x07,0x00,0x18,    // 92
    0x00,0x00,0x08,0x20,0xF8,0x3F,    // 93
    0x00,0x00,0x00,0x00,0x20,0x00,0x10,0x00,0x08,0x00,0x08,0x00,0x10,0x00,0x20,    // 94
    0x00,0x40,0x00,0x40,0x00,0x40,0x00,0x40,0x00,0x40,0x00,0x40,    // 95
    0x00,0x00,0x00,0x00,0x04,0x00,0x08,    // 96
    0x00,0x00,0x40,0x06,0x20,0x09,0x20,0x09,0x20,0x09,0x20,0x05,0xC0,0x0F,    // 97
    0x00,0x00,0xFC,0x0F,0x60,0x0C,0x20,0x08,0x20,0x08,0x60,0x0C,0xC0,0x07,    // 98
    0x00,0x00,0xC0,0x07,0x60,0x0C,0x20,0x08,0x20,0x08,0x40,0x04,    // 99
    0x00,0x00,0xC0,0x07,0x60,0x0C,0x20,0x08,0x20,0x08,0x60,0x0C,0xFC,0x0F,    // 100
    0x00,0x00,0xC0,0x07,0x60,0x0D,0x20,0x09,0x20,0x09,0x60,0x09,0xC0,0x05,    // 101
    0x20,0x00,0xF8,0x0F,0x24,0x00,0x24,    // 102
    0x00,0x00,0xC0,0x07,0x60,0x2C,0x20,0x48,0x20,0x48,0x60,0x6C,0xE0,0x3F,    // 103
    0x00,0x00,0xFC,0x0F,0x40,0x00,0x20,0x00,0x20,0x00,0x20,0x00,0xC0,0x0F,    // 104
    0x00,0x00,0xE8,0x0F,    // 105
    0x00,0x40,0xE8,0x7F,    // 106
    0x00,0x00,0xFC,0x0F,0x00,0x01,0x80,0x02,0x40,0x04,0x20,0x08,    // 107
    0x00,0x00,0xFC,0x0F,    // 108
    0x00,0x00,0xE0,0x0F,0x20,0x00,0x20,0x00,0x20,0x00,0xC0,0x0F,0x20,0x00,0x20,0x00,0x20,0x00,0xC0,0x0F,    // 109
    0x00,0x00,0xE0,0x0F,0x40,0x00,0x20,0x00,0x20,0x00,0x20,0x00,0xC0,0x0F,    // 110
    0x00,0x00,0xC0,0x07,0x60,0x0C,0x20,0x08,0x20,0x08,0x60,0x0C,0xC0,0x07,    // 111
    0x00,0x00,0xE0,0x7F,0x60,0x0C,0x20,0x08,0x20,0x08,0x60,0x0C,0xC0,0x07,    // 112
    0x00,0x00,0xC0,0x07,0x60,0x0C,0x20,0x08,0x20,0x08,0x60,0x0C,0xE0,0x7F,    // 113
    0x00,0x00,0xE0,0x0F,0x40,0x00,0x20,0x00,0x20,    // 114
    0x00,0x00,0xC0,0x04,0x20,0x09,0x20,0x09,0x20,0x09,0x40,0x06,    // 115
    0x20,0x00,0xF8,0x0F,0x20,0x08,0x20,0x08,    // 116
    0x00,0x00,0xE0,0x07,0x00,0x08,0x00,0x08,0x00,0x08,0x00,0x04,0xE0,0x0F,    // 117
    0x60,0x00,0x80,0x03,0x00,0x0C,0x00,0x0C,0x80,0x03,0x60,    // 118
    0x60,0x00,0x80,0x03,0x00,0x0C,0x80,0x03,0x60,0x00,0x80,0x03,0x00,0x0C,0x80,0x03,0x60,    // 119
    0x20,0x08,0xC0,0x06,0x00,0x01,0x00,0x01,0xC0,0x06,0x20,0x08,    // 120
    0x60,0x40,0x80,0x41,0x00,0x26,0x00,0x1C,0x80,0x03,0x60,    // 121
    0x20,0x0C,0x20,0x0A,0x20,0x09,0xA0,0x08,0x60,0x08,    // 122
    0x00,0x00,0x00,0x00,0x00,0x01,0x00,0x01,0xF8,0x3E,0x08,0x20,0x08,0x20,    // 123
    0x00,0x00,0x00,0x00,0xF8,0x7F,    // 124
    0x00,0x00,0x08,0x20,0x08,0x20,0xF8,0x3E,0x00,0x01,0x00,0x01,    // 125
    0x00,0x00,0x00,0x01,0x80,0x00,0x80,0x00,0x80,0x00,0x00,0x01,0x00,0x01,0x00,0x01,0x80,    // 126
    0x00,0x00,0xF0,0x7F,0x10,0x40,0x10,0x40,0x10,0x40,0x10,0x40,0xF0,0x7F,    // 127
    0x00,0x00,0xF0,0x7F,0x10,0x40,0x10,0x40,0x10,0x40,0x10,0x40,0xF0,0x7F,    // 128
    0x00,0x00,0xF0,0x7F,0x10,0x40,0x10,0x40,0x10,0x40,0x10,0x40,0xF0,0x7F,    // 129
    0x00,0x00,0xF0,0x7F,0x10,0x40,0x10,0x40,0x10,0x40,0x10,0x40,0xF0,0x7F,    // 130
    0x00,0x00,0xF0,0x7F,0x10,0x40,0x10,0x40,0x10,0x40,0x10,0x40,0xF0,0x7F,    // 131
    0x00,0x00,0xF0,0x7F,0x10,0x40,0x10,0x40,0x10,0x40,0x10,0x40,0xF0,0x7F,    // 132
    0x00,0x00,0xF0,0x7F,0x10,0x40,0x10,0x40,0x10,0x40,0x10,0x40,0xF0,0x7F,    // 133
    0x00,0x00,0xF0,0x7F,0x10,0x40,0x10,0x40,0x10,0x40,0x10,0x40,0xF0,0x7F,    // 134
    0x00,0x00,0xF0,0x7F,0x10,0x40,0x10,0x40,0x10,0x40,0x10,0x40,0xF0,0x7F,    // 135
    0x00,0x00,0xF0,0x7F,0x10,0x40,0x10,0x40,0x10,0x40,0x10,0x40,0xF0,0x7F,    // 136
    0x00,0x00,0xF0,0x7F,0x10,0x40,0x10,0x40,0x10,0x40,0x10,0x40,0xF0,0x7F,    // 137
    0x00,0x00,0xF0,0x7F,0x10,0x40,0x10,0x40,0x10,0x40,0x10,0x40,0xF0,0x7F,    // 138
    0x00,0x00,0xF0,0x7F,0x10,0x40,0x10,0x40,0x10,0x40,0x10,0x40,0xF0,0x7F,    // 139
    0x00,0x00,0xF0,0x7F,0x10,0x40,0x10,0x40,0x10,0x40,0x10,0x40,0xF0,0x7F,    // 140
    0x00,0x00,0xF0,0x7F,0x10,0x40,0x10,0x40,0x10,0x40,0x10,0x40,0xF0,0x7F,    // 141
    0x00,0x00,0xF0,0x7F,0x10,0x40,0x10,0x40,0x10,0x40,0x10,0x40,0xF0,0x7F,    // 142
    0x00,0x00,0xF0,0x7F,0x10,0x40,0x10,0x40,0x10,0x40,0x10,0x40,0xF0,0x7F,    // 143
    0x00,0x00,0xF0,0x7F,0x10,0x40,0x10,0x40,0x10,0x40,0x10,0x40,0xF0,0x7F,    // 144
    0x00,0x00,0xF0,0x7F,0x10,0x40,0x10,0x40,0x10,0x40,0x10,0x40,0xF0,0x7F,    // 145
    0x00,0x00,0xF0,0x7F,0x10,0x40,0x10,0x40,0x10,0x40,0x10,0x40,0xF0,0x7F,    // 146
    0x00,0x00,0xF0,0x7F,0x10,0x40,0x10,0x40,0x10,0x40,0x10,0x40,0xF0,0x7F,    // 147
    0x00,0x00,0xF0,0x7F,0x10,0x40,0x10,0x40,0x10,0x40,0x10,0x40,0xF0,0x7F,    // 148
    0x00,0x00,0xF0,0x7F,0x10,0x40,0x10,0x40,0x10,0x40,0x10,0x40,0xF0,0x7F,    // 149
    0x00,0x00,0xF0,0x7F,0x10,0x40,0x10,0x40,0x10,0x40,0x10,0x40,0xF0,0x7F,    // 150
    0x00,0x00,0xF0,0x7F,0x10,0x40,0x10,0x40,0x10,0x40,0x10,0x40,0xF0,0x7F,    // 151
    0x00,0x00,0xF0,0x7F,0x10,0x40,0x10,0x40,0x10,0x40,0x10,0x40,0xF0,0x7F,    // 152
    0x00,0x00,0xF0,0x7F,0x10,0x40,0x10,0x40,0x10,0x40,0x10,0x40,0xF0,0x7F,    // 153
    0x00,0x00,0xF0,0x7F,0x10,0x40,0x10,0x40,0x10,0x40,0x10,0x40,0xF0,0x7F,    // 154
    0x00,0x00,0xF0,0x7F,0x10,0x40,0x10,0x40,0x10,0x40,0x10,0x40,0xF0,0x7F,    // 155
    0x00,0x00,0xF0,0x7F,0x10,0x40,0x10,0x40,0x10,0x40,0x10,0x40,0xF0,0x7F,    // 156
    0x00,0x00,0xF0,0x7F,0x10,0x40,0x10,0x40,0x10,0x40,0x10,0x40,0xF0,0x7F,    // 157
    0x00,0x00,0xF0,0x7F,0x10,0x40,0x10,0x40,0x10,0x40,0x10,0x40,0xF0,0x7F,    // 158
    0x00,0x00,0xF0,0x7F,0x10,0x40,0x10,0x40,0x10,0x40,0x10,0x40,0xF0,0x7F,    // 159
    0x00,0x00,0x00,0x00,0x60,0x3F,    // 161
    0x00,0x00,0xC0,0x07,0x20,0x08,0xF8,0x3F,0x20,0x08,0x40,0x04,    // 162
    0x00,0x00,0x00,0x00,0x80,0x08,0xF0,0x0F,0x88,0x08,0x88,0x08,0x10,0x08,    // 163
    0x20,0x08,0xC0,0x07,0x40,0x04,0x40,0x04,0x40,0x04,0xC0,0x07,0x20,0x08,    // 164
    0x00,0x00,0x08,0x00,0x50,0x01,0x60,0x01,0x80,0x0F,0x60,0x01,0x50,0x01,0x08,    // 165
    0x00,0x00,0x00,0x00,0xF0,0x3C,    // 166
    0xF0,0x11,0x28,0x13,0x48,0x12,0xC8,0x14,0x88,0x0F,    // 167
    0x00,0x00,0x00,0x00,0x08,0x00,0x00,0x00,0x08,    // 168
    0x00,0x00,0x00,0x00,0xE0,0x03,0x30,0x06,0xD8,0x0D,0x28,0x0A,0x28,0x0A,0x28,0x0A,0x38,0x0E,0x30,0x06,0xE0,0x03,    // 169
    0x00,0x00,0xC0,0x02,0xA8,0x02,0xA8,0x02,0xA8,0x02,0xF0,0x02,    // 170
    0x00,0x00,0x00,0x01,0x80,0x02,0xC0,0x06,0x00,0x01,0x80,0x02,0xC0,0x06,    // 171
    0x00,0x00,0x80,0x00,0x80,0x00,0x80,0x00,0x80,0x00,0x80,0x00,0x80,0x00,0x80,0x00,0x80,0x03,    // 172
    0x00,0x00,0x00,0x01,0x00,0x01,0x00,0x01,    // 173
    0x00,0x00,0x00,0x00,0xE0,0x03,0x30,0x06,0xF8,0x0F,0xA8,0x08,0xA8,0x08,0xA8,0x09,0x78,0x0E,0x30,0x06,0xE0,0x03,    // 174
    0x00,0x00,0x08,0x00,0x08,0x00,0x08,0x00,0x08,    // 175
    0x00,0x00,0x30,0x00,0x48,0x00,0x48,0x00,0x30,    // 176
    0x00,0x00,0x00,0x00,0x80,0x08,0x80,0x08,0x80,0x08,0xE0,0x0B,0x80,0x08,0x80,0x08,0x80,0x08,    // 177
    0x00,0x00,0x88,0x00,0xC8,0x00,0xB8,    // 178
    0x00,0x00,0x88,0x00,0xA8,0x00,0xA8,0x00,0xD8,    // 179
    0x00,0x00,0x00,0x00,0x08,0x00,0x04,    // 180
    0x00,0x00,0xE0,0x7F,0x00,0x08,0x00,0x08,0x00,0x08,0x00,0x08,0xE0,0x0F,0x00,0x08,    // 181
    0x00,0x00,0x70,0x00,0xF8,0x00,0xF8,0x1F,0x08,0x00,0xF8,0x1F,    // 182
    0x00,0x00,0x80,0x01,    // 183
    0x00,0x00,0x00,0x00,0x00,0x20,0x00,0x30,    // 184
    0x00,0x00,0x88,0x00,0xF8,0x00,0x80,    // 185
    0x00,0x00,0x70,0x02,0x88,0x02,0x88,0x02,0x88,0x02,0x70,0x02,    // 186
    0x00,0x00,0xC0,0x06,0x80,0x02,0x00,0x01,0xC0,0x06,0x80,0x02,0x00,0x01,    // 187
    0x00,0x00,0x88,0x00,0xF8,0x00,0x80,0x08,0x00,0x06,0x80,0x01,0xC0,0x00,0x30,0x00,0x08,0x06,0x00,0x05,0x80,0x0F,0x00,0x04,    // 188
    0x00,0x00,0x88,0x00,0xF8,0x00,0x80,0x08,0x00,0x06,0x80,0x01,0xC0,0x00,0x30,0x00,0x88,0x08,0x80,0x0C,0x80,0x0B,    // 189
    0x00,0x00,0x88,0x00,0xA8,0x00,0xA8,0x08,0xD8,0x06,0x80,0x01,0xC0,0x00,0x30,0x00,0x08,0x06,0x00,0x05,0x80,0x0F,0x00,0x04,    // 190
    0x00,0x00,0x00,0x38,0x00,0x4C,0x60,0x47,0x00,0x40,0x00,0x20,    // 191
    0x00,0x08,0x00,0x07,0xE0,0x02,0x19,0x02,0x1A,0x02,0xE0,0x02,0x00,0x07,0x00,0x08,    // 192
    0x00,0x08,0x00,0x07,0xE0,0x02,0x1A,0x02,0x19,0x02,0xE0,0x02,0x00,0x07,0x00,0x08,    // 193
    0x00,0x08,0x00,0x07,0xE2,0x02,0x19,0x02,0x19,0x02,0xE2,0x02,0x00,0x07,0x00,0x08,    // 194
    0x00,0x08,0x00,0x07,0xE3,0x02,0x19,0x02,0x1A,0x02,0xE3,0x02,0x00,0x07,0x00,0x08,    // 195
    0x00,0x08,0x00,0x07,0xE2,0x02,0x18,0x02,0x18,0x02,0xE2,0x02,0x00,0x07,0x00,0x08,    // 196
    0x00,0x08,0x00,0x07,0xE6,0x02,0x19,0x02,0x19,0x02,0xE6,0x02,0x00,0x07,0x00,0x08,    // 197
    0x00,0x08,0x00,0x07,0xC0,0x02,0x38,0x02,0x08,0x02,0xF8,0x0F,0x88,0x08,0x88,0x08,0x88,0x08,0x88,0x08,0x88,0x08,    // 198
    0x00,0x00,0xE0,0x03,0x10,0x04,0x08,0x08,0x08,0x28,0x08,0x38,0x10,0x04,    // 199
    0x00,0x00,0xF8,0x0F,0x88,0x08,0x89,0x08,0x8A,0x08,0x88,0x08,0x88,0x08,    // 200
    0x00,0x00,0xF8,0x0F,0x88,0x08,0x8A,0x08,0x89,0x08,0x88,0x08,0x88,0x08,    // 201
    0x00,0x00,0xF8,0x0F,0x8A,0x08,0x89,0x08,0x89,0x08,0x8A,0x08,0x88,0x08,    // 202
    0x00,0x00,0xF8,0x0F,0x8A,0x08,0x88,0x08,0x8A,0x08,0x88,0x08,0x88,0x08,    // 203
    0x00,0x00,0xF9,0x0F,0x02,    // 204
    0x00,0x00,0xFA,0x0F,0x01,    // 205
    0x03,0x00,0xF9,0x0F,0x03,    // 206
    0x02,0x00,0xF8,0x0F,0x02,    // 207
    0x80,0x00,0xF8,0x0F,0x88,0x08,0x88,0x08,0x08,0x08,0x08,0x08,0x10,0x04,0xE0,0x03,    // 208
    0x00,0x00,0xF8,0x0F,0x1B,0x00,0x61,0x00,0x83,0x00,0x02,0x03,0x03,0x0C,0xF8,0x0F,    // 209
    0x00,0x00,0xE0,0x03,0x10,0x04,0x08,0x08,0x09,0x08,0x0A,0x08,0x10,0x04,0xE0,0x03,    // 210
    0x00,0x00,0xE0,0x03,0x10,0x04,0x08,0x08,0x0A,0x08,0x09,0x08,0x10,0x04,0xE0,0x03,    // 211
    0x00,0x00,0xE0,0x03,0x10,0x04,0x0A,0x08,0x09,0x08,0x0A,0x08,0x10,0x04,0xE0,0x03,    // 212
    0x00,0x00,0xE0,0x03,0x13,0x04,0x09,0x08,0x0B,0x08,0x0A,0x08,0x13,0x04,0xE0,0x03,    // 213
    0x00,0x00,0xE0,0x03,0x10,0x04,0x0A,0x08,0x08,0x08,0x0A,0x08,0x10,0x04,0xE0,0x03,    // 214
    0x00,0x00,0x00,0x00,0x20,0x08,0x40,0x04,0x80,0x02,0x00,0x01,0x80,0x02,0x40,0x04,0x20,0x08,    // 215
    0x00,0x00,0xE0,0x0B,0x10,0x06,0x08,0x09,0x88,0x08,0x48,0x08,0x30,0x04,0xE8,0x03,    // 216
    0x00,0x00,0xF8,0x07,0x00,0x0C,0x01,0x08,0x02,0x08,0x00,0x08,0x00,0x0C,0xF8,0x07,    // 217
    0x00,0x00,0xF8,0x07,0x00,0x0C,0x02,0x08,0x01,0x08,0x00,0x08,0x00,0x0C,0xF8,0x07,    // 218
    0x00,0x00,0xF8,0x07,0x00,0x0C,0x02,0x08,0x01,0x08,0x02,0x08,0x00,0x0C,0xF8,0x07,    // 219
    0x00,0x00,0xF8,0x07,0x00,0x0C,0x02,0x08,0x00,0x08,0x02,0x08,0x00,0x0C,0xF8,0x07,    // 220
    0x08,0x00,0x30,0x00,0xC0,0x00,0x02,0x0F,0xC1,0x00,0x30,0x00,0x08,    // 221
    0x00,0x00,0xF8,0x0F,0x10,0x01,0x10,0x01,0x10,0x01,0x10,0x01,0xE0,    // 222
    0x00,0x00,0xF8,0x0F,0x04,0x00,0xE4,0x08,0xA4,0x08,0x18,0x09,0x00,0x06,    // 223
    0x00,0x00,0x40,0x06,0x20,0x09,0x24,0x09,0x28,0x09,0x20,0x05,0xC0,0x0F,    // 224
    0x00,0x00,0x40,0x06,0x20,0x09,0x28,0x09,0x24,0x09,0x20,0x05,0xC0,0x0F,    // 225
    0x00,0x00,0x40,0x06,0x28,0x09,0x24,0x09,0x24,0x09,0x28,0x05,0xC0,0x0F,    // 226
    0x00,0x00,0x40,0x06,0x2C,0x09,0x24,0x09,0x28,0x09,0x2C,0x05,0xC0,0x0F,    // 227
    0x00,0x00,0x40,0x06,0x28,0x09,0x20,0x09,0x20,0x09,0x28,0x05,0xC0,0x0F,    // 228
    0x00,0x00,0x40,0x06,0x26,0x09,0x29,0x09,0x29,0x09,0x26,0x05,0xC0,0x0F,    // 229
    0x00,0x00,0x40,0x06,0x20,0x09,0x20,0x09,0x20,0x0D,0xC0,0x07,0x60,0x0D,0x20,0x09,0x20,0x09,0x60,0x09,0xC0,0x05,    // 230
    0x00,0x00,0xC0,0x07,0x60,0x0C,0x20,0x28,0x20,0x38,0x40,0x04,    // 231
    0x00,0x00,0xC0,0x07,0x60,0x0D,0x24,0x09,0x28,0x09,0x60,0x09,0xC0,0x05,    // 232
    0x00,0x00,0xC0,0x07,0x60,0x0D,0x28,0x09,0x24,0x09,0x60,0x09,0xC0,0x05,    // 233
    0x00,0x00,0xC0,0x07,0x68,0x0D,0x24,0x09,0x24,0x09,0x68,0x09,0xC0,0x05,    // 234
    0x00,0x00,0xC0,0x07,0x60,0x0D,0x28,0x09,0x20,0x09,0x68,0x09,0xC0,0x05,    // 235
    0x00,0x00,0xE4,0x0F,0x08,    // 236
    0x00,0x00,0xE8,0x0F,0x04,    // 237
    0x0C,0x00,0xE4,0x0F,0x0C,    // 238
    0x08,0x00,0xE0,0x0F,0x08,    // 239
    0x00,0x00,0x80,0x07,0xD8,0x0C,0x50,0x08,0x70,0x08,0x48,0x0C,0x80,0x07,    // 240
    0x00,0x00,0xE0,0x0F,0x4C,0x00,0x24,0x00,0x2C,0x00,0x28,0x00,0xCC,0x0F,    // 241
    0x00,0x00,0xC0,0x07,0x60,0x0C,0x24,0x08,0x28,0x08,0x60,0x0C,0xC0,0x07,    // 242
    0x00,0x00,0xC0,0x07,0x60,0x0C,0x28,0x08,0x24,0x08,0x60,0x0C,0xC0,0x07,    // 243
    0x00,0x00,0xC0,0x07,0x68,0x0C,0x24,0x08,0x24,0x08,0x68,0x0C,0xC0,0x07,    // 244
    0x00,0x00,0xC0,0x07,0x6C,0x0C,0x24,0x08,0x28,0x08,0x6C,0x0C,0xC0,0x07,    // 245
    0x00,0x00,0xC0,0x07,0x68,0x0C,0x20,0x08,0x20,0x08,0x68,0x0C,0xC0,0x07,    // 246
    0x00,0x00,0x00,0x01,0x00,0x01,0x00,0x01,0x40,0x05,0x00,0x01,0x00,0x01,0x00,0x01,    // 247
    0x00,0x00,0xC0,0x0F,0x60,0x0C,0x20,0x0B,0xA0,0x08,0x60,0x0C,0xE0,0x07,    // 248
    0x00,0x00,0xE0,0x07,0x00,0x08,0x04,0x08,0x08,0x08,0x00,0x04,0xE0,0x0F,    // 249
    0x00,0x00,0xE0,0x07,0x00,0x08,0x08,0x08,0x04,0x08,0x00,0x04,0xE0,0x0F,    // 250
    0x00,0x00,0xE0,0x07,0x08,0x08,0x04,0x08,0x04,0x08,0x08,0x04,0xE0,0x0F,    // 251
    0x00,0x00,0xE0,0x07,0x08,0x08,0x00,0x08,0x00,0x08,0x08,0x04,0xE0,0x0F,    // 252
    0x60,0x40,0x80,0x41,0x00,0x26,0x08,0x1C,0x84,0x03,0x60,    // 253
    0x00,0x00,0xFC,0x7F,0x60,0x0C,0x20,0x08,0x20,0x08,0x60,0x0C,0xC0,0x07,    // 254
    0x60,0x40,0x88,0x41,0x00,0x26,0x00,0x1C,0x88,0x03,0x60    // 255
};

// Created by https://oleddisplay.squix.ch/ Consider a donation
// In case of problems make sure that you are using the font file with the correct version!
const char Dialog_bold_16[] = {
    0x12, // Width: 18
    0x13, // Height: 19
    0x20, // First Char: 32
    0xE0, // Numbers of Chars: 224

    // Jump Table:
    0xFF, 0xFF, 0x00, 0x06,  // 32:65535
    0x00, 0x00, 0x0B, 0x07,  // 33:0
    0x00, 0x0B, 0x13, 0x08,  // 34:11
    0x00, 0x1E, 0x22, 0x0D,  // 35:30
    0x00, 0x40, 0x1D, 0x0B,  // 36:64
    0x00, 0x5D, 0x2F, 0x10,  // 37:93
    0x00, 0x8C, 0x26, 0x0E,  // 38:140
    0x00, 0xB2, 0x07, 0x05,  // 39:178
    0x00, 0xB9, 0x0F, 0x07,  // 40:185
    0x00, 0xC8, 0x0E, 0x07,  // 41:200
    0x00, 0xD6, 0x17, 0x08,  // 42:214
    0x00, 0xED, 0x23, 0x0D,  // 43:237
    0x01, 0x10, 0x08, 0x06,  // 44:272
    0x01, 0x18, 0x11, 0x07,  // 45:280
    0x01, 0x29, 0x08, 0x06,  // 46:297
    0x01, 0x31, 0x10, 0x06,  // 47:305
    0x01, 0x41, 0x1D, 0x0B,  // 48:321
    0x01, 0x5E, 0x1D, 0x0B,  // 49:350
    0x01, 0x7B, 0x1A, 0x0B,  // 50:379
    0x01, 0x95, 0x1D, 0x0B,  // 51:405
    0x01, 0xB2, 0x20, 0x0B,  // 52:434
    0x01, 0xD2, 0x1D, 0x0B,  // 53:466
    0x01, 0xEF, 0x1D, 0x0B,  // 54:495
    0x02, 0x0C, 0x1C, 0x0B,  // 55:524
    0x02, 0x28, 0x1D, 0x0B,  // 56:552
    0x02, 0x45, 0x1D, 0x0B,  // 57:581
    0x02, 0x62, 0x08, 0x06,  // 58:610
    0x02, 0x6A, 0x08, 0x06,  // 59:618
    0x02, 0x72, 0x23, 0x0D,  // 60:626
    0x02, 0x95, 0x23, 0x0D,  // 61:661
    0x02, 0xB8, 0x23, 0x0D,  // 62:696
    0x02, 0xDB, 0x16, 0x09,  // 63:731
    0x02, 0xF1, 0x2C, 0x10,  // 64:753
    0x03, 0x1D, 0x23, 0x0C,  // 65:797
    0x03, 0x40, 0x20, 0x0C,  // 66:832
    0x03, 0x60, 0x20, 0x0C,  // 67:864
    0x03, 0x80, 0x23, 0x0D,  // 68:896
    0x03, 0xA3, 0x1A, 0x0A,  // 69:931
    0x03, 0xBD, 0x1A, 0x0A,  // 70:957
    0x03, 0xD7, 0x23, 0x0D,  // 71:983
    0x03, 0xFA, 0x20, 0x0C,  // 72:1018
    0x04, 0x1A, 0x0B, 0x06,  // 73:1050
    0x04, 0x25, 0x0B, 0x06,  // 74:1061
    0x04, 0x30, 0x20, 0x0B,  // 75:1072
    0x04, 0x50, 0x1A, 0x0A,  // 76:1104
    0x04, 0x6A, 0x29, 0x10,  // 77:1130
    0x04, 0x93, 0x20, 0x0D,  // 78:1171
    0x04, 0xB3, 0x26, 0x0E,  // 79:1203
    0x04, 0xD9, 0x20, 0x0C,  // 80:1241
    0x04, 0xF9, 0x26, 0x0E,  // 81:1273
    0x05, 0x1F, 0x20, 0x0C,  // 82:1311
    0x05, 0x3F, 0x1D, 0x0B,  // 83:1343
    0x05, 0x5C, 0x1C, 0x0B,  // 84:1372
    0x05, 0x78, 0x20, 0x0C,  // 85:1400
    0x05, 0x98, 0x22, 0x0C,  // 86:1432
    0x05, 0xBA, 0x31, 0x12,  // 87:1466
    0x05, 0xEB, 0x23, 0x0C,  // 88:1515
    0x06, 0x0E, 0x1C, 0x0C,  // 89:1550
    0x06, 0x2A, 0x20, 0x0C,  // 90:1578
    0x06, 0x4A, 0x0F, 0x07,  // 91:1610
    0x06, 0x59, 0x11, 0x06,  // 92:1625
    0x06, 0x6A, 0x0F, 0x07,  // 93:1642
    0x06, 0x79, 0x1F, 0x0D,  // 94:1657
    0x06, 0x98, 0x18, 0x08,  // 95:1688
    0x06, 0xB0, 0x0D, 0x08,  // 96:1712
    0x06, 0xBD, 0x1A, 0x0A,  // 97:1725
    0x06, 0xD7, 0x1D, 0x0B,  // 98:1751
    0x06, 0xF4, 0x1A, 0x0A,  // 99:1780
    0x07, 0x0E, 0x1D, 0x0B,  // 100:1806
    0x07, 0x2B, 0x1D, 0x0B,  // 101:1835
    0x07, 0x48, 0x13, 0x07,  // 102:1864
    0x07, 0x5B, 0x1D, 0x0B,  // 103:1883
    0x07, 0x78, 0x1D, 0x0B,  // 104:1912
    0x07, 0x95, 0x08, 0x04,  // 105:1941
    0x07, 0x9D, 0x09, 0x04,  // 106:1949
    0x07, 0xA6, 0x1D, 0x0B,  // 107:1958
    0x07, 0xC3, 0x08, 0x04,  // 108:1987
    0x07, 0xCB, 0x2C, 0x10,  // 109:1995
    0x07, 0xF7, 0x1D, 0x0B,  // 110:2039
    0x08, 0x14, 0x1D, 0x0B,  // 111:2068
    0x08, 0x31, 0x1D, 0x0B,  // 112:2097
    0x08, 0x4E, 0x1E, 0x0B,  // 113:2126
    0x08, 0x6C, 0x16, 0x08,  // 114:2156
    0x08, 0x82, 0x1A, 0x0A,  // 115:2178
    0x08, 0x9C, 0x14, 0x08,  // 116:2204
    0x08, 0xB0, 0x1D, 0x0B,  // 117:2224
    0x08, 0xCD, 0x1C, 0x0A,  // 118:2253
    0x08, 0xE9, 0x28, 0x0F,  // 119:2281
    0x09, 0x11, 0x1D, 0x0A,  // 120:2321
    0x09, 0x2E, 0x1C, 0x0A,  // 121:2350
    0x09, 0x4A, 0x1A, 0x09,  // 122:2378
    0x09, 0x64, 0x18, 0x0B,  // 123:2404
    0x09, 0x7C, 0x0C, 0x06,  // 124:2428
    0x09, 0x88, 0x17, 0x0B,  // 125:2440
    0x09, 0x9F, 0x23, 0x0D,  // 126:2463
    0x09, 0xC2, 0x1B, 0x0A,  // 127:2498
    0x09, 0xDD, 0x1B, 0x0A,  // 128:2525
    0x09, 0xF8, 0x1B, 0x0A,  // 129:2552
    0x0A, 0x13, 0x1B, 0x0A,  // 130:2579
    0x0A, 0x2E, 0x1B, 0x0A,  // 131:2606
    0x0A, 0x49, 0x1B, 0x0A,  // 132:2633
    0x0A, 0x64, 0x1B, 0x0A,  // 133:2660
    0x0A, 0x7F, 0x1B, 0x0A,  // 134:2687
    0x0A, 0x9A, 0x1B, 0x0A,  // 135:2714
    0x0A, 0xB5, 0x1B, 0x0A,  // 136:2741
    0x0A, 0xD0, 0x1B, 0x0A,  // 137:2768
    0x0A, 0xEB, 0x1B, 0x0A,  // 138:2795
    0x0B, 0x06, 0x1B, 0x0A,  // 139:2822
    0x0B, 0x21, 0x1B, 0x0A,  // 140:2849
    0x0B, 0x3C, 0x1B, 0x0A,  // 141:2876
    0x0B, 0x57, 0x1B, 0x0A,  // 142:2903
    0x0B, 0x72, 0x1B, 0x0A,  // 143:2930
    0x0B, 0x8D, 0x1B, 0x0A,  // 144:2957
    0x0B, 0xA8, 0x1B, 0x0A,  // 145:2984
    0x0B, 0xC3, 0x1B, 0x0A,  // 146:3011
    0x0B, 0xDE, 0x1B, 0x0A,  // 147:3038
    0x0B, 0xF9, 0x1B, 0x0A,  // 148:3065
    0x0C, 0x14, 0x1B, 0x0A,  // 149:3092
    0x0C, 0x2F, 0x1B, 0x0A,  // 150:3119
    0x0C, 0x4A, 0x1B, 0x0A,  // 151:3146
    0x0C, 0x65, 0x1B, 0x0A,  // 152:3173
    0x0C, 0x80, 0x1B, 0x0A,  // 153:3200
    0x0C, 0x9B, 0x1B, 0x0A,  // 154:3227
    0x0C, 0xB6, 0x1B, 0x0A,  // 155:3254
    0x0C, 0xD1, 0x1B, 0x0A,  // 156:3281
    0x0C, 0xEC, 0x1B, 0x0A,  // 157:3308
    0x0D, 0x07, 0x1B, 0x0A,  // 158:3335
    0x0D, 0x22, 0x1B, 0x0A,  // 159:3362
    0xFF, 0xFF, 0x00, 0x06,  // 160:65535
    0x0D, 0x3D, 0x0C, 0x07,  // 161:3389
    0x0D, 0x49, 0x17, 0x0B,  // 162:3401
    0x0D, 0x60, 0x1A, 0x0B,  // 163:3424
    0x0D, 0x7A, 0x1D, 0x0A,  // 164:3450
    0x0D, 0x97, 0x1D, 0x0B,  // 165:3479
    0x0D, 0xB4, 0x0C, 0x06,  // 166:3508
    0x0D, 0xC0, 0x17, 0x08,  // 167:3520
    0x0D, 0xD7, 0x13, 0x08,  // 168:3543
    0x0D, 0xEA, 0x29, 0x10,  // 169:3562
    0x0E, 0x13, 0x17, 0x09,  // 170:3603
    0x0E, 0x2A, 0x1A, 0x0A,  // 171:3626
    0x0E, 0x44, 0x23, 0x0D,  // 172:3652
    0x0E, 0x67, 0x11, 0x07,  // 173:3687
    0x0E, 0x78, 0x29, 0x10,  // 174:3704
    0x0E, 0xA1, 0x13, 0x08,  // 175:3745
    0x0E, 0xB4, 0x10, 0x08,  // 176:3764
    0x0E, 0xC4, 0x23, 0x0D,  // 177:3780
    0x0E, 0xE7, 0x11, 0x07,  // 178:3815
    0x0E, 0xF8, 0x11, 0x07,  // 179:3832
    0x0F, 0x09, 0x13, 0x08,  // 180:3849
    0x0F, 0x1C, 0x20, 0x0C,  // 181:3868
    0x0F, 0x3C, 0x1B, 0x0A,  // 182:3900
    0x0F, 0x57, 0x08, 0x06,  // 183:3927
    0x0F, 0x5F, 0x12, 0x08,  // 184:3935
    0x0F, 0x71, 0x14, 0x07,  // 185:3953
    0x0F, 0x85, 0x17, 0x09,  // 186:3973
    0x0F, 0x9C, 0x1D, 0x0A,  // 187:3996
    0x0F, 0xB9, 0x2C, 0x11,  // 188:4025
    0x0F, 0xE5, 0x2F, 0x11,  // 189:4069
    0x10, 0x14, 0x2C, 0x11,  // 190:4116
    0x10, 0x40, 0x18, 0x09,  // 191:4160
    0x10, 0x58, 0x23, 0x0C,  // 192:4184
    0x10, 0x7B, 0x23, 0x0C,  // 193:4219
    0x10, 0x9E, 0x23, 0x0C,  // 194:4254
    0x10, 0xC1, 0x23, 0x0C,  // 195:4289
    0x10, 0xE4, 0x23, 0x0C,  // 196:4324
    0x11, 0x07, 0x23, 0x0C,  // 197:4359
    0x11, 0x2A, 0x2F, 0x11,  // 198:4394
    0x11, 0x59, 0x20, 0x0C,  // 199:4441
    0x11, 0x79, 0x1A, 0x0A,  // 200:4473
    0x11, 0x93, 0x1A, 0x0A,  // 201:4499
    0x11, 0xAD, 0x1A, 0x0A,  // 202:4525
    0x11, 0xC7, 0x1A, 0x0A,  // 203:4551
    0x11, 0xE1, 0x0B, 0x06,  // 204:4577
    0x11, 0xEC, 0x0D, 0x06,  // 205:4588
    0x11, 0xF9, 0x10, 0x06,  // 206:4601
    0x12, 0x09, 0x10, 0x06,  // 207:4617
    0x12, 0x19, 0x23, 0x0D,  // 208:4633
    0x12, 0x3C, 0x20, 0x0D,  // 209:4668
    0x12, 0x5C, 0x26, 0x0E,  // 210:4700
    0x12, 0x82, 0x26, 0x0E,  // 211:4738
    0x12, 0xA8, 0x26, 0x0E,  // 212:4776
    0x12, 0xCE, 0x26, 0x0E,  // 213:4814
    0x12, 0xF4, 0x26, 0x0E,  // 214:4852
    0x13, 0x1A, 0x20, 0x0D,  // 215:4890
    0x13, 0x3A, 0x26, 0x0E,  // 216:4922
    0x13, 0x60, 0x20, 0x0C,  // 217:4960
    0x13, 0x80, 0x20, 0x0C,  // 218:4992
    0x13, 0xA0, 0x20, 0x0C,  // 219:5024
    0x13, 0xC0, 0x20, 0x0C,  // 220:5056
    0x13, 0xE0, 0x1C, 0x0C,  // 221:5088
    0x13, 0xFC, 0x20, 0x0C,  // 222:5116
    0x14, 0x1C, 0x1D, 0x0B,  // 223:5148
    0x14, 0x39, 0x1A, 0x0A,  // 224:5177
    0x14, 0x53, 0x1A, 0x0A,  // 225:5203
    0x14, 0x6D, 0x1A, 0x0A,  // 226:5229
    0x14, 0x87, 0x1A, 0x0A,  // 227:5255
    0x14, 0xA1, 0x1A, 0x0A,  // 228:5281
    0x14, 0xBB, 0x1A, 0x0A,  // 229:5307
    0x14, 0xD5, 0x32, 0x12,  // 230:5333
    0x15, 0x07, 0x1A, 0x0A,  // 231:5383
    0x15, 0x21, 0x1D, 0x0B,  // 232:5409
    0x15, 0x3E, 0x1D, 0x0B,  // 233:5438
    0x15, 0x5B, 0x1D, 0x0B,  // 234:5467
    0x15, 0x78, 0x1D, 0x0B,  // 235:5496
    0x15, 0x95, 0x08, 0x04,  // 236:5525
    0x15, 0x9D, 0x0A, 0x04,  // 237:5533
    0x15, 0xA7, 0x0A, 0x04,  // 238:5543
    0x15, 0xB1, 0x0A, 0x04,  // 239:5553
    0x15, 0xBB, 0x1D, 0x0B,  // 240:5563
    0x15, 0xD8, 0x1D, 0x0B,  // 241:5592
    0x15, 0xF5, 0x1D, 0x0B,  // 242:5621
    0x16, 0x12, 0x1D, 0x0B,  // 243:5650
    0x16, 0x2F, 0x1D, 0x0B,  // 244:5679
    0x16, 0x4C, 0x1D, 0x0B,  // 245:5708
    0x16, 0x69, 0x1D, 0x0B,  // 246:5737
    0x16, 0x86, 0x23, 0x0D,  // 247:5766
    0x16, 0xA9, 0x1D, 0x0B,  // 248:5801
    0x16, 0xC6, 0x1D, 0x0B,  // 249:5830
    0x16, 0xE3, 0x1D, 0x0B,  // 250:5859
    0x17, 0x00, 0x1D, 0x0B,  // 251:5888
    0x17, 0x1D, 0x1D, 0x0B,  // 252:5917
    0x17, 0x3A, 0x1C, 0x0A,  // 253:5946
    0x17, 0x56, 0x1D, 0x0B,  // 254:5974
    0x17, 0x73, 0x1C, 0x0A,  // 255:6003

    // Font Data:
    0x00,0x00,0x00,0x00,0x00,0x00,0xF8,0x77,0x00,0xF8,0x77,    // 33
    0x00,0x00,0x00,0x78,0x00,0x00,0x78,0x00,0x00,0x00,0x00,0x00,0x00,0x00,0x00,0x78,0x00,0x00,0x78,    // 34
    0x00,0x00,0x00,0x00,0x0C,0x00,0xC0,0x0C,0x00,0xC0,0x7C,0x00,0xC0,0x1F,0x00,0xF8,0x0D,0x00,0xD8,0x6C,0x00,0xC0,0x7E,0x00,0xE0,0x0F,0x00,0xF8,0x0C,0x00,0xC8,0x0C,0x00,0xC0,    // 35
    0x00,0x00,0x00,0x00,0x00,0x00,0x00,0x00,0x00,0xC0,0x33,0x00,0xE0,0x63,0x00,0x60,0x66,0x00,0xF8,0xFF,0x01,0x60,0x66,0x00,0xC0,0x7C,0x00,0x00,0x3C,    // 36
    0x00,0x00,0x00,0xF0,0x00,0x00,0xF8,0x01,0x00,0x08,0x01,0x00,0x08,0x61,0x00,0xF8,0x71,0x00,0xF0,0x3C,0x00,0x00,0x0E,0x00,0x80,0x07,0x00,0xC0,0x01,0x00,0xF0,0x3C,0x00,0x38,0x7E,0x00,0x18,0x42,0x00,0x00,0x42,0x00,0x00,0x7E,0x00,0x00,0x3C,    // 37
    0x00,0x00,0x00,0x00,0x1E,0x00,0x00,0x3F,0x00,0xF0,0x73,0x00,0xF8,0x61,0x00,0x98,0x63,0x00,0x18,0x63,0x00,0x18,0x76,0x00,0x18,0x7E,0x00,0x30,0x3C,0x00,0x00,0x7F,0x00,0x00,0x67,0x00,0x00,0x40,    // 38
    0x00,0x00,0x00,0x78,0x00,0x00,0x78,    // 39
    0x00,0x00,0x00,0xC0,0x3F,0x00,0xF0,0xFF,0x00,0x78,0xE0,0x01,0x08,0x00,0x01,    // 40
    0x00,0x00,0x00,0x08,0x00,0x01,0x78,0xE0,0x01,0xF0,0xFF,0x00,0xC0,0x3F,    // 41
    0x00,0x00,0x00,0x10,0x01,0x00,0xA0,0x00,0x00,0xE0,0x00,0x00,0xF8,0x03,0x00,0xE0,0x00,0x00,0xA0,0x00,0x00,0x10,0x01,    // 42
    0x00,0x00,0x00,0x00,0x00,0x00,0x00,0x06,0x00,0x00,0x06,0x00,0x00,0x06,0x00,0x00,0x06,0x00,0xE0,0x7F,0x00,0xE0,0x7F,0x00,0x00,0x06,0x00,0x00,0x06,0x00,0x00,0x06,0x00,0x00,0x06,    // 43
    0x00,0x00,0x01,0x00,0xF0,0x01,0x00,0xF0,    // 44
    0x00,0x00,0x00,0x00,0x06,0x00,0x00,0x06,0x00,0x00,0x06,0x00,0x00,0x06,0x00,0x00,0x06,    // 45
    0x00,0x00,0x00,0x00,0x70,0x00,0x00,0x70,    // 46
    0x00,0xC0,0x00,0x00,0xF8,0x00,0x00,0x3F,0x00,0xE0,0x07,0x00,0xF8,0x00,0x00,0x18,    // 47
    0x00,0x00,0x00,0xC0,0x0F,0x00,0xF0,0x3F,0x00,0x38,0x70,0x00,0x18,0x60,0x00,0x18,0x60,0x00,0x18,0x60,0x00,0x38,0x70,0x00,0xF0,0x3F,0x00,0xC0,0x0F,    // 48
    0x00,0x00,0x00,0x00,0x00,0x00,0x30,0x60,0x00,0x38,0x60,0x00,0x18,0x60,0x00,0xF8,0x7F,0x00,0xF8,0x7F,0x00,0x00,0x60,0x00,0x00,0x60,0x00,0x00,0x60,    // 49
    0x00,0x00,0x00,0x30,0x60,0x00,0x18,0x70,0x00,0x18,0x78,0x00,0x18,0x7C,0x00,0x18,0x6E,0x00,0x38,0x67,0x00,0xF0,0x63,0x00,0xE0,0x61,    // 50
    0x00,0x00,0x00,0x30,0x30,0x00,0x18,0x60,0x00,0x98,0x61,0x00,0x98,0x61,0x00,0x98,0x61,0x00,0x98,0x61,0x00,0x98,0x73,0x00,0xF0,0x3F,0x00,0x70,0x1E,    // 51
    0x00,0x00,0x00,0x00,0x1C,0x00,0x00,0x1F,0x00,0xC0,0x1B,0x00,0xE0,0x19,0x00,0x78,0x18,0x00,0x18,0x18,0x00,0xF8,0x7F,0x00,0xF8,0x7F,0x00,0x00,0x18,0x00,0x00,0x18,    // 52
    0x00,0x00,0x00,0xF8,0x33,0x00,0xF8,0x61,0x00,0x98,0x61,0x00,0x98,0x61,0x00,0x98,0x61,0x00,0x98,0x61,0x00,0x98,0x73,0x00,0x18,0x3F,0x00,0x00,0x1E,    // 53
    0x00,0x00,0x00,0xC0,0x0F,0x00,0xF0,0x3F,0x00,0xB0,0x73,0x00,0x98,0x61,0x00,0x98,0x61,0x00,0x98,0x61,0x00,0x98,0x73,0x00,0x30,0x3F,0x00,0x00,0x1E,    // 54
    0x00,0x00,0x00,0x18,0x00,0x00,0x18,0x00,0x00,0x18,0x40,0x00,0x18,0x70,0x00,0x18,0x7C,0x00,0x18,0x0F,0x00,0xF8,0x03,0x00,0xF8,0x00,0x00,0x38,    // 55
    0x00,0x00,0x00,0x70,0x1E,0x00,0xF8,0x3F,0x00,0x98,0x73,0x00,0x98,0x61,0x00,0x98,0x61,0x00,0x98,0x61,0x00,0x98,0x73,0x00,0xF8,0x3F,0x00,0x70,0x1E,    // 56
    0x00,0x00,0x00,0xE0,0x01,0x00,0xF0,0x33,0x00,0x38,0x67,0x00,0x18,0x66,0x00,0x18,0x66,0x00,0x18,0x66,0x00,0x38,0x37,0x00,0xF0,0x3F,0x00,0xC0,0x0F,    // 57
    0x00,0x00,0x00,0xC0,0x71,0x00,0xC0,0x71,    // 58
    0x00,0x00,0x01,0xC0,0xF1,0x01,0xC0,0xF1,    // 59
    0x00,0x00,0x00,0x00,0x00,0x00,0x00,0x07,0x00,0x00,0x07,0x00,0x00,0x05,0x00,0x80,0x0D,0x00,0x80,0x0D,0x00,0x80,0x08,0x00,0xC0,0x18,0x00,0xC0,0x18,0x00,0x40,0x10,0x00,0x60,0x30,    // 60
    0x00,0x00,0x00,0x00,0x00,0x00,0x80,0x19,0x00,0x80,0x19,0x00,0x80,0x19,0x00,0x80,0x19,0x00,0x80,0x19,0x00,0x80,0x19,0x00,0x80,0x19,0x00,0x80,0x19,0x00,0x80,0x19,0x00,0x80,0x19,    // 61
    0x00,0x00,0x00,0x00,0x00,0x00,0x60,0x30,0x00,0x40,0x10,0x00,0xC0,0x18,0x00,0xC0,0x18,0x00,0x80,0x08,0x00,0x80,0x0D,0x00,0x80,0x0D,0x00,0x00,0x05,0x00,0x00,0x07,0x00,0x00,0x07,    // 62
    0x00,0x00,0x00,0x30,0x00,0x00,0x18,0x00,0x00,0x18,0x76,0x00,0x18,0x77,0x00,0x98,0x03,0x00,0xF8,0x01,0x00,0xF0,    // 63
    0x00,0x00,0x00,0x80,0x1F,0x00,0xC0,0x30,0x00,0x20,0x40,0x00,0x10,0x8F,0x00,0x98,0x9F,0x00,0xC8,0x30,0x01,0x48,0x20,0x01,0x48,0x20,0x01,0xC8,0x30,0x01,0xC8,0x3F,0x01,0xD0,0xBF,0x01,0x30,0xA0,0x00,0x60,0x10,0x00,0x80,0x0F,    // 64
    0x00,0x40,0x00,0x00,0x78,0x00,0x00,0x3F,0x00,0xC0,0x0F,0x00,0xF8,0x0D,0x00,0x38,0x0C,0x00,0x38,0x0C,0x00,0xF8,0x0D,0x00,0xC0,0x0F,0x00,0x00,0x3F,0x00,0x00,0x78,0x00,0x00,0x40,    // 65
    0x00,0x00,0x00,0xF8,0x7F,0x00,0xF8,0x7F,0x00,0x18,0x63,0x00,0x18,0x63,0x00,0x18,0x63,0x00,0x18,0x63,0x00,0x18,0x63,0x00,0xB8,0x63,0x00,0xF0,0x3F,0x00,0xF0,0x3C,    // 66
    0x00,0x00,0x00,0xC0,0x0F,0x00,0xE0,0x1F,0x00,0x70,0x38,0x00,0x38,0x70,0x00,0x18,0x60,0x00,0x18,0x60,0x00,0x18,0x60,0x00,0x18,0x60,0x00,0x18,0x60,0x00,0x30,0x30,    // 67
    0x00,0x00,0x00,0xF8,0x7F,0x00,0xF8,0x7F,0x00,0x18,0x60,0x00,0x18,0x60,0x00,0x18,0x60,0x00,0x18,0x60,0x00,0x18,0x60,0x00,0x30,0x30,0x00,0x70,0x38,0x00,0xE0,0x1F,0x00,0xC0,0x0F,    // 68
    0x00,0x00,0x00,0xF8,0x7F,0x00,0xF8,0x7F,0x00,0x18,0x63,0x00,0x18,0x63,0x00,0x18,0x63,0x00,0x18,0x63,0x00,0x18,0x63,0x00,0x18,0x63,    // 69
    0x00,0x00,0x00,0xF8,0x7F,0x00,0xF8,0x7F,0x00,0x18,0x03,0x00,0x18,0x03,0x00,0x18,0x03,0x00,0x18,0x03,0x00,0x18,0x03,0x00,0x18,0x03,    // 70
    0x00,0x00,0x00,0xC0,0x0F,0x00,0xE0,0x1F,0x00,0x70,0x38,0x00,0x38,0x70,0x00,0x18,0x60,0x00,0x18,0x60,0x00,0x18,0x60,0x00,0x18,0x66,0x00,0x18,0x66,0x00,0x30,0x7E,0x00,0x00,0x3E,    // 71
    0x00,0x00,0x00,0xF8,0x7F,0x00,0xF8,0x7F,0x00,0x00,0x03,0x00,0x00,0x03,0x00,0x00,0x03,0x00,0x00,0x03,0x00,0x00,0x03,0x00,0x00,0x03,0x00,0xF8,0x7F,0x00,0xF8,0x7F,    // 72
    0x00,0x00,0x00,0x00,0x00,0x00,0xF8,0x7F,0x00,0xF8,0x7F,    // 73
    0x00,0x00,0x03,0x00,0x00,0x03,0xF8,0xFF,0x03,0xF8,0xFF,    // 74
    0x00,0x00,0x00,0xF8,0x7F,0x00,0xF8,0x7F,0x00,0x00,0x01,0x00,0x80,0x03,0x00,0xC0,0x06,0x00,0x60,0x0C,0x00,0x30,0x18,0x00,0x18,0x30,0x00,0x08,0x60,0x00,0x00,0x40,    // 75
    0x00,0x00,0x00,0xF8,0x7F,0x00,0xF8,0x7F,0x00,0x00,0x60,0x00,0x00,0x60,0x00,0x00,0x60,0x00,0x00,0x60,0x00,0x00,0x60,0x00,0x00,0x60,    // 76
    0x00,0x00,0x00,0xF8,0x7F,0x00,0xF8,0x7F,0x00,0x78,0x00,0x00,0xE0,0x01,0x00,0x80,0x07,0x00,0x00,0x1E,0x00,0x00,0x18,0x00,0x00,0x1E,0x00,0x80,0x07,0x00,0xE0,0x01,0x00,0x78,0x00,0x00,0xF8,0x7F,0x00,0xF8,0x7F,    // 77
    0x00,0x00,0x00,0xF8,0x7F,0x00,0xF8,0x7F,0x00,0x78,0x00,0x00,0xF0,0x00,0x00,0xC0,0x03,0x00,0x00,0x0F,0x00,0x00,0x3C,0x00,0x00,0x78,0x00,0xF8,0x7F,0x00,0xF8,0x7F,    // 78
    0x00,0x00,0x00,0xC0,0x0F,0x00,0xE0,0x1F,0x00,0x70,0x38,0x00,0x38,0x70,0x00,0x18,0x60,0x00,0x18,0x60,0x00,0x18,0x60,0x00,0x18,0x60,0x00,0x38,0x70,0x00,0x70,0x38,0x00,0xE0,0x1F,0x00,0xC0,0x0F,    // 79
    0x00,0x00,0x00,0xF8,0x7F,0x00,0xF8,0x7F,0x00,0x18,0x06,0x00,0x18,0x06,0x00,0x18,0x06,0x00,0x18,0x06,0x00,0x18,0x06,0x00,0x38,0x07,0x00,0xF0,0x03,0x00,0xE0,0x01,    // 80
    0x00,0x00,0x00,0xC0,0x0F,0x00,0xE0,0x1F,0x00,0x70,0x38,0x00,0x38,0x70,0x00,0x18,0x60,0x00,0x18,0x60,0x00,0x18,0x60,0x00,0x18,0xE0,0x00,0x38,0xF0,0x01,0x70,0xB8,0x01,0xE0,0x1F,0x01,0xC0,0x0F,    // 81
    0x00,0x00,0x00,0xF8,0x7F,0x00,0xF8,0x7F,0x00,0x18,0x03,0x00,0x18,0x03,0x00,0x18,0x03,0x00,0x18,0x03,0x00,0x18,0x07,0x00,0xF8,0x3F,0x00,0xF0,0x7C,0x00,0x00,0x60,    // 82
    0x00,0x00,0x00,0xE0,0x30,0x00,0xF0,0x61,0x00,0x98,0x61,0x00,0x98,0x63,0x00,0x18,0x63,0x00,0x18,0x67,0x00,0x18,0x66,0x00,0x38,0x3E,0x00,0x00,0x1C,    // 83
    0x18,0x00,0x00,0x18,0x00,0x00,0x18,0x00,0x00,0x18,0x00,0x00,0xF8,0x7F,0x00,0xF8,0x7F,0x00,0x18,0x00,0x00,0x18,0x00,0x00,0x18,0x00,0x00,0x18,    // 84
    0x00,0x00,0x00,0xF8,0x1F,0x00,0xF8,0x3F,0x00,0x00,0x70,0x00,0x00,0x60,0x00,0x00,0x60,0x00,0x00,0x60,0x00,0x00,0x60,0x00,0x00,0x70,0x00,0xF8,0x3F,0x00,0xF8,0x1F,    // 85
    0x08,0x00,0x00,0x78,0x00,0x00,0xF0,0x03,0x00,0x80,0x1F,0x00,0x00,0x7C,0x00,0x00,0x60,0x00,0x00,0x60,0x00,0x00,0x7C,0x00,0x80,0x1F,0x00,0xF0,0x03,0x00,0x78,0x00,0x00,0x08,    // 86
    0x18,0x00,0x00,0xF8,0x01,0x00,0xE0,0x1F,0x00,0x00,0x7E,0x00,0x00,0x60,0x00,0x00,0x7E,0x00,0xE0,0x1F,0x00,0xF8,0x01,0x00,0x38,0x00,0x00,0xF8,0x01,0x00,0xE0,0x1F,0x00,0x00,0x7E,0x00,0x00,0x60,0x00,0x00,0x7E,0x00,0xE0,0x1F,0x00,0xF8,0x01,0x00,0x18,    // 87
    0x08,0x40,0x00,0x18,0x60,0x00,0x78,0x78,0x00,0xE0,0x1C,0x00,0xC0,0x0F,0x00,0x80,0x03,0x00,0x80,0x03,0x00,0xC0,0x0F,0x00,0xE0,0x1C,0x00,0x78,0x78,0x00,0x18,0x60,0x00,0x08,0x40,    // 88
    0x08,0x00,0x00,0x38,0x00,0x00,0x78,0x00,0x00,0xE0,0x01,0x00,0x80,0x7F,0x00,0x80,0x7F,0x00,0xE0,0x01,0x00,0x78,0x00,0x00,0x38,0x00,0x00,0x08,    // 89
    0x00,0x00,0x00,0x18,0x60,0x00,0x18,0x78,0x00,0x18,0x7C,0x00,0x18,0x6E,0x00,0x18,0x67,0x00,0x98,0x63,0x00,0xD8,0x61,0x00,0xF8,0x60,0x00,0x78,0x60,0x00,0x18,0x60,    // 90
    0x00,0x00,0x00,0xF8,0xFF,0x01,0xF8,0xFF,0x01,0x18,0x80,0x01,0x18,0x80,0x01,    // 91
    0x18,0x00,0x00,0xF8,0x00,0x00,0xE0,0x07,0x00,0x00,0x3F,0x00,0x00,0xF8,0x00,0x00,0xC0,    // 92
    0x00,0x00,0x00,0x18,0x80,0x01,0x18,0x80,0x01,0xF8,0xFF,0x01,0xF8,0xFF,0x01,    // 93
    0x00,0x00,0x00,0x00,0x00,0x00,0x00,0x00,0x00,0x40,0x00,0x00,0x60,0x00,0x00,0x30,0x00,0x00,0x18,0x00,0x00,0x18,0x00,0x00,0x30,0x00,0x00,0x60,0x00,0x00,0x40,    // 94
    0x00,0x00,0x04,0x00,0x00,0x04,0x00,0x00,0x04,0x00,0x00,0x04,0x00,0x00,0x04,0x00,0x00,0x04,0x00,0x00,0x04,0x00,0x00,0x04,    // 95
    0x00,0x00,0x00,0x04,0x00,0x00,0x0C,0x00,0x00,0x18,0x00,0x00,0x10,    // 96
    0x00,0x00,0x00,0x00,0x3C,0x00,0x80,0x7E,0x00,0xC0,0x66,0x00,0xC0,0x66,0x00,0xC0,0x66,0x00,0xC0,0x36,0x00,0xC0,0x7F,0x00,0x80,0x7F,    // 97
    0x00,0x00,0x00,0xF8,0x7F,0x00,0xF8,0x7F,0x00,0x80,0x31,0x00,0xC0,0x60,0x00,0xC0,0x60,0x00,0xC0,0x60,0x00,0xC0,0x71,0x00,0x80,0x3F,0x00,0x00,0x1F,    // 98
    0x00,0x00,0x00,0x00,0x1F,0x00,0x80,0x3F,0x00,0xC0,0x71,0x00,0xC0,0x60,0x00,0xC0,0x60,0x00,0xC0,0x60,0x00,0xC0,0x60,0x00,0x80,0x31,    // 99
    0x00,0x00,0x00,0x00,0x1F,0x00,0x80,0x3F,0x00,0xC0,0x71,0x00,0xC0,0x60,0x00,0xC0,0x60,0x00,0xC0,0x60,0x00,0x80,0x31,0x00,0xF8,0x7F,0x00,0xF8,0x7F,    // 100
    0x00,0x00,0x00,0x00,0x1F,0x00,0x80,0x3F,0x00,0xC0,0x76,0x00,0xC0,0x66,0x00,0xC0,0x66,0x00,0xC0,0x66,0x00,0xC0,0x66,0x00,0x80,0x67,0x00,0x00,0x37,    // 101
    0x00,0x00,0x00,0xC0,0x00,0x00,0xF0,0x7F,0x00,0xF8,0x7F,0x00,0xD8,0x00,0x00,0xD8,0x00,0x00,0x18,    // 102
    0x00,0x00,0x00,0x00,0x1F,0x00,0x80,0xBF,0x01,0xC0,0x71,0x03,0xC0,0x60,0x03,0xC0,0x60,0x03,0xC0,0x60,0x03,0x80,0xB1,0x03,0xC0,0xFF,0x01,0xC0,0xFF,    // 103
    0x00,0x00,0x00,0xF8,0x7F,0x00,0xF8,0x7F,0x00,0x80,0x01,0x00,0xC0,0x00,0x00,0xC0,0x00,0x00,0xC0,0x00,0x00,0xC0,0x00,0x00,0xC0,0x7F,0x00,0x80,0x7F,    // 104
    0x00,0x00,0x00,0xD8,0x7F,0x00,0xD8,0x7F,    // 105
    0x00,0x00,0x03,0xD8,0xFF,0x03,0xD8,0xFF,0x01,    // 106
    0x00,0x00,0x00,0xF8,0x7F,0x00,0xF8,0x7F,0x00,0x00,0x04,0x00,0x00,0x0E,0x00,0x00,0x1F,0x00,0x80,0x3B,0x00,0xC0,0x71,0x00,0xC0,0x60,0x00,0x40,0x40,    // 107
    0x00,0x00,0x00,0xF8,0x7F,0x00,0xF8,0x7F,    // 108
    0x00,0x00,0x00,0xC0,0x7F,0x00,0xC0,0x7F,0x00,0x80,0x01,0x00,0xC0,0x00,0x00,0xC0,0x00,0x00,0xC0,0x00,0x00,0xC0,0x7F,0x00,0x80,0x7F,0x00,0x80,0x01,0x00,0xC0,0x00,0x00,0xC0,0x00,0x00,0xC0,0x00,0x00,0xC0,0x7F,0x00,0x80,0x7F,    // 109
    0x00,0x00,0x00,0xC0,0x7F,0x00,0xC0,0x7F,0x00,0x80,0x01,0x00,0xC0,0x00,0x00,0xC0,0x00,0x00,0xC0,0x00,0x00,0xC0,0x00,0x00,0xC0,0x7F,0x00,0x80,0x7F,    // 110
    0x00,0x00,0x00,0x00,0x1F,0x00,0x80,0x3F,0x00,0xC0,0x71,0x00,0xC0,0x60,0x00,0xC0,0x60,0x00,0xC0,0x60,0x00,0xC0,0x71,0x00,0x80,0x3F,0x00,0x00,0x1F,    // 111
    0x00,0x00,0x00,0xC0,0xFF,0x03,0xC0,0xFF,0x03,0x80,0x31,0x00,0xC0,0x60,0x00,0xC0,0x60,0x00,0xC0,0x60,0x00,0xC0,0x71,0x00,0x80,0x3F,0x00,0x00,0x1F,    // 112
    0x00,0x00,0x00,0x00,0x1F,0x00,0x80,0x3F,0x00,0xC0,0x71,0x00,0xC0,0x60,0x00,0xC0,0x60,0x00,0xC0,0x60,0x00,0x80,0x31,0x00,0xC0,0xFF,0x03,0xC0,0xFF,0x03,    // 113
    0x00,0x00,0x00,0xC0,0x7F,0x00,0xC0,0x7F,0x00,0x80,0x01,0x00,0x80,0x00,0x00,0xC0,0x00,0x00,0xC0,0x00,0x00,0xC0,    // 114
    0x00,0x00,0x00,0x80,0x33,0x00,0xC0,0x67,0x00,0xC0,0x66,0x00,0xC0,0x66,0x00,0xC0,0x66,0x00,0xC0,0x6C,0x00,0xC0,0x7C,0x00,0x80,0x39,    // 115
    0x00,0x00,0x00,0xC0,0x00,0x00,0xF0,0x3F,0x00,0xF0,0x7F,0x00,0xC0,0x60,0x00,0xC0,0x60,0x00,0xC0,0x60,    // 116
    0x00,0x00,0x00,0xC0,0x3F,0x00,0xC0,0x7F,0x00,0x00,0x60,0x00,0x00,0x60,0x00,0x00,0x60,0x00,0x00,0x60,0x00,0x00,0x30,0x00,0xC0,0x7F,0x00,0xC0,0x7F,    // 117
    0x40,0x00,0x00,0xC0,0x03,0x00,0x80,0x0F,0x00,0x00,0x7C,0x00,0x00,0x70,0x00,0x00,0x70,0x00,0x00,0x7C,0x00,0x80,0x0F,0x00,0xC0,0x03,0x00,0x40,    // 118
    0x00,0x00,0x00,0xC0,0x00,0x00,0xC0,0x0F,0x00,0x00,0x7F,0x00,0x00,0x60,0x00,0x00,0x7C,0x00,0x80,0x0F,0x00,0xC0,0x01,0x00,0x80,0x0F,0x00,0x00,0x7C,0x00,0x00,0x60,0x00,0x00,0x7F,0x00,0xC0,0x0F,0x00,0xC0,    // 119
    0x40,0x40,0x00,0xC0,0x60,0x00,0xC0,0x71,0x00,0x00,0x1F,0x00,0x00,0x0E,0x00,0x00,0x0E,0x00,0x00,0x1F,0x00,0xC0,0x71,0x00,0xC0,0x60,0x00,0x40,0x40,    // 120
    0x40,0x00,0x00,0xC0,0x01,0x03,0x80,0x0F,0x03,0x00,0x3E,0x03,0x00,0xF0,0x03,0x00,0xF0,0x01,0x00,0x7C,0x00,0x80,0x0F,0x00,0xC0,0x03,0x00,0x40,    // 121
    0x00,0x00,0x00,0xC0,0x60,0x00,0xC0,0x70,0x00,0xC0,0x78,0x00,0xC0,0x6C,0x00,0xC0,0x66,0x00,0xC0,0x63,0x00,0xC0,0x61,0x00,0xC0,0x60,    // 122
    0x00,0x00,0x00,0x00,0x00,0x00,0x00,0x0C,0x00,0x00,0x0C,0x00,0xF0,0xFF,0x01,0xF8,0xFF,0x03,0x18,0x00,0x03,0x18,0x00,0x03,    // 123
    0x00,0x00,0x00,0x00,0x00,0x00,0xF8,0xFF,0x07,0xF8,0xFF,0x07,    // 124
    0x00,0x00,0x00,0x00,0x00,0x00,0x18,0x00,0x03,0x18,0x00,0x03,0xF8,0xFF,0x03,0xF0,0xFF,0x01,0x00,0x0C,0x00,0x00,0x0C,    // 125
    0x00,0x00,0x00,0x00,0x00,0x00,0x00,0x0C,0x00,0x00,0x06,0x00,0x00,0x06,0x00,0x00,0x06,0x00,0x00,0x06,0x00,0x00,0x0C,0x00,0x00,0x0C,0x00,0x00,0x0C,0x00,0x00,0x0C,0x00,0x00,0x06,    // 126
    0x00,0x00,0x00,0xF0,0xFF,0x03,0x10,0x00,0x02,0x10,0x00,0x02,0x10,0x00,0x02,0x10,0x00,0x02,0x10,0x00,0x02,0x10,0x00,0x02,0xF0,0xFF,0x03,    // 127
    0x00,0x00,0x00,0xF0,0xFF,0x03,0x10,0x00,0x02,0x10,0x00,0x02,0x10,0x00,0x02,0x10,0x00,0x02,0x10,0x00,0x02,0x10,0x00,0x02,0xF0,0xFF,0x03,    // 128
    0x00,0x00,0x00,0xF0,0xFF,0x03,0x10,0x00,0x02,0x10,0x00,0x02,0x10,0x00,0x02,0x10,0x00,0x02,0x10,0x00,0x02,0x10,0x00,0x02,0xF0,0xFF,0x03,    // 129
    0x00,0x00,0x00,0xF0,0xFF,0x03,0x10,0x00,0x02,0x10,0x00,0x02,0x10,0x00,0x02,0x10,0x00,0x02,0x10,0x00,0x02,0x10,0x00,0x02,0xF0,0xFF,0x03,    // 130
    0x00,0x00,0x00,0xF0,0xFF,0x03,0x10,0x00,0x02,0x10,0x00,0x02,0x10,0x00,0x02,0x10,0x00,0x02,0x10,0x00,0x02,0x10,0x00,0x02,0xF0,0xFF,0x03,    // 131
    0x00,0x00,0x00,0xF0,0xFF,0x03,0x10,0x00,0x02,0x10,0x00,0x02,0x10,0x00,0x02,0x10,0x00,0x02,0x10,0x00,0x02,0x10,0x00,0x02,0xF0,0xFF,0x03,    // 132
    0x00,0x00,0x00,0xF0,0xFF,0x03,0x10,0x00,0x02,0x10,0x00,0x02,0x10,0x00,0x02,0x10,0x00,0x02,0x10,0x00,0x02,0x10,0x00,0x02,0xF0,0xFF,0x03,    // 133
    0x00,0x00,0x00,0xF0,0xFF,0x03,0x10,0x00,0x02,0x10,0x00,0x02,0x10,0x00,0x02,0x10,0x00,0x02,0x10,0x00,0x02,0x10,0x00,0x02,0xF0,0xFF,0x03,    // 134
    0x00,0x00,0x00,0xF0,0xFF,0x03,0x10,0x00,0x02,0x10,0x00,0x02,0x10,0x00,0x02,0x10,0x00,0x02,0x10,0x00,0x02,0x10,0x00,0x02,0xF0,0xFF,0x03,    // 135
    0x00,0x00,0x00,0xF0,0xFF,0x03,0x10,0x00,0x02,0x10,0x00,0x02,0x10,0x00,0x02,0x10,0x00,0x02,0x10,0x00,0x02,0x10,0x00,0x02,0xF0,0xFF,0x03,    // 136
    0x00,0x00,0x00,0xF0,0xFF,0x03,0x10,0x00,0x02,0x10,0x00,0x02,0x10,0x00,0x02,0x10,0x00,0x02,0x10,0x00,0x02,0x10,0x00,0x02,0xF0,0xFF,0x03,    // 137
    0x00,0x00,0x00,0xF0,0xFF,0x03,0x10,0x00,0x02,0x10,0x00,0x02,0x10,0x00,0x02,0x10,0x00,0x02,0x10,0x00,0x02,0x10,0x00,0x02,0xF0,0xFF,0x03,    // 138
    0x00,0x00,0x00,0xF0,0xFF,0x03,0x10,0x00,0x02,0x10,0x00,0x02,0x10,0x00,0x02,0x10,0x00,0x02,0x10,0x00,0x02,0x10,0x00,0x02,0xF0,0xFF,0x03,    // 139
    0x00,0x00,0x00,0xF0,0xFF,0x03,0x10,0x00,0x02,0x10,0x00,0x02,0x10,0x00,0x02,0x10,0x00,0x02,0x10,0x00,0x02,0x10,0x00,0x02,0xF0,0xFF,0x03,    // 140
    0x00,0x00,0x00,0xF0,0xFF,0x03,0x10,0x00,0x02,0x10,0x00,0x02,0x10,0x00,0x02,0x10,0x00,0x02,0x10,0x00,0x02,0x10,0x00,0x02,0xF0,0xFF,0x03,    // 141
    0x00,0x00,0x00,0xF0,0xFF,0x03,0x10,0x00,0x02,0x10,0x00,0x02,0x10,0x00,0x02,0x10,0x00,0x02,0x10,0x00,0x02,0x10,0x00,0x02,0xF0,0xFF,0x03,    // 142
    0x00,0x00,0x00,0xF0,0xFF,0x03,0x10,0x00,0x02,0x10,0x00,0x02,0x10,0x00,0x02,0x10,0x00,0x02,0x10,0x00,0x02,0x10,0x00,0x02,0xF0,0xFF,0x03,    // 143
    0x00,0x00,0x00,0xF0,0xFF,0x03,0x10,0x00,0x02,0x10,0x00,0x02,0x10,0x00,0x02,0x10,0x00,0x02,0x10,0x00,0x02,0x10,0x00,0x02,0xF0,0xFF,0x03,    // 144
    0x00,0x00,0x00,0xF0,0xFF,0x03,0x10,0x00,0x02,0x10,0x00,0x02,0x10,0x00,0x02,0x10,0x00,0x02,0x10,0x00,0x02,0x10,0x00,0x02,0xF0,0xFF,0x03,    // 145
    0x00,0x00,0x00,0xF0,0xFF,0x03,0x10,0x00,0x02,0x10,0x00,0x02,0x10,0x00,0x02,0x10,0x00,0x02,0x10,0x00,0x02,0x10,0x00,0x02,0xF0,0xFF,0x03,    // 146
    0x00,0x00,0x00,0xF0,0xFF,0x03,0x10,0x00,0x02,0x10,0x00,0x02,0x10,0x00,0x02,0x10,0x00,0x02,0x10,0x00,0x02,0x10,0x00,0x02,0xF0,0xFF,0x03,    // 147
    0x00,0x00,0x00,0xF0,0xFF,0x03,0x10,0x00,0x02,0x10,0x00,0x02,0x10,0x00,0x02,0x10,0x00,0x02,0x10,0x00,0x02,0x10,0x00,0x02,0xF0,0xFF,0x03,    // 148
    0x00,0x00,0x00,0xF0,0xFF,0x03,0x10,0x00,0x02,0x10,0x00,0x02,0x10,0x00,0x02,0x10,0x00,0x02,0x10,0x00,0x02,0x10,0x00,0x02,0xF0,0xFF,0x03,    // 149
    0x00,0x00,0x00,0xF0,0xFF,0x03,0x10,0x00,0x02,0x10,0x00,0x02,0x10,0x00,0x02,0x10,0x00,0x02,0x10,0x00,0x02,0x10,0x00,0x02,0xF0,0xFF,0x03,    // 150
    0x00,0x00,0x00,0xF0,0xFF,0x03,0x10,0x00,0x02,0x10,0x00,0x02,0x10,0x00,0x02,0x10,0x00,0x02,0x10,0x00,0x02,0x10,0x00,0x02,0xF0,0xFF,0x03,    // 151
    0x00,0x00,0x00,0xF0,0xFF,0x03,0x10,0x00,0x02,0x10,0x00,0x02,0x10,0x00,0x02,0x10,0x00,0x02,0x10,0x00,0x02,0x10,0x00,0x02,0xF0,0xFF,0x03,    // 152
    0x00,0x00,0x00,0xF0,0xFF,0x03,0x10,0x00,0x02,0x10,0x00,0x02,0x10,0x00,0x02,0x10,0x00,0x02,0x10,0x00,0x02,0x10,0x00,0x02,0xF0,0xFF,0x03,    // 153
    0x00,0x00,0x00,0xF0,0xFF,0x03,0x10,0x00,0x02,0x10,0x00,0x02,0x10,0x00,0x02,0x10,0x00,0x02,0x10,0x00,0x02,0x10,0x00,0x02,0xF0,0xFF,0x03,    // 154
    0x00,0x00,0x00,0xF0,0xFF,0x03,0x10,0x00,0x02,0x10,0x00,0x02,0x10,0x00,0x02,0x10,0x00,0x02,0x10,0x00,0x02,0x10,0x00,0x02,0xF0,0xFF,0x03,    // 155
    0x00,0x00,0x00,0xF0,0xFF,0x03,0x10,0x00,0x02,0x10,0x00,0x02,0x10,0x00,0x02,0x10,0x00,0x02,0x10,0x00,0x02,0x10,0x00,0x02,0xF0,0xFF,0x03,    // 156
    0x00,0x00,0x00,0xF0,0xFF,0x03,0x10,0x00,0x02,0x10,0x00,0x02,0x10,0x00,0x02,0x10,0x00,0x02,0x10,0x00,0x02,0x10,0x00,0x02,0xF0,0xFF,0x03,    // 157
    0x00,0x00,0x00,0xF0,0xFF,0x03,0x10,0x00,0x02,0x10,0x00,0x02,0x10,0x00,0x02,0x10,0x00,0x02,0x10,0x00,0x02,0x10,0x00,0x02,0xF0,0xFF,0x03,    // 158
    0x00,0x00,0x00,0xF0,0xFF,0x03,0x10,0x00,0x02,0x10,0x00,0x02,0x10,0x00,0x02,0x10,0x00,0x02,0x10,0x00,0x02,0x10,0x00,0x02,0xF0,0xFF,0x03,    // 159
    0x00,0x00,0x00,0x00,0x00,0x00,0xC0,0xFD,0x03,0xC0,0xFD,0x03,    // 161
    0x00,0x00,0x00,0x00,0x1F,0x00,0x80,0x3F,0x00,0xC0,0x71,0x00,0xF0,0xFF,0x01,0xC0,0x60,0x00,0xC0,0x60,0x00,0x80,0x31,    // 162
    0x00,0x00,0x00,0x00,0x63,0x00,0x00,0x63,0x00,0xF0,0x7F,0x00,0xF8,0x7F,0x00,0x18,0x63,0x00,0x18,0x63,0x00,0x18,0x63,0x00,0x30,0x60,    // 163
    0x00,0x00,0x00,0x80,0x20,0x00,0xC0,0x7F,0x00,0x80,0x3F,0x00,0x80,0x31,0x00,0x80,0x31,0x00,0x80,0x31,0x00,0x80,0x3F,0x00,0xC0,0x7F,0x00,0x80,0x20,    // 164
    0x08,0x1B,0x00,0x38,0x1B,0x00,0xF8,0x1B,0x00,0xE0,0x1B,0x00,0x80,0x7F,0x00,0x80,0x7F,0x00,0xE0,0x1B,0x00,0xF8,0x1B,0x00,0x38,0x1B,0x00,0x08,0x1B,    // 165
    0x00,0x00,0x00,0x00,0x00,0x00,0xF0,0xF3,0x03,0xF0,0xF3,0x03,    // 166
    0x00,0x00,0x00,0x00,0x06,0x00,0xF0,0xCF,0x01,0xF8,0x99,0x01,0xD8,0x99,0x01,0x98,0xB9,0x01,0x98,0xFB,0x01,0x38,0xFF,    // 167
    0x00,0x00,0x00,0x00,0x00,0x00,0x18,0x00,0x00,0x18,0x00,0x00,0x00,0x00,0x00,0x18,0x00,0x00,0x18,    // 168
    0x00,0x00,0x00,0x00,0x00,0x00,0x80,0x07,0x00,0x60,0x18,0x00,0x10,0x20,0x00,0x90,0x27,0x00,0x88,0x47,0x00,0xC8,0x4C,0x00,0x48,0x48,0x00,0x48,0x48,0x00,0xD0,0x28,0x00,0x10,0x20,0x00,0x60,0x18,0x00,0x80,0x07,    // 169
    0x00,0x00,0x00,0xC0,0x0C,0x00,0xE8,0x0D,0x00,0x28,0x0D,0x00,0x28,0x0D,0x00,0xA8,0x0D,0x00,0xF8,0x0D,0x00,0xF0,0x0D,    // 170
    0x00,0x00,0x00,0x00,0x0E,0x00,0x00,0x0E,0x00,0x00,0x1B,0x00,0x80,0x31,0x00,0x00,0x0E,0x00,0x00,0x0E,0x00,0x00,0x1B,0x00,0x80,0x31,    // 171
    0x00,0x00,0x00,0x00,0x00,0x00,0x00,0x03,0x00,0x00,0x03,0x00,0x00,0x03,0x00,0x00,0x03,0x00,0x00,0x03,0x00,0x00,0x03,0x00,0x00,0x03,0x00,0x00,0x03,0x00,0x00,0x1F,0x00,0x00,0x1F,    // 172
    0x00,0x00,0x00,0x00,0x06,0x00,0x00,0x06,0x00,0x00,0x06,0x00,0x00,0x06,0x00,0x00,0x06,    // 173
    0x00,0x00,0x00,0x00,0x00,0x00,0x80,0x07,0x00,0x60,0x18,0x00,0x10,0x20,0x00,0xD0,0x2F,0x00,0xC8,0x4F,0x00,0x48,0x42,0x00,0x48,0x46,0x00,0xC8,0x4F,0x00,0x90,0x29,0x00,0x10,0x20,0x00,0x60,0x18,0x00,0x80,0x07,    // 174
    0x00,0x00,0x00,0x00,0x00,0x00,0x08,0x00,0x00,0x08,0x00,0x00,0x08,0x00,0x00,0x08,0x00,0x00,0x08,    // 175
    0x00,0x00,0x00,0x70,0x00,0x00,0x88,0x00,0x00,0x88,0x00,0x00,0x88,0x00,0x00,0x70,    // 176
    0x00,0x00,0x00,0x00,0x00,0x00,0x00,0x63,0x00,0x00,0x63,0x00,0x00,0x63,0x00,0x00,0x63,0x00,0xE0,0x7F,0x00,0xE0,0x7F,0x00,0x00,0x63,0x00,0x00,0x63,0x00,0x00,0x63,0x00,0x00,0x63,    // 177
    0x00,0x00,0x00,0x18,0x03,0x00,0x88,0x03,0x00,0xC8,0x02,0x00,0xF8,0x02,0x00,0x70,0x02,    // 178
    0x00,0x00,0x00,0x08,0x03,0x00,0x28,0x02,0x00,0x28,0x02,0x00,0xF8,0x03,0x00,0xD8,0x01,    // 179
    0x00,0x00,0x00,0x00,0x00,0x00,0x00,0x00,0x00,0x10,0x00,0x00,0x18,0x00,0x00,0x0C,0x00,0x00,0x04,    // 180
    0x00,0x00,0x00,0xC0,0xFF,0x03,0xC0,0xFF,0x03,0x00,0x70,0x00,0x00,0x60,0x00,0x00,0x60,0x00,0x00,0x60,0x00,0x00,0x70,0x00,0xC0,0x3F,0x00,0xC0,0x7F,0x00,0x00,0x60,    // 181
    0x00,0x00,0x00,0xE0,0x00,0x00,0xF0,0x01,0x00,0xF8,0x03,0x00,0xF8,0xFF,0x01,0xF8,0xFF,0x01,0x08,0x00,0x00,0xF8,0xFF,0x01,0xF8,0xFF,0x01,    // 182
    0x00,0x00,0x00,0x00,0x07,0x00,0x00,0x07,    // 183
    0x00,0x00,0x00,0x00,0x00,0x00,0x00,0x00,0x02,0x00,0x00,0x02,0x00,0x00,0x02,0x00,0x80,0x03,    // 184
    0x00,0x00,0x00,0x08,0x02,0x00,0x08,0x02,0x00,0xF8,0x03,0x00,0xF8,0x03,0x00,0x00,0x02,0x00,0x00,0x02,    // 185
    0x00,0x00,0x00,0xF0,0x0C,0x00,0xF8,0x0D,0x00,0x08,0x0D,0x00,0x08,0x0D,0x00,0x08,0x0D,0x00,0xF8,0x0D,0x00,0xF0,0x0C,    // 186
    0x00,0x00,0x00,0x00,0x00,0x00,0x80,0x31,0x00,0x00,0x1B,0x00,0x00,0x0E,0x00,0x00,0x0E,0x00,0x80,0x31,0x00,0x00,0x1B,0x00,0x00,0x0E,0x00,0x00,0x0E,    // 187
    0x00,0x00,0x00,0x08,0x02,0x00,0x08,0x02,0x00,0xF8,0x03,0x00,0xF8,0x43,0x00,0x00,0x72,0x00,0x00,0x7E,0x00,0x00,0x1E,0x00,0x80,0x07,0x00,0xE0,0x31,0x00,0x78,0x38,0x00,0x38,0x36,0x00,0x08,0x7F,0x00,0x00,0x7F,0x00,0x00,0x30,    // 188
    0x00,0x00,0x00,0x08,0x02,0x00,0x08,0x02,0x00,0xF8,0x03,0x00,0xF8,0x43,0x00,0x00,0x72,0x00,0x00,0x7E,0x00,0x00,0x1E,0x00,0x80,0x07,0x00,0xE0,0x01,0x00,0x78,0x00,0x00,0x38,0x63,0x00,0x08,0x71,0x00,0x00,0x59,0x00,0x00,0x5F,0x00,0x00,0x4E,    // 189
    0x00,0x00,0x00,0x08,0x03,0x00,0x28,0x02,0x00,0x28,0x02,0x00,0xF8,0x43,0x00,0xD8,0x71,0x00,0x00,0x7C,0x00,0x00,0x1E,0x00,0x80,0x07,0x00,0xE0,0x31,0x00,0x78,0x38,0x00,0x38,0x36,0x00,0x08,0x7F,0x00,0x00,0x7F,0x00,0x00,0x30,    // 190
    0x00,0x00,0x00,0x00,0xE0,0x01,0x00,0xF0,0x03,0x00,0x38,0x03,0xC0,0x1D,0x03,0xC0,0x0D,0x03,0x00,0x00,0x03,0x00,0x80,0x01,    // 191
    0x00,0x40,0x00,0x00,0x78,0x00,0x00,0x3F,0x00,0xC0,0x0F,0x00,0xF9,0x0D,0x00,0x3B,0x0C,0x00,0x3A,0x0C,0x00,0xF8,0x0D,0x00,0xC0,0x0F,0x00,0x00,0x3F,0x00,0x00,0x78,0x00,0x00,0x40,    // 192
    0x00,0x40,0x00,0x00,0x78,0x00,0x00,0x3F,0x00,0xC0,0x0F,0x00,0xF8,0x0D,0x00,0x3A,0x0C,0x00,0x3B,0x0C,0x00,0xF9,0x0D,0x00,0xC0,0x0F,0x00,0x00,0x3F,0x00,0x00,0x78,0x00,0x00,0x40,    // 193
    0x00,0x40,0x00,0x00,0x78,0x00,0x00,0x3F,0x00,0xC2,0x0F,0x00,0xFB,0x0D,0x00,0x39,0x0C,0x00,0x39,0x0C,0x00,0xFB,0x0D,0x00,0xC2,0x0F,0x00,0x00,0x3F,0x00,0x00,0x78,0x00,0x00,0x40,    // 194
    0x00,0x40,0x00,0x00,0x78,0x00,0x00,0x3F,0x00,0xC0,0x0F,0x00,0xFB,0x0D,0x00,0x39,0x0C,0x00,0x3B,0x0C,0x00,0xFB,0x0D,0x00,0xC0,0x0F,0x00,0x00,0x3F,0x00,0x00,0x78,0x00,0x00,0x40,    // 195
    0x00,0x40,0x00,0x00,0x78,0x00,0x00,0x3F,0x00,0xC3,0x0F,0x00,0xFB,0x0D,0x00,0x38,0x0C,0x00,0x38,0x0C,0x00,0xFB,0x0D,0x00,0xC3,0x0F,0x00,0x00,0x3F,0x00,0x00,0x78,0x00,0x00,0x40,    // 196
    0x00,0x40,0x00,0x00,0x78,0x00,0x00,0x3E,0x00,0xC0,0x0F,0x00,0xF6,0x0D,0x00,0x39,0x0C,0x00,0x39,0x0C,0x00,0xF6,0x0D,0x00,0xC0,0x0F,0x00,0x00,0x3E,0x00,0x00,0x78,0x00,0x00,0x40,    // 197
    0x00,0x40,0x00,0x00,0x78,0x00,0x00,0x3E,0x00,0xC0,0x0F,0x00,0xF0,0x0D,0x00,0x78,0x0C,0x00,0x18,0x0C,0x00,0x18,0x0C,0x00,0xF8,0x7F,0x00,0xF8,0x7F,0x00,0x18,0x63,0x00,0x18,0x63,0x00,0x18,0x63,0x00,0x18,0x63,0x00,0x18,0x63,0x00,0x18,0x63,    // 198
    0x00,0x00,0x00,0xC0,0x0F,0x00,0xE0,0x1F,0x00,0x70,0x38,0x00,0x38,0x70,0x00,0x18,0x60,0x02,0x18,0x60,0x02,0x18,0x60,0x02,0x18,0xE0,0x03,0x18,0x60,0x00,0x30,0x30,    // 199
    0x00,0x00,0x00,0xF8,0x7F,0x00,0xF8,0x7F,0x00,0x19,0x63,0x00,0x1B,0x63,0x00,0x1A,0x63,0x00,0x18,0x63,0x00,0x18,0x63,0x00,0x18,0x63,    // 200
    0x00,0x00,0x00,0xF8,0x7F,0x00,0xF8,0x7F,0x00,0x18,0x63,0x00,0x1A,0x63,0x00,0x1B,0x63,0x00,0x19,0x63,0x00,0x18,0x63,0x00,0x18,0x63,    // 201
    0x00,0x00,0x00,0xF8,0x7F,0x00,0xFA,0x7F,0x00,0x1B,0x63,0x00,0x19,0x63,0x00,0x19,0x63,0x00,0x1B,0x63,0x00,0x1A,0x63,0x00,0x18,0x63,    // 202
    0x00,0x00,0x00,0xF8,0x7F,0x00,0xF8,0x7F,0x00,0x1B,0x63,0x00,0x1B,0x63,0x00,0x18,0x63,0x00,0x1B,0x63,0x00,0x1B,0x63,0x00,0x18,0x63,    // 203
    0x00,0x00,0x00,0x01,0x00,0x00,0xFB,0x7F,0x00,0xFA,0x7F,    // 204
    0x00,0x00,0x00,0x00,0x00,0x00,0xFA,0x7F,0x00,0xFB,0x7F,0x00,0x01,    // 205
    0x02,0x00,0x00,0x03,0x00,0x00,0xF9,0x7F,0x00,0xF9,0x7F,0x00,0x03,0x00,0x00,0x02,    // 206
    0x03,0x00,0x00,0x03,0x00,0x00,0xF8,0x7F,0x00,0xF8,0x7F,0x00,0x03,0x00,0x00,0x03,    // 207
    0x00,0x03,0x00,0xF8,0x7F,0x00,0xF8,0x7F,0x00,0x18,0x63,0x00,0x18,0x63,0x00,0x18,0x60,0x00,0x18,0x60,0x00,0x38,0x70,0x00,0x30,0x30,0x00,0x70,0x38,0x00,0xE0,0x1F,0x00,0xC0,0x0F,    // 208
    0x00,0x00,0x00,0xF8,0x7F,0x00,0xF8,0x7F,0x00,0x7B,0x00,0x00,0xF1,0x00,0x00,0xC3,0x03,0x00,0x03,0x0F,0x00,0x01,0x3C,0x00,0x00,0x78,0x00,0xF8,0x7F,0x00,0xF8,0x7F,    // 209
    0x00,0x00,0x00,0xC0,0x0F,0x00,0xE0,0x1F,0x00,0x70,0x38,0x00,0x38,0x70,0x00,0x19,0x60,0x00,0x1B,0x60,0x00,0x1A,0x60,0x00,0x18,0x60,0x00,0x38,0x70,0x00,0x70,0x38,0x00,0xE0,0x1F,0x00,0xC0,0x0F,    // 210
    0x00,0x00,0x00,0xC0,0x0F,0x00,0xE0,0x1F,0x00,0x70,0x38,0x00,0x38,0x70,0x00,0x18,0x60,0x00,0x1A,0x60,0x00,0x1B,0x60,0x00,0x19,0x60,0x00,0x38,0x70,0x00,0x70,0x38,0x00,0xE0,0x1F,0x00,0xC0,0x0F,    // 211
    0x00,0x00,0x00,0xC0,0x0F,0x00,0xE0,0x1F,0x00,0x70,0x38,0x00,0x3A,0x70,0x00,0x1B,0x60,0x00,0x19,0x60,0x00,0x19,0x60,0x00,0x1B,0x60,0x00,0x3A,0x70,0x00,0x70,0x38,0x00,0xE0,0x1F,0x00,0xC0,0x0F,    // 212
    0x00,0x00,0x00,0xC0,0x0F,0x00,0xE0,0x1F,0x00,0x70,0x38,0x00,0x38,0x70,0x00,0x1B,0x60,0x00,0x19,0x60,0x00,0x1B,0x60,0x00,0x1B,0x60,0x00,0x38,0x70,0x00,0x70,0x38,0x00,0xE0,0x1F,0x00,0xC0,0x0F,    // 213
    0x00,0x00,0x00,0xC0,0x0F,0x00,0xE0,0x1F,0x00,0x70,0x38,0x00,0x3B,0x70,0x00,0x1B,0x60,0x00,0x18,0x60,0x00,0x18,0x60,0x00,0x1B,0x60,0x00,0x3B,0x70,0x00,0x70,0x38,0x00,0xE0,0x1F,0x00,0xC0,0x0F,    // 214
    0x00,0x00,0x00,0x00,0x00,0x00,0x40,0x10,0x00,0xE0,0x38,0x00,0xC0,0x1D,0x00,0x80,0x0F,0x00,0x00,0x07,0x00,0x80,0x0F,0x00,0xC0,0x1D,0x00,0xE0,0x38,0x00,0x40,0x10,    // 215
    0x00,0x00,0x00,0xC0,0x6F,0x00,0xE0,0x3F,0x00,0x70,0x38,0x00,0x30,0x7C,0x00,0x18,0x66,0x00,0x18,0x63,0x00,0x18,0x61,0x00,0x98,0x61,0x00,0xF8,0x70,0x00,0x70,0x38,0x00,0xF0,0x1F,0x00,0xD8,0x0F,    // 216
    0x00,0x00,0x00,0xF8,0x1F,0x00,0xF8,0x3F,0x00,0x00,0x70,0x00,0x01,0x60,0x00,0x03,0x60,0x00,0x02,0x60,0x00,0x00,0x60,0x00,0x00,0x70,0x00,0xF8,0x3F,0x00,0xF8,0x1F,    // 217
    0x00,0x00,0x00,0xF8,0x1F,0x00,0xF8,0x3F,0x00,0x00,0x70,0x00,0x00,0x60,0x00,0x02,0x60,0x00,0x03,0x60,0x00,0x01,0x60,0x00,0x00,0x70,0x00,0xF8,0x3F,0x00,0xF8,0x1F,    // 218
    0x00,0x00,0x00,0xF8,0x1F,0x00,0xF8,0x3F,0x00,0x02,0x70,0x00,0x03,0x60,0x00,0x01,0x60,0x00,0x01,0x60,0x00,0x03,0x60,0x00,0x02,0x70,0x00,0xF8,0x3F,0x00,0xF8,0x1F,    // 219
    0x00,0x00,0x00,0xF8,0x1F,0x00,0xF8,0x3F,0x00,0x03,0x70,0x00,0x03,0x60,0x00,0x00,0x60,0x00,0x00,0x60,0x00,0x03,0x60,0x00,0x03,0x70,0x00,0xF8,0x3F,0x00,0xF8,0x1F,    // 220
    0x08,0x00,0x00,0x38,0x00,0x00,0x78,0x00,0x00,0xE0,0x01,0x00,0x82,0x7F,0x00,0x83,0x7F,0x00,0xE1,0x01,0x00,0x78,0x00,0x00,0x38,0x00,0x00,0x08,    // 221
    0x00,0x00,0x00,0xF8,0x7F,0x00,0xF8,0x7F,0x00,0x60,0x18,0x00,0x60,0x18,0x00,0x60,0x18,0x00,0x60,0x18,0x00,0x60,0x18,0x00,0xE0,0x1C,0x00,0xC0,0x0F,0x00,0x80,0x07,    // 222
    0x00,0x00,0x00,0xF0,0x7F,0x00,0xF0,0x7F,0x00,0x18,0x00,0x00,0x18,0x63,0x00,0x98,0x67,0x00,0xD8,0x66,0x00,0x70,0x6E,0x00,0x70,0x7C,0x00,0x00,0x38,    // 223
    0x00,0x00,0x00,0x00,0x3C,0x00,0x84,0x7E,0x00,0xCC,0x66,0x00,0xD8,0x66,0x00,0xD0,0x66,0x00,0xC0,0x36,0x00,0xC0,0x7F,0x00,0x80,0x7F,    // 224
    0x00,0x00,0x00,0x00,0x3C,0x00,0x80,0x7E,0x00,0xC0,0x66,0x00,0xD0,0x66,0x00,0xD8,0x66,0x00,0xCC,0x36,0x00,0xC4,0x7F,0x00,0x80,0x7F,    // 225
    0x00,0x00,0x00,0x00,0x3C,0x00,0x90,0x7E,0x00,0xD8,0x66,0x00,0xCC,0x66,0x00,0xCC,0x66,0x00,0xD8,0x36,0x00,0xD0,0x7F,0x00,0x80,0x7F,    // 226
    0x00,0x00,0x00,0x00,0x3C,0x00,0x80,0x7E,0x00,0xD8,0x66,0x00,0xCC,0x66,0x00,0xDC,0x66,0x00,0xD8,0x36,0x00,0xCC,0x7F,0x00,0x80,0x7F,    // 227
    0x00,0x00,0x00,0x00,0x3C,0x00,0x80,0x7E,0x00,0xD8,0x66,0x00,0xD8,0x66,0x00,0xC0,0x66,0x00,0xD8,0x36,0x00,0xD8,0x7F,0x00,0x80,0x7F,    // 228
    0x00,0x00,0x00,0x00,0x3C,0x00,0x80,0x7E,0x00,0xCC,0x66,0x00,0xD2,0x66,0x00,0xD2,0x66,0x00,0xCC,0x36,0x00,0xC0,0x7F,0x00,0x80,0x7F,    // 229
    0x00,0x00,0x00,0x00,0x3C,0x00,0xC0,0x7E,0x00,0xC0,0x66,0x00,0xC0,0x66,0x00,0xC0,0x66,0x00,0xC0,0x66,0x00,0xC0,0x36,0x00,0x80,0x1F,0x00,0x80,0x3F,0x00,0xC0,0x76,0x00,0xC0,0x66,0x00,0xC0,0x66,0x00,0xC0,0x66,0x00,0xC0,0x66,0x00,0x80,0x67,0x00,0x00,0x37,    // 230
    0x00,0x00,0x00,0x00,0x1F,0x00,0x80,0x3F,0x00,0xC0,0x71,0x02,0xC0,0x60,0x02,0xC0,0x60,0x02,0xC0,0xE0,0x03,0xC0,0x60,0x00,0x80,0x31,    // 231
    0x00,0x00,0x00,0x00,0x1F,0x00,0x80,0x3F,0x00,0xC4,0x76,0x00,0xCC,0x66,0x00,0xD8,0x66,0x00,0xD0,0x66,0x00,0xC0,0x66,0x00,0x80,0x67,0x00,0x00,0x37,    // 232
    0x00,0x00,0x00,0x00,0x1F,0x00,0x80,0x3F,0x00,0xC0,0x76,0x00,0xC0,0x66,0x00,0xD0,0x66,0x00,0xD8,0x66,0x00,0xCC,0x66,0x00,0x84,0x67,0x00,0x00,0x37,    // 233
    0x00,0x00,0x00,0x00,0x1F,0x00,0x80,0x3F,0x00,0xD0,0x76,0x00,0xD8,0x66,0x00,0xCC,0x66,0x00,0xCC,0x66,0x00,0xD8,0x66,0x00,0x90,0x67,0x00,0x00,0x37,    // 234
    0x00,0x00,0x00,0x00,0x1F,0x00,0x80,0x3F,0x00,0xD8,0x76,0x00,0xD8,0x66,0x00,0xC0,0x66,0x00,0xD8,0x66,0x00,0xD8,0x66,0x00,0x80,0x67,0x00,0x00,0x37,    // 235
    0x0C,0x00,0x00,0xD8,0x7F,0x00,0xD0,0x7F,    // 236
    0x00,0x00,0x00,0xD0,0x7F,0x00,0xD8,0x7F,0x00,0x0C,    // 237
    0x18,0x00,0x00,0xCC,0x7F,0x00,0xCC,0x7F,0x00,0x18,    // 238
    0x18,0x00,0x00,0xC0,0x7F,0x00,0xC0,0x7F,0x00,0x18,    // 239
    0x00,0x00,0x00,0x00,0x1E,0x00,0x28,0x3F,0x00,0xA8,0x73,0x00,0xB8,0x61,0x00,0xB8,0x61,0x00,0xF0,0x61,0x00,0xF0,0x71,0x00,0xC8,0x3F,0x00,0x00,0x1F,    // 240
    0x00,0x00,0x00,0xC0,0x7F,0x00,0xC0,0x7F,0x00,0x98,0x01,0x00,0xCC,0x00,0x00,0xDC,0x00,0x00,0xD8,0x00,0x00,0xCC,0x00,0x00,0xC0,0x7F,0x00,0x80,0x7F,    // 241
    0x00,0x00,0x00,0x00,0x1F,0x00,0x80,0x3F,0x00,0xC4,0x71,0x00,0xCC,0x60,0x00,0xD8,0x60,0x00,0xD0,0x60,0x00,0xC0,0x71,0x00,0x80,0x3F,0x00,0x00,0x1F,    // 242
    0x00,0x00,0x00,0x00,0x1F,0x00,0x80,0x3F,0x00,0xC0,0x71,0x00,0xC0,0x60,0x00,0xD0,0x60,0x00,0xD8,0x60,0x00,0xCC,0x71,0x00,0x84,0x3F,0x00,0x00,0x1F,    // 243
    0x00,0x00,0x00,0x00,0x1F,0x00,0x80,0x3F,0x00,0xD0,0x71,0x00,0xCC,0x60,0x00,0xC4,0x60,0x00,0xCC,0x60,0x00,0xD8,0x71,0x00,0x80,0x3F,0x00,0x00,0x1F,    // 244
    0x00,0x00,0x00,0x00,0x1F,0x00,0x80,0x3F,0x00,0xD8,0x71,0x00,0xCC,0x60,0x00,0xDC,0x60,0x00,0xD8,0x60,0x00,0xCC,0x71,0x00,0x80,0x3F,0x00,0x00,0x1F,    // 245
    0x00,0x00,0x00,0x00,0x1F,0x00,0x80,0x3F,0x00,0xD8,0x71,0x00,0xD8,0x60,0x00,0xC0,0x60,0x00,0xD8,0x60,0x00,0xD8,0x71,0x00,0x80,0x3F,0x00,0x00,0x1F,    // 246
    0x00,0x00,0x00,0x00,0x00,0x00,0x00,0x06,0x00,0x00,0x06,0x00,0x00,0x06,0x00,0x00,0x06,0x00,0xC0,0x36,0x00,0xC0,0x36,0x00,0x00,0x06,0x00,0x00,0x06,0x00,0x00,0x06,0x00,0x00,0x06,    // 247
    0x00,0x00,0x00,0x00,0x5F,0x00,0x80,0x7F,0x00,0xC0,0x79,0x00,0xC0,0x6C,0x00,0xC0,0x64,0x00,0xC0,0x66,0x00,0xC0,0x73,0x00,0x80,0x3F,0x00,0x40,0x1F,    // 248
    0x00,0x00,0x00,0xC0,0x3F,0x00,0xC0,0x7F,0x00,0x04,0x60,0x00,0x0C,0x60,0x00,0x18,0x60,0x00,0x10,0x60,0x00,0x00,0x30,0x00,0xC0,0x7F,0x00,0xC0,0x7F,    // 249
    0x00,0x00,0x00,0xC0,0x3F,0x00,0xC0,0x7F,0x00,0x00,0x60,0x00,0x00,0x60,0x00,0x10,0x60,0x00,0x18,0x60,0x00,0x0C,0x30,0x00,0xC4,0x7F,0x00,0xC0,0x7F,    // 250
    0x00,0x00,0x00,0xC0,0x3F,0x00,0xC0,0x7F,0x00,0x10,0x60,0x00,0x0C,0x60,0x00,0x04,0x60,0x00,0x0C,0x60,0x00,0x10,0x30,0x00,0xC0,0x7F,0x00,0xC0,0x7F,    // 251
    0x00,0x00,0x00,0xC0,0x3F,0x00,0xC0,0x7F,0x00,0x18,0x60,0x00,0x18,0x60,0x00,0x00,0x60,0x00,0x18,0x60,0x00,0x18,0x30,0x00,0xC0,0x7F,0x00,0xC0,0x7F,    // 252
    0x40,0x00,0x00,0xC0,0x01,0x03,0x80,0x0F,0x03,0x00,0x3E,0x03,0x10,0xF0,0x03,0x18,0xF0,0x01,0x0C,0x7C,0x00,0x84,0x0F,0x00,0xC0,0x03,0x00,0x40,    // 253
    0x00,0x00,0x00,0xF8,0xFF,0x03,0xF8,0xFF,0x03,0x80,0x31,0x00,0xC0,0x60,0x00,0xC0,0x60,0x00,0xC0,0x60,0x00,0xC0,0x71,0x00,0x80,0x3F,0x00,0x00,0x1F,    // 254
    0x40,0x00,0x00,0xC0,0x01,0x03,0x80,0x0F,0x03,0x18,0x3E,0x03,0x18,0xF0,0x03,0x00,0xF0,0x01,0x18,0x7C,0x00,0x98,0x0F,0x00,0xC0,0x03,0x00,0x40    // 255
};

// Created by https://oleddisplay.squix.ch/ Consider a donation
// In case of problems make sure that you are using the font file with the correct version!
const char Monospaced_plain_18[] = {
    0x0B, // Width: 11
    0x16, // Height: 22
    0x20, // First Char: 32
    0xE0, // Numbers of Chars: 224

    // Jump Table:
    0xFF, 0xFF, 0x00, 0x0B,  // 32:65535
    0x00, 0x00, 0x15, 0x0B,  // 33:0
    0x00, 0x15, 0x1A, 0x0B,  // 34:21
    0x00, 0x2F, 0x20, 0x0B,  // 35:47
    0x00, 0x4F, 0x1D, 0x0B,  // 36:79
    0x00, 0x6C, 0x20, 0x0B,  // 37:108
    0x00, 0x8C, 0x21, 0x0B,  // 38:140
    0x00, 0xAD, 0x14, 0x0B,  // 39:173
    0x00, 0xC1, 0x18, 0x0B,  // 40:193
    0x00, 0xD9, 0x14, 0x0B,  // 41:217
    0x00, 0xED, 0x1A, 0x0B,  // 42:237
    0x01, 0x07, 0x20, 0x0B,  // 43:263
    0x01, 0x27, 0x12, 0x0B,  // 44:295
    0x01, 0x39, 0x17, 0x0B,  // 45:313
    0x01, 0x50, 0x12, 0x0B,  // 46:336
    0x01, 0x62, 0x1C, 0x0B,  // 47:354
    0x01, 0x7E, 0x1D, 0x0B,  // 48:382
    0x01, 0x9B, 0x1E, 0x0B,  // 49:411
    0x01, 0xB9, 0x1E, 0x0B,  // 50:441
    0x01, 0xD7, 0x1D, 0x0B,  // 51:471
    0x01, 0xF4, 0x1D, 0x0B,  // 52:500
    0x02, 0x11, 0x1D, 0x0B,  // 53:529
    0x02, 0x2E, 0x1D, 0x0B,  // 54:558
    0x02, 0x4B, 0x1C, 0x0B,  // 55:587
    0x02, 0x67, 0x1D, 0x0B,  // 56:615
    0x02, 0x84, 0x1D, 0x0B,  // 57:644
    0x02, 0xA1, 0x12, 0x0B,  // 58:673
    0x02, 0xB3, 0x12, 0x0B,  // 59:691
    0x02, 0xC5, 0x1D, 0x0B,  // 60:709
    0x02, 0xE2, 0x1D, 0x0B,  // 61:738
    0x02, 0xFF, 0x1D, 0x0B,  // 62:767
    0x03, 0x1C, 0x1A, 0x0B,  // 63:796
    0x03, 0x36, 0x1D, 0x0B,  // 64:822
    0x03, 0x53, 0x1E, 0x0B,  // 65:851
    0x03, 0x71, 0x1D, 0x0B,  // 66:881
    0x03, 0x8E, 0x1D, 0x0B,  // 67:910
    0x03, 0xAB, 0x1D, 0x0B,  // 68:939
    0x03, 0xC8, 0x1E, 0x0B,  // 69:968
    0x03, 0xE6, 0x1C, 0x0B,  // 70:998
    0x04, 0x02, 0x1D, 0x0B,  // 71:1026
    0x04, 0x1F, 0x1E, 0x0B,  // 72:1055
    0x04, 0x3D, 0x1E, 0x0B,  // 73:1085
    0x04, 0x5B, 0x17, 0x0B,  // 74:1115
    0x04, 0x72, 0x1E, 0x0B,  // 75:1138
    0x04, 0x90, 0x1E, 0x0B,  // 76:1168
    0x04, 0xAE, 0x1E, 0x0B,  // 77:1198
    0x04, 0xCC, 0x1E, 0x0B,  // 78:1228
    0x04, 0xEA, 0x1D, 0x0B,  // 79:1258
    0x05, 0x07, 0x1D, 0x0B,  // 80:1287
    0x05, 0x24, 0x1D, 0x0B,  // 81:1316
    0x05, 0x41, 0x21, 0x0B,  // 82:1345
    0x05, 0x62, 0x1D, 0x0B,  // 83:1378
    0x05, 0x7F, 0x1F, 0x0B,  // 84:1407
    0x05, 0x9E, 0x1D, 0x0B,  // 85:1438
    0x05, 0xBB, 0x1C, 0x0B,  // 86:1467
    0x05, 0xD7, 0x1F, 0x0B,  // 87:1495
    0x05, 0xF6, 0x1E, 0x0B,  // 88:1526
    0x06, 0x14, 0x1F, 0x0B,  // 89:1556
    0x06, 0x33, 0x1E, 0x0B,  // 90:1587
    0x06, 0x51, 0x18, 0x0B,  // 91:1617
    0x06, 0x69, 0x1E, 0x0B,  // 92:1641
    0x06, 0x87, 0x15, 0x0B,  // 93:1671
    0x06, 0x9C, 0x20, 0x0B,  // 94:1692
    0x06, 0xBC, 0x21, 0x0B,  // 95:1724
    0x06, 0xDD, 0x10, 0x0B,  // 96:1757
    0x06, 0xED, 0x1E, 0x0B,  // 97:1773
    0x07, 0x0B, 0x1D, 0x0B,  // 98:1803
    0x07, 0x28, 0x1A, 0x0B,  // 99:1832
    0x07, 0x42, 0x1E, 0x0B,  // 100:1858
    0x07, 0x60, 0x1D, 0x0B,  // 101:1888
    0x07, 0x7D, 0x1A, 0x0B,  // 102:1917
    0x07, 0x97, 0x1E, 0x0B,  // 103:1943
    0x07, 0xB5, 0x1E, 0x0B,  // 104:1973
    0x07, 0xD3, 0x1E, 0x0B,  // 105:2003
    0x07, 0xF1, 0x15, 0x0B,  // 106:2033
    0x08, 0x06, 0x1E, 0x0B,  // 107:2054
    0x08, 0x24, 0x1B, 0x0B,  // 108:2084
    0x08, 0x3F, 0x21, 0x0B,  // 109:2111
    0x08, 0x60, 0x1E, 0x0B,  // 110:2144
    0x08, 0x7E, 0x1D, 0x0B,  // 111:2174
    0x08, 0x9B, 0x1D, 0x0B,  // 112:2203
    0x08, 0xB8, 0x1E, 0x0B,  // 113:2232
    0x08, 0xD6, 0x1D, 0x0B,  // 114:2262
    0x08, 0xF3, 0x1D, 0x0B,  // 115:2291
    0x09, 0x10, 0x1E, 0x0B,  // 116:2320
    0x09, 0x2E, 0x1E, 0x0B,  // 117:2350
    0x09, 0x4C, 0x1C, 0x0B,  // 118:2380
    0x09, 0x68, 0x20, 0x0B,  // 119:2408
    0x09, 0x88, 0x1E, 0x0B,  // 120:2440
    0x09, 0xA6, 0x1C, 0x0B,  // 121:2470
    0x09, 0xC2, 0x1E, 0x0B,  // 122:2498
    0x09, 0xE0, 0x1E, 0x0B,  // 123:2528
    0x09, 0xFE, 0x15, 0x0B,  // 124:2558
    0x0A, 0x13, 0x1D, 0x0B,  // 125:2579
    0x0A, 0x30, 0x1D, 0x0B,  // 126:2608
    0x0A, 0x4D, 0x1E, 0x0B,  // 127:2637
    0x0A, 0x6B, 0x1E, 0x0B,  // 128:2667
    0x0A, 0x89, 0x1E, 0x0B,  // 129:2697
    0x0A, 0xA7, 0x1E, 0x0B,  // 130:2727
    0x0A, 0xC5, 0x1E, 0x0B,  // 131:2757
    0x0A, 0xE3, 0x1E, 0x0B,  // 132:2787
    0x0B, 0x01, 0x1E, 0x0B,  // 133:2817
    0x0B, 0x1F, 0x1E, 0x0B,  // 134:2847
    0x0B, 0x3D, 0x1E, 0x0B,  // 135:2877
    0x0B, 0x5B, 0x1E, 0x0B,  // 136:2907
    0x0B, 0x79, 0x1E, 0x0B,  // 137:2937
    0x0B, 0x97, 0x1E, 0x0B,  // 138:2967
    0x0B, 0xB5, 0x1E, 0x0B,  // 139:2997
    0x0B, 0xD3, 0x1E, 0x0B,  // 140:3027
    0x0B, 0xF1, 0x1E, 0x0B,  // 141:3057
    0x0C, 0x0F, 0x1E, 0x0B,  // 142:3087
    0x0C, 0x2D, 0x1E, 0x0B,  // 143:3117
    0x0C, 0x4B, 0x1E, 0x0B,  // 144:3147
    0x0C, 0x69, 0x1E, 0x0B,  // 145:3177
    0x0C, 0x87, 0x1E, 0x0B,  // 146:3207
    0x0C, 0xA5, 0x1E, 0x0B,  // 147:3237
    0x0C, 0xC3, 0x1E, 0x0B,  // 148:3267
    0x0C, 0xE1, 0x1E, 0x0B,  // 149:3297
    0x0C, 0xFF, 0x1E, 0x0B,  // 150:3327
    0x0D, 0x1D, 0x1E, 0x0B,  // 151:3357
    0x0D, 0x3B, 0x1E, 0x0B,  // 152:3387
    0x0D, 0x59, 0x1E, 0x0B,  // 153:3417
    0x0D, 0x77, 0x1E, 0x0B,  // 154:3447
    0x0D, 0x95, 0x1E, 0x0B,  // 155:3477
    0x0D, 0xB3, 0x1E, 0x0B,  // 156:3507
    0x0D, 0xD1, 0x1E, 0x0B,  // 157:3537
    0x0D, 0xEF, 0x1E, 0x0B,  // 158:3567
    0x0E, 0x0D, 0x1E, 0x0B,  // 159:3597
    0xFF, 0xFF, 0x00, 0x0B,  // 160:65535
    0x0E, 0x2B, 0x15, 0x0B,  // 161:3627
    0x0E, 0x40, 0x17, 0x0B,  // 162:3648
    0x0E, 0x57, 0x1E, 0x0B,  // 163:3671
    0x0E, 0x75, 0x1D, 0x0B,  // 164:3701
    0x0E, 0x92, 0x20, 0x0B,  // 165:3730
    0x0E, 0xB2, 0x15, 0x0B,  // 166:3762
    0x0E, 0xC7, 0x1A, 0x0B,  // 167:3783
    0x0E, 0xE1, 0x19, 0x0B,  // 168:3809
    0x0E, 0xFA, 0x20, 0x0B,  // 169:3834
    0x0F, 0x1A, 0x1A, 0x0B,  // 170:3866
    0x0F, 0x34, 0x1A, 0x0B,  // 171:3892
    0x0F, 0x4E, 0x1D, 0x0B,  // 172:3918
    0x0F, 0x6B, 0x17, 0x0B,  // 173:3947
    0x0F, 0x82, 0x20, 0x0B,  // 174:3970
    0x0F, 0xA2, 0x16, 0x0B,  // 175:4002
    0x0F, 0xB8, 0x1A, 0x0B,  // 176:4024
    0x0F, 0xD2, 0x21, 0x0B,  // 177:4050
    0x0F, 0xF3, 0x17, 0x0B,  // 178:4083
    0x10, 0x0A, 0x17, 0x0B,  // 179:4106
    0x10, 0x21, 0x16, 0x0B,  // 180:4129
    0x10, 0x37, 0x21, 0x0B,  // 181:4151
    0x10, 0x58, 0x1E, 0x0B,  // 182:4184
    0x10, 0x76, 0x11, 0x0B,  // 183:4214
    0x10, 0x87, 0x15, 0x0B,  // 184:4231
    0x10, 0x9C, 0x17, 0x0B,  // 185:4252
    0x10, 0xB3, 0x1A, 0x0B,  // 186:4275
    0x10, 0xCD, 0x1D, 0x0B,  // 187:4301
    0x10, 0xEA, 0x1E, 0x0B,  // 188:4330
    0x11, 0x08, 0x1E, 0x0B,  // 189:4360
    0x11, 0x26, 0x1E, 0x0B,  // 190:4390
    0x11, 0x44, 0x1B, 0x0B,  // 191:4420
    0x11, 0x5F, 0x1E, 0x0B,  // 192:4447
    0x11, 0x7D, 0x1E, 0x0B,  // 193:4477
    0x11, 0x9B, 0x1E, 0x0B,  // 194:4507
    0x11, 0xB9, 0x1E, 0x0B,  // 195:4537
    0x11, 0xD7, 0x1E, 0x0B,  // 196:4567
    0x11, 0xF5, 0x1E, 0x0B,  // 197:4597
    0x12, 0x13, 0x21, 0x0B,  // 198:4627
    0x12, 0x34, 0x1D, 0x0B,  // 199:4660
    0x12, 0x51, 0x1E, 0x0B,  // 200:4689
    0x12, 0x6F, 0x1E, 0x0B,  // 201:4719
    0x12, 0x8D, 0x1E, 0x0B,  // 202:4749
    0x12, 0xAB, 0x1E, 0x0B,  // 203:4779
    0x12, 0xC9, 0x1E, 0x0B,  // 204:4809
    0x12, 0xE7, 0x1E, 0x0B,  // 205:4839
    0x13, 0x05, 0x1E, 0x0B,  // 206:4869
    0x13, 0x23, 0x1E, 0x0B,  // 207:4899
    0x13, 0x41, 0x1D, 0x0B,  // 208:4929
    0x13, 0x5E, 0x1E, 0x0B,  // 209:4958
    0x13, 0x7C, 0x1D, 0x0B,  // 210:4988
    0x13, 0x99, 0x1D, 0x0B,  // 211:5017
    0x13, 0xB6, 0x1D, 0x0B,  // 212:5046
    0x13, 0xD3, 0x1D, 0x0B,  // 213:5075
    0x13, 0xF0, 0x1D, 0x0B,  // 214:5104
    0x14, 0x0D, 0x1A, 0x0B,  // 215:5133
    0x14, 0x27, 0x1F, 0x0B,  // 216:5159
    0x14, 0x46, 0x1D, 0x0B,  // 217:5190
    0x14, 0x63, 0x1D, 0x0B,  // 218:5219
    0x14, 0x80, 0x1D, 0x0B,  // 219:5248
    0x14, 0x9D, 0x1D, 0x0B,  // 220:5277
    0x14, 0xBA, 0x1F, 0x0B,  // 221:5306
    0x14, 0xD9, 0x1D, 0x0B,  // 222:5337
    0x14, 0xF6, 0x1D, 0x0B,  // 223:5366
    0x15, 0x13, 0x1E, 0x0B,  // 224:5395
    0x15, 0x31, 0x1E, 0x0B,  // 225:5425
    0x15, 0x4F, 0x1E, 0x0B,  // 226:5455
    0x15, 0x6D, 0x1E, 0x0B,  // 227:5485
    0x15, 0x8B, 0x1E, 0x0B,  // 228:5515
    0x15, 0xA9, 0x1E, 0x0B,  // 229:5545
    0x15, 0xC7, 0x1D, 0x0B,  // 230:5575
    0x15, 0xE4, 0x1A, 0x0B,  // 231:5604
    0x15, 0xFE, 0x1D, 0x0B,  // 232:5630
    0x16, 0x1B, 0x1D, 0x0B,  // 233:5659
    0x16, 0x38, 0x1D, 0x0B,  // 234:5688
    0x16, 0x55, 0x1D, 0x0B,  // 235:5717
    0x16, 0x72, 0x1E, 0x0B,  // 236:5746
    0x16, 0x90, 0x1E, 0x0B,  // 237:5776
    0x16, 0xAE, 0x1E, 0x0B,  // 238:5806
    0x16, 0xCC, 0x1E, 0x0B,  // 239:5836
    0x16, 0xEA, 0x1D, 0x0B,  // 240:5866
    0x17, 0x07, 0x1E, 0x0B,  // 241:5895
    0x17, 0x25, 0x1D, 0x0B,  // 242:5925
    0x17, 0x42, 0x1D, 0x0B,  // 243:5954
    0x17, 0x5F, 0x1D, 0x0B,  // 244:5983
    0x17, 0x7C, 0x1D, 0x0B,  // 245:6012
    0x17, 0x99, 0x1D, 0x0B,  // 246:6041
    0x17, 0xB6, 0x1D, 0x0B,  // 247:6070
    0x17, 0xD3, 0x1D, 0x0B,  // 248:6099
    0x17, 0xF0, 0x1E, 0x0B,  // 249:6128
    0x18, 0x0E, 0x1E, 0x0B,  // 250:6158
    0x18, 0x2C, 0x1E, 0x0B,  // 251:6188
    0x18, 0x4A, 0x1E, 0x0B,  // 252:6218
    0x18, 0x68, 0x1C, 0x0B,  // 253:6248
    0x18, 0x84, 0x1D, 0x0B,  // 254:6276
    0x18, 0xA1, 0x1C, 0x0B,  // 255:6305

    // Font Data:
    0x00,0x00,0x00,0x00,0x00,0x00,0x00,0x00,0x00,0x00,0x00,0x00,0x00,0x00,0x00,0xF0,0x9F,0x01,0xF0,0x9F,0x01,    // 33
    0x00,0x00,0x00,0x00,0x00,0x00,0x00,0x00,0x00,0xF0,0x01,0x00,0xF0,0x01,0x00,0x00,0x00,0x00,0x00,0x00,0x00,0xF0,0x01,0x00,0xF0,0x01,    // 34
    0x00,0x18,0x00,0x80,0x19,0x01,0x80,0xF9,0x01,0x80,0x3F,0x00,0xF0,0x1B,0x00,0xB8,0x99,0x01,0x80,0xFD,0x01,0xC0,0x1F,0x00,0xF8,0x19,0x00,0x88,0x19,0x00,0x80,0x01,    // 35
    0x00,0x00,0x00,0x80,0xC3,0x00,0xC0,0x87,0x01,0x60,0x84,0x01,0x60,0x84,0x01,0xF8,0xFF,0x0F,0x60,0x88,0x01,0x60,0x88,0x01,0xC0,0xF8,0x00,0x00,0x70,    // 36
    0xE0,0x01,0x00,0xF0,0x0B,0x00,0x10,0x0A,0x00,0x10,0x0A,0x00,0xF0,0x07,0x00,0xE0,0xF5,0x00,0x00,0xFC,0x01,0x00,0x0A,0x01,0x00,0x0A,0x01,0x00,0xFA,0x01,0x00,0xF0,    // 37
    0x00,0x00,0x00,0x00,0x78,0x00,0x00,0xFC,0x00,0xE0,0xC6,0x01,0xF0,0x83,0x01,0x30,0x8F,0x01,0x30,0x9E,0x01,0x30,0x78,0x00,0x30,0xF0,0x01,0x00,0xBC,0x01,0x00,0x1C,0x01,    // 38
    0x00,0x00,0x00,0x00,0x00,0x00,0x00,0x00,0x00,0x00,0x00,0x00,0x00,0x00,0x00,0xF0,0x01,0x00,0xF0,0x01,    // 39
    0x00,0x00,0x00,0x00,0x00,0x00,0x00,0x00,0x00,0x00,0x00,0x00,0x00,0x3F,0x00,0xE0,0xFF,0x01,0x78,0x80,0x07,0x08,0x00,0x04,    // 40
    0x00,0x00,0x00,0x00,0x00,0x00,0x00,0x00,0x00,0x08,0x00,0x04,0x78,0x80,0x07,0xE0,0xFF,0x01,0x00,0x3F,    // 41
    0x00,0x00,0x00,0x00,0x00,0x00,0x20,0x04,0x00,0x40,0x02,0x00,0x80,0x01,0x00,0xF0,0x0F,0x00,0x80,0x01,0x00,0x40,0x02,0x00,0x20,0x04,    // 42
    0x00,0x00,0x00,0x00,0x0C,0x00,0x00,0x0C,0x00,0x00,0x0C,0x00,0x00,0x0C,0x00,0xC0,0xFF,0x00,0xC0,0xFF,0x00,0x00,0x0C,0x00,0x00,0x0C,0x00,0x00,0x0C,0x00,0x00,0x0C,    // 43
    0x00,0x00,0x00,0x00,0x00,0x00,0x00,0x00,0x00,0x00,0x00,0x06,0x00,0xC0,0x03,0x00,0xC0,0x01,    // 44
    0x00,0x00,0x00,0x00,0x00,0x00,0x00,0x00,0x00,0x00,0x18,0x00,0x00,0x18,0x00,0x00,0x18,0x00,0x00,0x18,0x00,0x00,0x18,    // 45
    0x00,0x00,0x00,0x00,0x00,0x00,0x00,0x00,0x00,0x00,0x00,0x00,0x00,0xC0,0x01,0x00,0xC0,0x01,    // 46
    0x00,0x00,0x00,0x00,0x00,0x04,0x00,0x00,0x07,0x00,0xC0,0x03,0x00,0xF8,0x00,0x00,0x3E,0x00,0x80,0x0F,0x00,0xE0,0x01,0x00,0x70,0x00,0x00,0x10,    // 47
    0x00,0x00,0x00,0x80,0x3F,0x00,0xE0,0xFF,0x00,0x70,0xC0,0x01,0x30,0x80,0x01,0x30,0x86,0x01,0x30,0x86,0x01,0x70,0xC0,0x01,0xE0,0xFF,0x00,0x80,0x3F,    // 48
    0x00,0x00,0x00,0x00,0x00,0x00,0x60,0x80,0x01,0x60,0x80,0x01,0x30,0x80,0x01,0xF0,0xFF,0x01,0xF0,0xFF,0x01,0x00,0x80,0x01,0x00,0x80,0x01,0x00,0x80,0x01,    // 49
    0x00,0x00,0x00,0x60,0x80,0x01,0x30,0xC0,0x01,0x30,0xE0,0x01,0x30,0xB0,0x01,0x30,0xB8,0x01,0x30,0x98,0x01,0x70,0x8E,0x01,0xE0,0x87,0x01,0xC0,0x83,0x01,    // 50
    0x00,0x00,0x00,0x60,0xC0,0x00,0x30,0x80,0x01,0x30,0x86,0x01,0x30,0x86,0x01,0x30,0x86,0x01,0x30,0x86,0x01,0x70,0xCF,0x01,0xE0,0xFF,0x00,0xC0,0x79,    // 51
    0x00,0x00,0x00,0x00,0x38,0x00,0x00,0x3C,0x00,0x00,0x37,0x00,0x80,0x31,0x00,0x60,0x30,0x00,0xF0,0xFF,0x01,0xF0,0xFF,0x01,0x00,0x30,0x00,0x00,0x30,    // 52
    0x00,0x00,0x00,0x00,0xC0,0x00,0xF0,0x87,0x01,0xF0,0x83,0x01,0x30,0x83,0x01,0x30,0x83,0x01,0x30,0x83,0x01,0x30,0xC7,0x01,0x30,0xFE,0x00,0x00,0x7C,    // 53
    0x00,0x00,0x00,0x80,0x3F,0x00,0xE0,0xFF,0x00,0xE0,0xCC,0x01,0x70,0x86,0x01,0x30,0x86,0x01,0x30,0x86,0x01,0x30,0xCE,0x01,0x60,0xFC,0x00,0x00,0x78,    // 54
    0x00,0x00,0x00,0x30,0x00,0x00,0x30,0x00,0x00,0x30,0x00,0x01,0x30,0xE0,0x01,0x30,0xF8,0x00,0x30,0x3F,0x00,0xF0,0x07,0x00,0xF0,0x01,0x00,0x30,    // 55
    0x00,0x00,0x00,0xC0,0x79,0x00,0xE0,0xFF,0x00,0x30,0xCE,0x01,0x30,0x86,0x01,0x30,0x86,0x01,0x30,0x86,0x01,0x30,0xCE,0x01,0xE0,0xFF,0x00,0xC0,0x79,    // 56
    0x00,0x00,0x00,0xC0,0x03,0x00,0xE0,0xC7,0x00,0x70,0x8E,0x01,0x30,0x8C,0x01,0x30,0x8C,0x01,0x30,0xCC,0x01,0x70,0xE6,0x00,0xE0,0x7F,0x00,0x80,0x3F,    // 57
    0x00,0x00,0x00,0x00,0x00,0x00,0x00,0x00,0x00,0x00,0x00,0x00,0x00,0xC7,0x01,0x00,0xC7,0x01,    // 58
    0x00,0x00,0x00,0x00,0x00,0x00,0x00,0x00,0x00,0x00,0x00,0x06,0x00,0xC7,0x03,0x00,0xC7,0x01,    // 59
    0x00,0x00,0x00,0x00,0x08,0x00,0x00,0x1C,0x00,0x00,0x14,0x00,0x00,0x36,0x00,0x00,0x22,0x00,0x00,0x63,0x00,0x00,0x63,0x00,0x00,0x41,0x00,0x80,0xC1,    // 60
    0x00,0x00,0x00,0x00,0x33,0x00,0x00,0x33,0x00,0x00,0x33,0x00,0x00,0x33,0x00,0x00,0x33,0x00,0x00,0x33,0x00,0x00,0x33,0x00,0x00,0x33,0x00,0x00,0x33,    // 61
    0x00,0x00,0x00,0x80,0xC1,0x00,0x00,0x41,0x00,0x00,0x63,0x00,0x00,0x63,0x00,0x00,0x22,0x00,0x00,0x36,0x00,0x00,0x14,0x00,0x00,0x1C,0x00,0x00,0x08,    // 62
    0x00,0x00,0x00,0x00,0x00,0x00,0x60,0x00,0x00,0x30,0x00,0x00,0x30,0xBC,0x01,0x30,0xBE,0x01,0x30,0x07,0x00,0xF0,0x03,0x00,0xE0,0x01,    // 63
    0x00,0x00,0x00,0x00,0xFE,0x00,0x80,0xFF,0x03,0xC0,0x01,0x07,0x60,0x00,0x0C,0x20,0x7E,0x08,0x20,0xFF,0x08,0x60,0x81,0x08,0xC0,0xFF,0x00,0x80,0xFF,    // 64
    0x00,0x00,0x00,0x00,0x80,0x01,0x00,0xF0,0x01,0x00,0x7F,0x00,0xF0,0x3F,0x00,0xF0,0x30,0x00,0xF0,0x3F,0x00,0x00,0x7F,0x00,0x00,0xF0,0x01,0x00,0x80,0x01,    // 65
    0x00,0x00,0x00,0xF0,0xFF,0x01,0xF0,0xFF,0x01,0x30,0x86,0x01,0x30,0x86,0x01,0x30,0x86,0x01,0x30,0x86,0x01,0x30,0xCE,0x01,0xE0,0xFF,0x00,0xC0,0x79,    // 66
    0x00,0x00,0x00,0x80,0x3F,0x00,0xC0,0x7F,0x00,0xE0,0xE0,0x00,0x70,0xC0,0x01,0x30,0x80,0x01,0x30,0x80,0x01,0x30,0x80,0x01,0x30,0x80,0x01,0x60,0xC0,    // 67
    0x00,0x00,0x00,0xF0,0xFF,0x01,0xF0,0xFF,0x01,0x30,0x80,0x01,0x30,0x80,0x01,0x30,0x80,0x01,0x70,0xC0,0x01,0xE0,0xE0,0x00,0xC0,0x7F,0x00,0x80,0x3F,    // 68
    0x00,0x00,0x00,0xF0,0xFF,0x01,0xF0,0xFF,0x01,0x30,0x86,0x01,0x30,0x86,0x01,0x30,0x86,0x01,0x30,0x86,0x01,0x30,0x86,0x01,0x30,0x86,0x01,0x30,0x86,0x01,    // 69
    0x00,0x00,0x00,0xF0,0xFF,0x01,0xF0,0xFF,0x01,0x30,0x06,0x00,0x30,0x06,0x00,0x30,0x06,0x00,0x30,0x06,0x00,0x30,0x06,0x00,0x30,0x06,0x00,0x30,    // 70
    0x00,0x00,0x00,0x80,0x3F,0x00,0xC0,0x7F,0x00,0xE0,0xE0,0x00,0x70,0x80,0x01,0x30,0x80,0x01,0x30,0x86,0x01,0x30,0x86,0x01,0x30,0xFE,0x00,0x60,0xFE,    // 71
    0x00,0x00,0x00,0xF0,0xFF,0x01,0xF0,0xFF,0x01,0x00,0x06,0x00,0x00,0x06,0x00,0x00,0x06,0x00,0x00,0x06,0x00,0x00,0x06,0x00,0xF0,0xFF,0x01,0xF0,0xFF,0x01,    // 72
    0x00,0x00,0x00,0x00,0x00,0x00,0x30,0x80,0x01,0x30,0x80,0x01,0x30,0x80,0x01,0xF0,0xFF,0x01,0xF0,0xFF,0x01,0x30,0x80,0x01,0x30,0x80,0x01,0x30,0x80,0x01,    // 73
    0x00,0x00,0x00,0x00,0xC0,0x00,0x00,0x80,0x01,0x30,0x80,0x01,0x30,0x80,0x01,0x30,0x80,0x01,0xF0,0xFF,0x01,0xF0,0x7F,    // 74
    0x00,0x00,0x00,0xF0,0xFF,0x01,0xF0,0xFF,0x01,0x00,0x06,0x00,0x00,0x07,0x00,0x80,0x1F,0x00,0xC0,0x38,0x00,0x60,0xF0,0x00,0x30,0xC0,0x01,0x10,0x80,0x01,    // 75
    0x00,0x00,0x00,0xF0,0xFF,0x01,0xF0,0xFF,0x01,0x00,0x80,0x01,0x00,0x80,0x01,0x00,0x80,0x01,0x00,0x80,0x01,0x00,0x80,0x01,0x00,0x80,0x01,0x00,0x80,0x01,    // 76
    0x00,0x00,0x00,0xF0,0xFF,0x01,0xF0,0xFF,0x01,0xF0,0x00,0x00,0x80,0x07,0x00,0x00,0x0C,0x00,0x80,0x07,0x00,0xF0,0x00,0x00,0xF0,0xFF,0x01,0xF0,0xFF,0x01,    // 77
    0x00,0x00,0x00,0xF0,0xFF,0x01,0xF0,0xFF,0x01,0x70,0x00,0x00,0xC0,0x03,0x00,0x00,0x0E,0x00,0x00,0x78,0x00,0x00,0xC0,0x01,0xF0,0xFF,0x01,0xF0,0xFF,0x01,    // 78
    0x00,0x00,0x00,0x80,0x3F,0x00,0xE0,0xFF,0x00,0x70,0xC0,0x01,0x30,0x80,0x01,0x30,0x80,0x01,0x30,0x80,0x01,0x70,0xC0,0x01,0xE0,0xFF,0x00,0x80,0x3F,    // 79
    0x00,0x00,0x00,0xF0,0xFF,0x01,0xF0,0xFF,0x01,0x30,0x0C,0x00,0x30,0x0C,0x00,0x30,0x0C,0x00,0x30,0x0C,0x00,0x70,0x0E,0x00,0xE0,0x07,0x00,0xC0,0x03,    // 80
    0x00,0x00,0x00,0x80,0x3F,0x00,0xE0,0xFF,0x00,0x70,0xC0,0x01,0x30,0x80,0x01,0x30,0x80,0x01,0x30,0x80,0x03,0x70,0xC0,0x07,0xE0,0xFF,0x06,0x80,0x3F,    // 81
    0x00,0x00,0x00,0xF0,0xFF,0x01,0xF0,0xFF,0x01,0x30,0x0C,0x00,0x30,0x0C,0x00,0x30,0x0C,0x00,0x30,0x0C,0x00,0x70,0x3E,0x00,0xE0,0xF7,0x00,0xC0,0xE3,0x01,0x00,0x00,0x01,    // 82
    0x00,0x00,0x00,0xC0,0xC1,0x00,0xE0,0x83,0x01,0x70,0x86,0x01,0x30,0x86,0x01,0x30,0x86,0x01,0x30,0x86,0x01,0x30,0xCC,0x01,0x60,0xFC,0x00,0x00,0x78,    // 83
    0x00,0x00,0x00,0x30,0x00,0x00,0x30,0x00,0x00,0x30,0x00,0x00,0x30,0x00,0x00,0xF0,0xFF,0x01,0xF0,0xFF,0x01,0x30,0x00,0x00,0x30,0x00,0x00,0x30,0x00,0x00,0x30,    // 84
    0x00,0x00,0x00,0xF0,0x7F,0x00,0xF0,0xFF,0x00,0x00,0xC0,0x01,0x00,0x80,0x01,0x00,0x80,0x01,0x00,0x80,0x01,0x00,0xC0,0x01,0xF0,0xFF,0x00,0xF0,0x7F,    // 85
    0x00,0x00,0x00,0x30,0x00,0x00,0xF0,0x03,0x00,0xC0,0x1F,0x00,0x00,0xFE,0x01,0x00,0xE0,0x01,0x00,0xFE,0x01,0xC0,0x1F,0x00,0xF0,0x03,0x00,0x30,    // 86
    0x70,0x00,0x00,0xF0,0x3F,0x00,0x80,0xFF,0x01,0x00,0xE0,0x01,0x00,0x3F,0x00,0x00,0x03,0x00,0x00,0x3F,0x00,0x00,0xE0,0x01,0x80,0xFF,0x01,0xF0,0x3F,0x00,0x70,    // 87
    0x00,0x00,0x00,0x10,0x00,0x01,0x70,0xC0,0x01,0xF0,0xF0,0x01,0xC0,0x7F,0x00,0x00,0x1F,0x00,0xC0,0x7F,0x00,0xF0,0xF0,0x01,0x30,0xC0,0x01,0x10,0x00,0x01,    // 88
    0x00,0x00,0x00,0x10,0x00,0x00,0x70,0x00,0x00,0xF0,0x00,0x00,0xC0,0x03,0x00,0x00,0xFF,0x01,0x00,0xFF,0x01,0xC0,0x03,0x00,0xF0,0x00,0x00,0x70,0x00,0x00,0x10,    // 89
    0x00,0x00,0x00,0x30,0x80,0x01,0x30,0xE0,0x01,0x30,0xF0,0x01,0x30,0xBC,0x01,0x30,0x9E,0x01,0xB0,0x87,0x01,0xF0,0x81,0x01,0xF0,0x80,0x01,0x30,0x80,0x01,    // 90
    0x00,0x00,0x00,0x00,0x00,0x00,0x00,0x00,0x00,0x00,0x00,0x00,0xF8,0xFF,0x07,0xF8,0xFF,0x07,0x18,0x00,0x06,0x18,0x00,0x06,    // 91
    0x00,0x00,0x00,0x10,0x00,0x00,0x70,0x00,0x00,0xE0,0x01,0x00,0x80,0x0F,0x00,0x00,0x3E,0x00,0x00,0xF8,0x00,0x00,0xC0,0x03,0x00,0x00,0x07,0x00,0x00,0x04,    // 92
    0x00,0x00,0x00,0x00,0x00,0x00,0x00,0x00,0x00,0x18,0x00,0x06,0x18,0x00,0x06,0xF8,0xFF,0x07,0xF8,0xFF,0x07,    // 93
    0x00,0x00,0x00,0x00,0x01,0x00,0x80,0x01,0x00,0xC0,0x00,0x00,0x60,0x00,0x00,0x30,0x00,0x00,0x30,0x00,0x00,0x60,0x00,0x00,0xC0,0x00,0x00,0x80,0x01,0x00,0x00,0x01,    // 94
    0x00,0x00,0x18,0x00,0x00,0x18,0x00,0x00,0x18,0x00,0x00,0x18,0x00,0x00,0x18,0x00,0x00,0x18,0x00,0x00,0x18,0x00,0x00,0x18,0x00,0x00,0x18,0x00,0x00,0x18,0x00,0x00,0x18,    // 95
    0x00,0x00,0x00,0x00,0x00,0x00,0x08,0x00,0x00,0x18,0x00,0x00,0x30,0x00,0x00,0x20,    // 96
    0x00,0x00,0x00,0x00,0xF0,0x00,0x00,0xF3,0x01,0x80,0x99,0x01,0x80,0x99,0x01,0x80,0x99,0x01,0x80,0x99,0x01,0x80,0xDB,0x00,0x00,0xFF,0x01,0x00,0xFE,0x01,    // 97
    0x00,0x00,0x00,0xF8,0xFF,0x01,0xF8,0xFF,0x01,0x00,0xC3,0x00,0x80,0x81,0x01,0x80,0x81,0x01,0x80,0x81,0x01,0x80,0xC3,0x01,0x00,0xFF,0x00,0x00,0x7E,    // 98
    0x00,0x00,0x00,0x00,0x3C,0x00,0x00,0xFF,0x00,0x00,0xC3,0x00,0x80,0x81,0x01,0x80,0x81,0x01,0x80,0x81,0x01,0x80,0x81,0x01,0x00,0xC3,    // 99
    0x00,0x00,0x00,0x00,0x7E,0x00,0x00,0xFF,0x00,0x80,0xC3,0x01,0x80,0x81,0x01,0x80,0x81,0x01,0x80,0x81,0x01,0x00,0xC3,0x00,0xF8,0xFF,0x01,0xF8,0xFF,0x01,    // 100
    0x00,0x00,0x00,0x00,0x3C,0x00,0x00,0xFF,0x00,0x80,0xDB,0x00,0x80,0x99,0x01,0x80,0x99,0x01,0x80,0x99,0x01,0x80,0x9B,0x01,0x00,0x9F,0x01,0x00,0xDE,    // 101
    0x00,0x00,0x00,0x80,0x01,0x00,0x80,0x01,0x00,0x80,0x01,0x00,0xF0,0xFF,0x01,0xF8,0xFF,0x01,0x98,0x01,0x00,0x98,0x01,0x00,0x98,0x01,    // 102
    0x00,0x00,0x00,0x00,0x7E,0x00,0x00,0xFF,0x0C,0x80,0xC3,0x19,0x80,0x81,0x19,0x80,0x81,0x19,0x80,0x81,0x19,0x00,0xC3,0x1C,0x80,0xFF,0x0F,0x80,0xFF,0x07,    // 103
    0x00,0x00,0x00,0xF8,0xFF,0x01,0xF8,0xFF,0x01,0x00,0x03,0x00,0x00,0x01,0x00,0x80,0x01,0x00,0x80,0x01,0x00,0x80,0x03,0x00,0x00,0xFF,0x01,0x00,0xFE,0x01,    // 104
    0x00,0x00,0x00,0x00,0x00,0x00,0x80,0x81,0x01,0x80,0x81,0x01,0x80,0x81,0x01,0x98,0xFF,0x01,0x98,0xFF,0x01,0x00,0x80,0x01,0x00,0x80,0x01,0x00,0x80,0x01,    // 105
    0x00,0x00,0x00,0x00,0x00,0x18,0x80,0x01,0x18,0x80,0x01,0x18,0x80,0x01,0x18,0x98,0xFF,0x0F,0x98,0xFF,0x07,    // 106
    0x00,0x00,0x00,0xF8,0xFF,0x01,0xF8,0xFF,0x01,0x00,0x18,0x00,0x00,0x1C,0x00,0x00,0x3E,0x00,0x00,0xF7,0x00,0x80,0xC3,0x01,0x80,0x81,0x01,0x80,0x00,0x01,    // 107
    0x00,0x00,0x00,0x18,0x00,0x00,0x18,0x00,0x00,0x18,0x00,0x00,0xF8,0x7F,0x00,0xF8,0xFF,0x01,0x00,0x80,0x01,0x00,0x80,0x01,0x00,0x80,0x01,    // 108
    0x00,0x00,0x00,0x80,0xFF,0x01,0x80,0xFF,0x01,0x00,0x01,0x00,0x80,0x01,0x00,0x80,0xFF,0x01,0x00,0xFF,0x01,0x80,0x01,0x00,0x80,0x01,0x00,0x80,0xFF,0x01,0x00,0xFF,0x01,    // 109
    0x00,0x00,0x00,0x80,0xFF,0x01,0x80,0xFF,0x01,0x00,0x03,0x00,0x00,0x01,0x00,0x80,0x01,0x00,0x80,0x01,0x00,0x80,0x03,0x00,0x00,0xFF,0x01,0x00,0xFE,0x01,    // 110
    0x00,0x00,0x00,0x00,0x7E,0x00,0x00,0xFF,0x00,0x80,0xC3,0x01,0x80,0x81,0x01,0x80,0x81,0x01,0x80,0x81,0x01,0x80,0xC3,0x01,0x00,0xFF,0x00,0x00,0x7E,    // 111
    0x00,0x00,0x00,0x80,0xFF,0x1F,0x80,0xFF,0x1F,0x00,0xC3,0x00,0x80,0x81,0x01,0x80,0x81,0x01,0x80,0x81,0x01,0x80,0xC3,0x01,0x00,0xFF,0x00,0x00,0x7E,    // 112
    0x00,0x00,0x00,0x00,0x7E,0x00,0x00,0xFF,0x00,0x80,0xC3,0x01,0x80,0x81,0x01,0x80,0x81,0x01,0x80,0x81,0x01,0x00,0xC3,0x00,0x80,0xFF,0x1F,0x80,0xFF,0x1F,    // 113
    0x00,0x00,0x00,0x00,0x00,0x00,0x00,0x00,0x00,0x80,0xFF,0x01,0x80,0xFF,0x01,0x00,0x02,0x00,0x80,0x01,0x00,0x80,0x01,0x00,0x80,0x01,0x00,0x00,0x03,    // 114
    0x00,0x00,0x00,0x00,0xC7,0x00,0x00,0x8F,0x01,0x80,0x8D,0x01,0x80,0x8D,0x01,0x80,0x8D,0x01,0x80,0x99,0x01,0x80,0x99,0x01,0x80,0xF9,0x00,0x00,0xF3,    // 115
    0x00,0x00,0x00,0x80,0x01,0x00,0x80,0x01,0x00,0x80,0x01,0x00,0xF0,0xFF,0x00,0xF0,0xFF,0x01,0x80,0x81,0x01,0x80,0x81,0x01,0x80,0x81,0x01,0x80,0x81,0x01,    // 116
    0x00,0x00,0x00,0x80,0x7F,0x00,0x80,0xFF,0x00,0x00,0xC0,0x01,0x00,0x80,0x01,0x00,0x80,0x01,0x00,0x80,0x00,0x00,0xC0,0x00,0x80,0xFF,0x01,0x80,0xFF,0x01,    // 117
    0x00,0x00,0x00,0x80,0x00,0x00,0x80,0x07,0x00,0x00,0x3F,0x00,0x00,0xF8,0x01,0x00,0xC0,0x01,0x00,0xF8,0x01,0x00,0x3F,0x00,0x80,0x07,0x00,0x80,    // 118
    0x80,0x01,0x00,0x80,0x1F,0x00,0x00,0xFE,0x01,0x00,0xE0,0x01,0x00,0x78,0x00,0x00,0x0C,0x00,0x00,0x78,0x00,0x00,0xE0,0x01,0x00,0xFE,0x01,0x80,0x1F,0x00,0x80,0x01,    // 119
    0x00,0x00,0x00,0x80,0x00,0x01,0x80,0x81,0x01,0x80,0xE3,0x01,0x00,0x7F,0x00,0x00,0x3C,0x00,0x00,0x7F,0x00,0x80,0xE3,0x01,0x80,0x81,0x01,0x80,0x00,0x01,    // 120
    0x00,0x00,0x00,0x80,0x00,0x00,0x80,0x07,0x18,0x00,0x1F,0x18,0x00,0x7C,0x1F,0x00,0xE0,0x0F,0x00,0xF8,0x01,0x00,0x3F,0x00,0x80,0x07,0x00,0x80,    // 121
    0x00,0x00,0x00,0x80,0x81,0x01,0x80,0xC1,0x01,0x80,0xE1,0x01,0x80,0xF9,0x01,0x80,0x9D,0x01,0x80,0x8F,0x01,0x80,0x87,0x01,0x80,0x83,0x01,0x80,0x81,0x01,    // 122
    0x00,0x00,0x00,0x00,0x00,0x00,0x00,0x0C,0x00,0x00,0x0C,0x00,0x00,0x1C,0x00,0xF0,0xFF,0x07,0xF8,0xF3,0x0F,0x18,0x00,0x0C,0x18,0x00,0x0C,0x18,0x00,0x0C,    // 123
    0x00,0x00,0x00,0x00,0x00,0x00,0x00,0x00,0x00,0x00,0x00,0x00,0x00,0x00,0x00,0xF8,0xFF,0x1F,0xF8,0xFF,0x1F,    // 124
    0x00,0x00,0x00,0x00,0x00,0x00,0x18,0x00,0x0C,0x18,0x00,0x0C,0x18,0x00,0x0C,0xF8,0xF3,0x0F,0xF0,0xFF,0x07,0x00,0x1C,0x00,0x00,0x0C,0x00,0x00,0x0C,    // 125
    0x00,0x00,0x00,0x00,0x18,0x00,0x00,0x0C,0x00,0x00,0x0C,0x00,0x00,0x0C,0x00,0x00,0x0C,0x00,0x00,0x18,0x00,0x00,0x18,0x00,0x00,0x18,0x00,0x00,0x0C,    // 126
    0x00,0x00,0x00,0xF0,0xFF,0x0F,0x10,0x00,0x08,0x10,0x00,0x08,0x10,0x00,0x08,0x10,0x00,0x08,0x10,0x00,0x08,0x10,0x00,0x08,0x10,0x00,0x08,0xF0,0xFF,0x0F,    // 127
    0x00,0x00,0x00,0xF0,0xFF,0x0F,0x10,0x00,0x08,0x10,0x00,0x08,0x10,0x00,0x08,0x10,0x00,0x08,0x10,0x00,0x08,0x10,0x00,0x08,0x10,0x00,0x08,0xF0,0xFF,0x0F,    // 128
    0x00,0x00,0x00,0xF0,0xFF,0x0F,0x10,0x00,0x08,0x10,0x00,0x08,0x10,0x00,0x08,0x10,0x00,0x08,0x10,0x00,0x08,0x10,0x00,0x08,0x10,0x00,0x08,0xF0,0xFF,0x0F,    // 129
    0x00,0x00,0x00,0xF0,0xFF,0x0F,0x10,0x00,0x08,0x10,0x00,0x08,0x10,0x00,0x08,0x10,0x00,0x08,0x10,0x00,0x08,0x10,0x00,0x08,0x10,0x00,0x08,0xF0,0xFF,0x0F,    // 130
    0x00,0x00,0x00,0xF0,0xFF,0x0F,0x10,0x00,0x08,0x10,0x00,0x08,0x10,0x00,0x08,0x10,0x00,0x08,0x10,0x00,0x08,0x10,0x00,0x08,0x10,0x00,0x08,0xF0,0xFF,0x0F,    // 131
    0x00,0x00,0x00,0xF0,0xFF,0x0F,0x10,0x00,0x08,0x10,0x00,0x08,0x10,0x00,0x08,0x10,0x00,0x08,0x10,0x00,0x08,0x10,0x00,0x08,0x10,0x00,0x08,0xF0,0xFF,0x0F,    // 132
    0x00,0x00,0x00,0xF0,0xFF,0x0F,0x10,0x00,0x08,0x10,0x00,0x08,0x10,0x00,0x08,0x10,0x00,0x08,0x10,0x00,0x08,0x10,0x00,0x08,0x10,0x00,0x08,0xF0,0xFF,0x0F,    // 133
    0x00,0x00,0x00,0xF0,0xFF,0x0F,0x10,0x00,0x08,0x10,0x00,0x08,0x10,0x00,0x08,0x10,0x00,0x08,0x10,0x00,0x08,0x10,0x00,0x08,0x10,0x00,0x08,0xF0,0xFF,0x0F,    // 134
    0x00,0x00,0x00,0xF0,0xFF,0x0F,0x10,0x00,0x08,0x10,0x00,0x08,0x10,0x00,0x08,0x10,0x00,0x08,0x10,0x00,0x08,0x10,0x00,0x08,0x10,0x00,0x08,0xF0,0xFF,0x0F,    // 135
    0x00,0x00,0x00,0xF0,0xFF,0x0F,0x10,0x00,0x08,0x10,0x00,0x08,0x10,0x00,0x08,0x10,0x00,0x08,0x10,0x00,0x08,0x10,0x00,0x08,0x10,0x00,0x08,0xF0,0xFF,0x0F,    // 136
    0x00,0x00,0x00,0xF0,0xFF,0x0F,0x10,0x00,0x08,0x10,0x00,0x08,0x10,0x00,0x08,0x10,0x00,0x08,0x10,0x00,0x08,0x10,0x00,0x08,0x10,0x00,0x08,0xF0,0xFF,0x0F,    // 137
    0x00,0x00,0x00,0xF0,0xFF,0x0F,0x10,0x00,0x08,0x10,0x00,0x08,0x10,0x00,0x08,0x10,0x00,0x08,0x10,0x00,0x08,0x10,0x00,0x08,0x10,0x00,0x08,0xF0,0xFF,0x0F,    // 138
    0x00,0x00,0x00,0xF0,0xFF,0x0F,0x10,0x00,0x08,0x10,0x00,0x08,0x10,0x00,0x08,0x10,0x00,0x08,0x10,0x00,0x08,0x10,0x00,0x08,0x10,0x00,0x08,0xF0,0xFF,0x0F,    // 139
    0x00,0x00,0x00,0xF0,0xFF,0x0F,0x10,0x00,0x08,0x10,0x00,0x08,0x10,0x00,0x08,0x10,0x00,0x08,0x10,0x00,0x08,0x10,0x00,0x08,0x10,0x00,0x08,0xF0,0xFF,0x0F,    // 140
    0x00,0x00,0x00,0xF0,0xFF,0x0F,0x10,0x00,0x08,0x10,0x00,0x08,0x10,0x00,0x08,0x10,0x00,0x08,0x10,0x00,0x08,0x10,0x00,0x08,0x10,0x00,0x08,0xF0,0xFF,0x0F,    // 141
    0x00,0x00,0x00,0xF0,0xFF,0x0F,0x10,0x00,0x08,0x10,0x00,0x08,0x10,0x00,0x08,0x10,0x00,0x08,0x10,0x00,0x08,0x10,0x00,0x08,0x10,0x00,0x08,0xF0,0xFF,0x0F,    // 142
    0x00,0x00,0x00,0xF0,0xFF,0x0F,0x10,0x00,0x08,0x10,0x00,0x08,0x10,0x00,0x08,0x10,0x00,0x08,0x10,0x00,0x08,0x10,0x00,0x08,0x10,0x00,0x08,0xF0,0xFF,0x0F,    // 143
    0x00,0x00,0x00,0xF0,0xFF,0x0F,0x10,0x00,0x08,0x10,0x00,0x08,0x10,0x00,0x08,0x10,0x00,0x08,0x10,0x00,0x08,0x10,0x00,0x08,0x10,0x00,0x08,0xF0,0xFF,0x0F,    // 144
    0x00,0x00,0x00,0xF0,0xFF,0x0F,0x10,0x00,0x08,0x10,0x00,0x08,0x10,0x00,0x08,0x10,0x00,0x08,0x10,0x00,0x08,0x10,0x00,0x08,0x10,0x00,0x08,0xF0,0xFF,0x0F,    // 145
    0x00,0x00,0x00,0xF0,0xFF,0x0F,0x10,0x00,0x08,0x10,0x00,0x08,0x10,0x00,0x08,0x10,0x00,0x08,0x10,0x00,0x08,0x10,0x00,0x08,0x10,0x00,0x08,0xF0,0xFF,0x0F,    // 146
    0x00,0x00,0x00,0xF0,0xFF,0x0F,0x10,0x00,0x08,0x10,0x00,0x08,0x10,0x00,0x08,0x10,0x00,0x08,0x10,0x00,0x08,0x10,0x00,0x08,0x10,0x00,0x08,0xF0,0xFF,0x0F,    // 147
    0x00,0x00,0x00,0xF0,0xFF,0x0F,0x10,0x00,0x08,0x10,0x00,0x08,0x10,0x00,0x08,0x10,0x00,0x08,0x10,0x00,0x08,0x10,0x00,0x08,0x10,0x00,0x08,0xF0,0xFF,0x0F,    // 148
    0x00,0x00,0x00,0xF0,0xFF,0x0F,0x10,0x00,0x08,0x10,0x00,0x08,0x10,0x00,0x08,0x10,0x00,0x08,0x10,0x00,0x08,0x10,0x00,0x08,0x10,0x00,0x08,0xF0,0xFF,0x0F,    // 149
    0x00,0x00,0x00,0xF0,0xFF,0x0F,0x10,0x00,0x08,0x10,0x00,0x08,0x10,0x00,0x08,0x10,0x00,0x08,0x10,0x00,0x08,0x10,0x00,0x08,0x10,0x00,0x08,0xF0,0xFF,0x0F,    // 150
    0x00,0x00,0x00,0xF0,0xFF,0x0F,0x10,0x00,0x08,0x10,0x00,0x08,0x10,0x00,0x08,0x10,0x00,0x08,0x10,0x00,0x08,0x10,0x00,0x08,0x10,0x00,0x08,0xF0,0xFF,0x0F,    // 151
    0x00,0x00,0x00,0xF0,0xFF,0x0F,0x10,0x00,0x08,0x10,0x00,0x08,0x10,0x00,0x08,0x10,0x00,0x08,0x10,0x00,0x08,0x10,0x00,0x08,0x10,0x00,0x08,0xF0,0xFF,0x0F,    // 152
    0x00,0x00,0x00,0xF0,0xFF,0x0F,0x10,0x00,0x08,0x10,0x00,0x08,0x10,0x00,0x08,0x10,0x00,0x08,0x10,0x00,0x08,0x10,0x00,0x08,0x10,0x00,0x08,0xF0,0xFF,0x0F,    // 153
    0x00,0x00,0x00,0xF0,0xFF,0x0F,0x10,0x00,0x08,0x10,0x00,0x08,0x10,0x00,0x08,0x10,0x00,0x08,0x10,0x00,0x08,0x10,0x00,0x08,0x10,0x00,0x08,0xF0,0xFF,0x0F,    // 154
    0x00,0x00,0x00,0xF0,0xFF,0x0F,0x10,0x00,0x08,0x10,0x00,0x08,0x10,0x00,0x08,0x10,0x00,0x08,0x10,0x00,0x08,0x10,0x00,0x08,0x10,0x00,0x08,0xF0,0xFF,0x0F,    // 155
    0x00,0x00,0x00,0xF0,0xFF,0x0F,0x10,0x00,0x08,0x10,0x00,0x08,0x10,0x00,0x08,0x10,0x00,0x08,0x10,0x00,0x08,0x10,0x00,0x08,0x10,0x00,0x08,0xF0,0xFF,0x0F,    // 156
    0x00,0x00,0x00,0xF0,0xFF,0x0F,0x10,0x00,0x08,0x10,0x00,0x08,0x10,0x00,0x08,0x10,0x00,0x08,0x10,0x00,0x08,0x10,0x00,0x08,0x10,0x00,0x08,0xF0,0xFF,0x0F,    // 157
    0x00,0x00,0x00,0xF0,0xFF,0x0F,0x10,0x00,0x08,0x10,0x00,0x08,0x10,0x00,0x08,0x10,0x00,0x08,0x10,0x00,0x08,0x10,0x00,0x08,0x10,0x00,0x08,0xF0,0xFF,0x0F,    // 158
    0x00,0x00,0x00,0xF0,0xFF,0x0F,0x10,0x00,0x08,0x10,0x00,0x08,0x10,0x00,0x08,0x10,0x00,0x08,0x10,0x00,0x08,0x10,0x00,0x08,0x10,0x00,0x08,0xF0,0xFF,0x0F,    // 159
    0x00,0x00,0x00,0x00,0x00,0x00,0x00,0x00,0x00,0x00,0x00,0x00,0x00,0x00,0x00,0x80,0xF9,0x0F,0x80,0xF9,0x0F,    // 161
    0x00,0x00,0x00,0x00,0x7E,0x00,0x00,0xFF,0x00,0x80,0xC3,0x01,0x80,0x81,0x01,0xF0,0xFF,0x0F,0x80,0x81,0x01,0x00,0xC3,    // 162
    0x00,0x00,0x00,0x00,0x8C,0x01,0x00,0x8C,0x01,0xC0,0xFF,0x01,0xE0,0xFF,0x01,0x70,0x8C,0x01,0x30,0x8C,0x01,0x30,0x8C,0x01,0x30,0x80,0x01,0x60,0x80,0x01,    // 163
    0x00,0x00,0x00,0x00,0x00,0x00,0x80,0x40,0x00,0x00,0x3F,0x00,0x00,0x33,0x00,0x00,0x21,0x00,0x00,0x21,0x00,0x00,0x33,0x00,0x00,0x3F,0x00,0x80,0x40,    // 164
    0x00,0x00,0x00,0x10,0x12,0x00,0x70,0x12,0x00,0xF0,0x13,0x00,0xC0,0x17,0x00,0x00,0xFF,0x01,0x00,0xFF,0x01,0xC0,0x17,0x00,0xF0,0x13,0x00,0x70,0x12,0x00,0x10,0x12,    // 165
    0x00,0x00,0x00,0x00,0x00,0x00,0x00,0x00,0x00,0x00,0x00,0x00,0x00,0x00,0x00,0xF0,0xE7,0x0F,0xF0,0xE7,0x0F,    // 166
    0x00,0x00,0x00,0x00,0x00,0x00,0x00,0x0C,0x00,0xE0,0x1E,0x06,0xF0,0x33,0x06,0x30,0x63,0x06,0x30,0xE6,0x07,0x30,0xBC,0x03,0x00,0x1C,    // 167
    0x00,0x00,0x00,0x00,0x00,0x00,0x00,0x00,0x00,0x18,0x00,0x00,0x18,0x00,0x00,0x00,0x00,0x00,0x00,0x00,0x00,0x18,0x00,0x00,0x18,    // 168
    0x00,0x1F,0x00,0x80,0x20,0x00,0x40,0x4E,0x00,0x20,0x91,0x00,0xA0,0xA0,0x00,0xA0,0xA0,0x00,0xA0,0xA0,0x00,0xA0,0xA0,0x00,0x40,0x40,0x00,0x80,0x20,0x00,0x00,0x1F,    // 169
    0x00,0x00,0x00,0x00,0x00,0x00,0x80,0x13,0x00,0xD0,0x14,0x00,0x50,0x14,0x00,0x50,0x14,0x00,0x50,0x14,0x00,0x50,0x12,0x00,0xE0,0x17,    // 170
    0x00,0x00,0x00,0x00,0x18,0x00,0x00,0x3C,0x00,0x00,0x66,0x00,0x00,0xC3,0x00,0x00,0x18,0x00,0x00,0x3C,0x00,0x00,0x66,0x00,0x00,0xC3,    // 171
    0x00,0x00,0x00,0x00,0x06,0x00,0x00,0x06,0x00,0x00,0x06,0x00,0x00,0x06,0x00,0x00,0x06,0x00,0x00,0x06,0x00,0x00,0x06,0x00,0x00,0x1E,0x00,0x00,0x1E,    // 172
    0x00,0x00,0x00,0x00,0x00,0x00,0x00,0x00,0x00,0x00,0x18,0x00,0x00,0x18,0x00,0x00,0x18,0x00,0x00,0x18,0x00,0x00,0x18,    // 173
    0x00,0x1F,0x00,0x80,0x20,0x00,0x40,0x40,0x00,0xA0,0xBF,0x00,0xA0,0x84,0x00,0xA0,0x84,0x00,0xA0,0x8C,0x00,0x20,0xB3,0x00,0x40,0x60,0x00,0x80,0x20,0x00,0x00,0x1F,    // 174
    0x00,0x00,0x00,0x00,0x00,0x00,0x00,0x00,0x00,0x30,0x00,0x00,0x30,0x00,0x00,0x30,0x00,0x00,0x30,0x00,0x00,0x30,    // 175
    0x00,0x00,0x00,0x00,0x00,0x00,0x00,0x00,0x00,0xE0,0x01,0x00,0x30,0x03,0x00,0x10,0x02,0x00,0x10,0x02,0x00,0x30,0x03,0x00,0xE0,0x01,    // 176
    0x00,0x00,0x00,0x00,0x8C,0x01,0x00,0x8C,0x01,0x00,0x8C,0x01,0x00,0x8C,0x01,0x80,0xFF,0x01,0x80,0xFF,0x01,0x00,0x8C,0x01,0x00,0x8C,0x01,0x00,0x8C,0x01,0x00,0x8C,0x01,    // 177
    0x00,0x00,0x00,0x00,0x00,0x00,0x00,0x00,0x00,0x20,0x04,0x00,0x10,0x06,0x00,0x10,0x05,0x00,0x90,0x05,0x00,0xE0,0x04,    // 178
    0x00,0x00,0x00,0x00,0x00,0x00,0x00,0x00,0x00,0x10,0x04,0x00,0x50,0x04,0x00,0x50,0x04,0x00,0x50,0x04,0x00,0xA0,0x03,    // 179
    0x00,0x00,0x00,0x00,0x00,0x00,0x00,0x00,0x00,0x00,0x00,0x00,0x20,0x00,0x00,0x30,0x00,0x00,0x18,0x00,0x00,0x08,    // 180
    0x00,0x00,0x00,0x80,0xFF,0x1F,0x80,0xFF,0x1F,0x00,0xC0,0x00,0x00,0x80,0x01,0x00,0x80,0x01,0x00,0x80,0x01,0x00,0xC0,0x00,0x80,0xFF,0x00,0x80,0xFF,0x01,0x00,0x80,0x01,    // 181
    0x00,0x00,0x00,0xC0,0x01,0x00,0xE0,0x03,0x00,0xF0,0x07,0x00,0xF0,0x07,0x00,0xF0,0x07,0x00,0xF0,0xFF,0x07,0x10,0x00,0x00,0x10,0x00,0x00,0xF0,0xFF,0x07,    // 182
    0x00,0x00,0x00,0x00,0x00,0x00,0x00,0x00,0x00,0x00,0x00,0x00,0x00,0x0E,0x00,0x00,0x0E,    // 183
    0x00,0x00,0x00,0x00,0x00,0x00,0x00,0x00,0x00,0x00,0x00,0x00,0x00,0x00,0x08,0x00,0x00,0x08,0x00,0x00,0x0E,    // 184
    0x00,0x00,0x00,0x00,0x00,0x00,0x00,0x00,0x00,0x10,0x04,0x00,0x10,0x04,0x00,0xF0,0x07,0x00,0x00,0x04,0x00,0x00,0x04,    // 185
    0x00,0x00,0x00,0x00,0x00,0x00,0xC0,0x11,0x00,0x20,0x12,0x00,0x10,0x14,0x00,0x10,0x14,0x00,0x10,0x14,0x00,0x20,0x12,0x00,0xC0,0x11,    // 186
    0x00,0x00,0x00,0x00,0x00,0x00,0x00,0xC3,0x00,0x00,0x66,0x00,0x00,0x3C,0x00,0x00,0x18,0x00,0x00,0xC3,0x00,0x00,0x66,0x00,0x00,0x3C,0x00,0x00,0x18,    // 187
    0x00,0x08,0x00,0x08,0x0A,0x00,0x08,0x0E,0x00,0xF8,0x07,0x00,0x00,0x86,0x01,0x00,0xC6,0x01,0x00,0x64,0x01,0x00,0x16,0x01,0x00,0xF2,0x07,0x00,0x02,0x01,    // 188
    0x00,0x08,0x00,0x08,0x0A,0x00,0x08,0x0E,0x00,0xF8,0x07,0x00,0x00,0x06,0x00,0x00,0x26,0x04,0x00,0x14,0x06,0x00,0x16,0x05,0x00,0x92,0x05,0x00,0xE2,0x04,    // 189
    0x00,0x08,0x00,0x08,0x0A,0x00,0x28,0x0E,0x00,0x28,0x06,0x00,0x28,0x86,0x01,0xD0,0xC5,0x01,0x00,0x64,0x01,0x00,0x16,0x01,0x00,0xF2,0x07,0x00,0x02,0x01,    // 190
    0x00,0x00,0x00,0x00,0x00,0x00,0x00,0x00,0x07,0x00,0x80,0x0F,0x00,0xE0,0x19,0x80,0x7D,0x18,0x80,0x3D,0x18,0x00,0x00,0x18,0x00,0x00,0x0C,    // 191
    0x00,0x00,0x00,0x00,0x80,0x01,0x00,0xF0,0x01,0x02,0x7F,0x00,0xF6,0x3F,0x00,0xF4,0x30,0x00,0xF0,0x3F,0x00,0x00,0x7F,0x00,0x00,0xF0,0x01,0x00,0x80,0x01,    // 192
    0x00,0x00,0x00,0x00,0x80,0x01,0x00,0xF0,0x01,0x00,0x7F,0x00,0xF4,0x3F,0x00,0xF6,0x30,0x00,0xF2,0x3F,0x00,0x00,0x7F,0x00,0x00,0xF0,0x01,0x00,0x80,0x01,    // 193
    0x00,0x00,0x00,0x00,0x80,0x01,0x00,0xF0,0x01,0x04,0x7F,0x00,0xF6,0x3F,0x00,0xF2,0x30,0x00,0xF6,0x3F,0x00,0x04,0x7F,0x00,0x00,0xF0,0x01,0x00,0x80,0x01,    // 194
    0x00,0x00,0x00,0x00,0x80,0x01,0x00,0xF0,0x01,0x06,0x7F,0x00,0xF2,0x3F,0x00,0xF6,0x30,0x00,0xF4,0x3F,0x00,0x06,0x7F,0x00,0x00,0xF0,0x01,0x00,0x80,0x01,    // 195
    0x00,0x00,0x00,0x00,0x80,0x01,0x00,0xF0,0x01,0x06,0x7F,0x00,0xF6,0x3F,0x00,0xF0,0x30,0x00,0xF6,0x3F,0x00,0x06,0x7F,0x00,0x00,0xF0,0x01,0x00,0x80,0x01,    // 196
    0x00,0x00,0x00,0x00,0x80,0x01,0x00,0xF0,0x01,0x00,0xFE,0x00,0xCE,0x3F,0x00,0xF1,0x33,0x00,0xCE,0x3F,0x00,0x00,0xFE,0x00,0x00,0xF0,0x01,0x00,0x80,0x01,    // 197
    0x00,0x80,0x01,0x00,0xF0,0x01,0x00,0xFE,0x00,0xE0,0x3F,0x00,0xF0,0x31,0x00,0x30,0x30,0x00,0xF0,0xFF,0x01,0xF0,0xFF,0x01,0x30,0x86,0x01,0x30,0x86,0x01,0x30,0x86,0x01,    // 198
    0x00,0x00,0x00,0x80,0x3F,0x00,0xC0,0x7F,0x00,0xE0,0xE0,0x00,0x70,0xC0,0x01,0x30,0x80,0x09,0x30,0x80,0x09,0x30,0x80,0x0F,0x30,0x80,0x01,0x60,0xC0,    // 199
    0x00,0x00,0x00,0xF0,0xFF,0x01,0xF0,0xFF,0x01,0x32,0x86,0x01,0x36,0x86,0x01,0x34,0x86,0x01,0x30,0x86,0x01,0x30,0x86,0x01,0x30,0x86,0x01,0x30,0x86,0x01,    // 200
    0x00,0x00,0x00,0xF0,0xFF,0x01,0xF0,0xFF,0x01,0x30,0x86,0x01,0x34,0x86,0x01,0x36,0x86,0x01,0x32,0x86,0x01,0x30,0x86,0x01,0x30,0x86,0x01,0x30,0x86,0x01,    // 201
    0x00,0x00,0x00,0xF0,0xFF,0x01,0xF0,0xFF,0x01,0x34,0x86,0x01,0x36,0x86,0x01,0x32,0x86,0x01,0x36,0x86,0x01,0x34,0x86,0x01,0x30,0x86,0x01,0x30,0x86,0x01,    // 202
    0x00,0x00,0x00,0xF0,0xFF,0x01,0xF0,0xFF,0x01,0x36,0x86,0x01,0x36,0x86,0x01,0x30,0x86,0x01,0x30,0x86,0x01,0x36,0x86,0x01,0x36,0x86,0x01,0x30,0x86,0x01,    // 203
    0x00,0x00,0x00,0x00,0x00,0x00,0x30,0x80,0x01,0x32,0x80,0x01,0x36,0x80,0x01,0xF4,0xFF,0x01,0xF0,0xFF,0x01,0x30,0x80,0x01,0x30,0x80,0x01,0x30,0x80,0x01,    // 204
    0x00,0x00,0x00,0x00,0x00,0x00,0x30,0x80,0x01,0x30,0x80,0x01,0x34,0x80,0x01,0xF6,0xFF,0x01,0xF2,0xFF,0x01,0x30,0x80,0x01,0x30,0x80,0x01,0x30,0x80,0x01,    // 205
    0x00,0x00,0x00,0x00,0x00,0x00,0x30,0x80,0x01,0x30,0x80,0x01,0x34,0x80,0x01,0xF2,0xFF,0x01,0xF2,0xFF,0x01,0x34,0x80,0x01,0x30,0x80,0x01,0x30,0x80,0x01,    // 206
    0x00,0x00,0x00,0x00,0x00,0x00,0x30,0x80,0x01,0x36,0x80,0x01,0x36,0x80,0x01,0xF0,0xFF,0x01,0xF0,0xFF,0x01,0x36,0x80,0x01,0x36,0x80,0x01,0x30,0x80,0x01,    // 207
    0x00,0x06,0x00,0xF0,0xFF,0x01,0xF0,0xFF,0x01,0x30,0x86,0x01,0x30,0x86,0x01,0x30,0x80,0x01,0x70,0xC0,0x01,0xE0,0xE0,0x00,0xC0,0x7F,0x00,0x80,0x3F,    // 208
    0x00,0x00,0x00,0xF0,0xFF,0x01,0xF0,0xFF,0x01,0x76,0x00,0x00,0xC2,0x03,0x00,0x06,0x0E,0x00,0x04,0x78,0x00,0x06,0xC0,0x01,0xF0,0xFF,0x01,0xF0,0xFF,0x01,    // 209
    0x00,0x00,0x00,0x80,0x3F,0x00,0xE0,0xFF,0x00,0x72,0xC0,0x01,0x36,0x80,0x01,0x34,0x80,0x01,0x30,0x80,0x01,0x70,0xC0,0x01,0xE0,0xFF,0x00,0x80,0x3F,    // 210
    0x00,0x00,0x00,0x80,0x3F,0x00,0xE0,0xFF,0x00,0x70,0xC0,0x01,0x34,0x80,0x01,0x36,0x80,0x01,0x32,0x80,0x01,0x70,0xC0,0x01,0xE0,0xFF,0x00,0x80,0x3F,    // 211
    0x00,0x00,0x00,0x80,0x3F,0x00,0xE0,0xFF,0x00,0x74,0xC0,0x01,0x36,0x80,0x01,0x32,0x80,0x01,0x36,0x80,0x01,0x74,0xC0,0x01,0xE0,0xFF,0x00,0x80,0x3F,    // 212
    0x00,0x00,0x00,0x80,0x3F,0x00,0xE0,0xFF,0x00,0x76,0xC0,0x01,0x32,0x80,0x01,0x36,0x80,0x01,0x34,0x80,0x01,0x76,0xC0,0x01,0xE0,0xFF,0x00,0x80,0x3F,    // 213
    0x00,0x00,0x00,0x80,0x3F,0x00,0xE0,0xFF,0x00,0x76,0xC0,0x01,0x36,0x80,0x01,0x30,0x80,0x01,0x36,0x80,0x01,0x76,0xC0,0x01,0xE0,0xFF,0x00,0x80,0x3F,    // 214
    0x00,0x00,0x00,0x80,0x21,0x00,0x80,0x73,0x00,0x00,0x3F,0x00,0x00,0x1E,0x00,0x00,0x1E,0x00,0x00,0x3F,0x00,0x80,0x73,0x00,0x80,0x21,    // 215
    0x00,0x00,0x01,0x80,0xFF,0x00,0xE0,0x7F,0x00,0x70,0xF0,0x00,0x30,0x88,0x01,0x30,0x84,0x01,0x30,0x83,0x01,0xE0,0xC1,0x01,0xC0,0xFF,0x00,0xB0,0x3F,0x00,0x10,    // 216
    0x00,0x00,0x00,0xF0,0x7F,0x00,0xF0,0xFF,0x00,0x02,0xC0,0x01,0x06,0x80,0x01,0x04,0x80,0x01,0x00,0x80,0x01,0x00,0xC0,0x01,0xF0,0xFF,0x00,0xF0,0x7F,    // 217
    0x00,0x00,0x00,0xF0,0x7F,0x00,0xF0,0xFF,0x00,0x00,0xC0,0x01,0x04,0x80,0x01,0x06,0x80,0x01,0x02,0x80,0x01,0x00,0xC0,0x01,0xF0,0xFF,0x00,0xF0,0x7F,    // 218
    0x00,0x00,0x00,0xF0,0x7F,0x00,0xF0,0xFF,0x00,0x04,0xC0,0x01,0x06,0x80,0x01,0x02,0x80,0x01,0x06,0x80,0x01,0x04,0xC0,0x01,0xF0,0xFF,0x00,0xF0,0x7F,    // 219
    0x00,0x00,0x00,0xF0,0x7F,0x00,0xF0,0xFF,0x00,0x06,0xC0,0x01,0x06,0x80,0x01,0x00,0x80,0x01,0x06,0x80,0x01,0x06,0xC0,0x01,0xF0,0xFF,0x00,0xF0,0x7F,    // 220
    0x00,0x00,0x00,0x10,0x00,0x00,0x70,0x00,0x00,0xF0,0x00,0x00,0xC4,0x03,0x00,0x06,0xFF,0x01,0x02,0xFF,0x01,0xC0,0x03,0x00,0xF0,0x00,0x00,0x70,0x00,0x00,0x10,    // 221
    0x00,0x00,0x00,0xF0,0xFF,0x01,0xF0,0xFF,0x01,0xC0,0x30,0x00,0xC0,0x30,0x00,0xC0,0x30,0x00,0xC0,0x30,0x00,0xC0,0x39,0x00,0x80,0x1F,0x00,0x00,0x0F,    // 222
    0x00,0x00,0x00,0xE0,0xFF,0x01,0xF0,0xFF,0x01,0x18,0x00,0x00,0x18,0xC0,0x00,0x18,0x83,0x01,0x98,0x87,0x01,0xF0,0x8C,0x01,0x60,0xF8,0x01,0x00,0xF0,    // 223
    0x00,0x00,0x00,0x00,0xF0,0x00,0x08,0xF3,0x01,0x98,0x99,0x01,0xB0,0x99,0x01,0xA0,0x99,0x01,0x80,0x99,0x01,0x80,0xDB,0x00,0x00,0xFF,0x01,0x00,0xFE,0x01,    // 224
    0x00,0x00,0x00,0x00,0xF0,0x00,0x00,0xF3,0x01,0x80,0x99,0x01,0xA0,0x99,0x01,0xB0,0x99,0x01,0x98,0x99,0x01,0x88,0xDB,0x00,0x00,0xFF,0x01,0x00,0xFE,0x01,    // 225
    0x00,0x00,0x00,0x00,0xF0,0x00,0x00,0xF3,0x01,0xA0,0x99,0x01,0xB0,0x99,0x01,0x98,0x99,0x01,0x98,0x99,0x01,0xB0,0xDB,0x00,0x20,0xFF,0x01,0x00,0xFE,0x01,    // 226
    0x00,0x00,0x00,0x00,0xF0,0x00,0x00,0xF3,0x01,0x98,0x99,0x01,0x88,0x99,0x01,0x88,0x99,0x01,0x90,0x99,0x01,0x90,0xDB,0x00,0x18,0xFF,0x01,0x00,0xFE,0x01,    // 227
    0x00,0x00,0x00,0x00,0xF0,0x00,0x00,0xF3,0x01,0x98,0x99,0x01,0x98,0x99,0x01,0x80,0x99,0x01,0x80,0x99,0x01,0x98,0xDB,0x00,0x18,0xFF,0x01,0x00,0xFE,0x01,    // 228
    0x00,0x00,0x00,0x00,0xF0,0x00,0x00,0xF3,0x01,0x9C,0x99,0x01,0xA2,0x99,0x01,0xA2,0x99,0x01,0xA2,0x99,0x01,0x9C,0xDB,0x00,0x00,0xFF,0x01,0x00,0xFE,0x01,    // 229
    0x00,0x00,0x00,0x00,0xF0,0x00,0x80,0xF9,0x01,0x80,0x99,0x01,0x00,0xFF,0x00,0x00,0xFF,0x00,0x80,0x99,0x01,0x80,0x99,0x01,0x80,0x9F,0x01,0x00,0xDF,    // 230
    0x00,0x00,0x00,0x00,0x3C,0x00,0x00,0xFF,0x00,0x00,0xC3,0x00,0x80,0x81,0x01,0x80,0x81,0x09,0x80,0x81,0x09,0x80,0x81,0x0F,0x00,0xC3,    // 231
    0x00,0x00,0x00,0x00,0x3C,0x00,0x08,0xFF,0x00,0x98,0xDB,0x00,0xB0,0x99,0x01,0xA0,0x99,0x01,0x80,0x99,0x01,0x80,0x9B,0x01,0x00,0x9F,0x01,0x00,0xDE,    // 232
    0x00,0x00,0x00,0x00,0x3C,0x00,0x00,0xFF,0x00,0x80,0xDB,0x00,0xA0,0x99,0x01,0xB0,0x99,0x01,0x98,0x99,0x01,0x88,0x9B,0x01,0x00,0x9F,0x01,0x00,0xDE,    // 233
    0x00,0x00,0x00,0x00,0x3C,0x00,0x00,0xFF,0x00,0xA0,0xDB,0x00,0xB0,0x99,0x01,0x98,0x99,0x01,0x98,0x99,0x01,0xB0,0x9B,0x01,0x20,0x9F,0x01,0x00,0xDE,    // 234
    0x00,0x00,0x00,0x00,0x3C,0x00,0x00,0xFF,0x00,0x98,0xDB,0x00,0x98,0x99,0x01,0x80,0x99,0x01,0x80,0x99,0x01,0x98,0x9B,0x01,0x18,0x9F,0x01,0x00,0xDE,    // 235
    0x00,0x00,0x00,0x00,0x00,0x00,0x88,0x81,0x01,0x98,0x81,0x01,0xB0,0x81,0x01,0xA0,0xFF,0x01,0x80,0xFF,0x01,0x00,0x80,0x01,0x00,0x80,0x01,0x00,0x80,0x01,    // 236
    0x00,0x00,0x00,0x00,0x00,0x00,0x80,0x81,0x01,0x80,0x81,0x01,0xA0,0x81,0x01,0xB0,0xFF,0x01,0x98,0xFF,0x01,0x08,0x80,0x01,0x00,0x80,0x01,0x00,0x80,0x01,    // 237
    0x00,0x00,0x00,0x00,0x00,0x00,0x80,0x81,0x01,0xA0,0x81,0x01,0xB0,0x81,0x01,0x98,0xFF,0x01,0x98,0xFF,0x01,0x30,0x80,0x01,0x20,0x80,0x01,0x00,0x80,0x01,    // 238
    0x00,0x00,0x00,0x00,0x00,0x00,0x80,0x81,0x01,0x98,0x81,0x01,0x98,0x81,0x01,0x80,0xFF,0x01,0x80,0xFF,0x01,0x18,0x80,0x01,0x18,0x80,0x01,0x00,0x80,0x01,    // 239
    0x00,0x00,0x00,0x00,0x7E,0x00,0x28,0xFF,0x00,0xB8,0xC3,0x01,0xB8,0x81,0x01,0xF0,0x81,0x01,0xF0,0x81,0x01,0xD0,0xC3,0x01,0x80,0xFF,0x00,0x00,0x7E,    // 240
    0x00,0x00,0x00,0x80,0xFF,0x01,0x80,0xFF,0x01,0x18,0x03,0x00,0x08,0x01,0x00,0x88,0x01,0x00,0x90,0x01,0x00,0x90,0x03,0x00,0x18,0xFF,0x01,0x00,0xFE,0x01,    // 241
    0x00,0x00,0x00,0x00,0x7E,0x00,0x08,0xFF,0x00,0x98,0xC3,0x01,0xB0,0x81,0x01,0xA0,0x81,0x01,0x80,0x81,0x01,0x80,0xC3,0x01,0x00,0xFF,0x00,0x00,0x7E,    // 242
    0x00,0x00,0x00,0x00,0x7E,0x00,0x00,0xFF,0x00,0x80,0xC3,0x01,0xA0,0x81,0x01,0xB0,0x81,0x01,0x98,0x81,0x01,0x88,0xC3,0x01,0x00,0xFF,0x00,0x00,0x7E,    // 243
    0x00,0x00,0x00,0x00,0x7E,0x00,0x00,0xFF,0x00,0xA0,0xC3,0x01,0x90,0x81,0x01,0x88,0x81,0x01,0x90,0x81,0x01,0xA0,0xC3,0x01,0x00,0xFF,0x00,0x00,0x7E,    // 244
    0x00,0x00,0x00,0x00,0x7E,0x00,0x00,0xFF,0x00,0x98,0xC3,0x01,0x88,0x81,0x01,0x98,0x81,0x01,0x90,0x81,0x01,0x98,0xC3,0x01,0x00,0xFF,0x00,0x00,0x7E,    // 245
    0x00,0x00,0x00,0x00,0x7E,0x00,0x18,0xFF,0x00,0x98,0xC3,0x01,0x80,0x81,0x01,0x80,0x81,0x01,0x80,0x81,0x01,0x98,0xC3,0x01,0x18,0xFF,0x00,0x00,0x7E,    // 246
    0x00,0x0C,0x00,0x00,0x0C,0x00,0x00,0x0C,0x00,0x00,0x0C,0x00,0x80,0x6D,0x00,0x80,0x6D,0x00,0x00,0x0C,0x00,0x00,0x0C,0x00,0x00,0x0C,0x00,0x00,0x0C,    // 247
    0x00,0x00,0x00,0x00,0xBE,0x01,0x00,0xFF,0x00,0x80,0xE3,0x00,0x80,0xB1,0x01,0x80,0x99,0x01,0x80,0x8D,0x01,0x00,0xC7,0x01,0x00,0xFF,0x00,0x80,0x7D,    // 248
    0x00,0x00,0x00,0x80,0x7F,0x00,0x88,0xFF,0x00,0x18,0xC0,0x01,0x30,0x80,0x01,0x20,0x80,0x01,0x00,0x80,0x00,0x00,0xC0,0x00,0x80,0xFF,0x01,0x80,0xFF,0x01,    // 249
    0x00,0x00,0x00,0x80,0x7F,0x00,0x80,0xFF,0x00,0x00,0xC0,0x01,0x20,0x80,0x01,0x30,0x80,0x01,0x18,0x80,0x00,0x08,0xC0,0x00,0x80,0xFF,0x01,0x80,0xFF,0x01,    // 250
    0x00,0x00,0x00,0x80,0x7F,0x00,0x80,0xFF,0x00,0x20,0xC0,0x01,0x10,0x80,0x01,0x08,0x80,0x01,0x10,0x80,0x00,0x20,0xC0,0x00,0x80,0xFF,0x01,0x80,0xFF,0x01,    // 251
    0x00,0x00,0x00,0x80,0x7F,0x00,0x98,0xFF,0x00,0x18,0xC0,0x01,0x00,0x80,0x01,0x00,0x80,0x01,0x00,0x80,0x00,0x18,0xC0,0x00,0x98,0xFF,0x01,0x80,0xFF,0x01,    // 252
    0x00,0x00,0x00,0x80,0x00,0x00,0x80,0x07,0x18,0x00,0x1F,0x18,0x20,0x7C,0x1F,0x30,0xE0,0x0F,0x18,0xF8,0x01,0x08,0x3F,0x00,0x80,0x07,0x00,0x80,    // 253
    0x00,0x00,0x00,0xF8,0xFF,0x1F,0xF8,0xFF,0x1F,0x00,0xC3,0x00,0x80,0x81,0x01,0x80,0x81,0x01,0x80,0x81,0x01,0x80,0xC3,0x01,0x00,0xFF,0x00,0x00,0x7E,    // 254
    0x00,0x00,0x00,0x80,0x00,0x00,0x80,0x07,0x18,0x18,0x1F,0x18,0x18,0x7C,0x1F,0x00,0xE0,0x0F,0x00,0xF8,0x01,0x18,0x3F,0x00,0x98,0x07,0x00,0x80    // 255
};

// Created by https://oleddisplay.squix.ch/ Consider a donation
// In case of problems make sure that you are using the font file with the correct version!
const char Monospaced_plain_24[] = {
    0x0E, // Width: 14
    0x1D, // Height: 29
    0x20, // First Char: 32
    0xE0, // Numbers of Chars: 224

    // Jump Table:
    0xFF, 0xFF, 0x00, 0x0E,  // 32:65535
    0x00, 0x00, 0x1F, 0x0E,  // 33:0
    0x00, 0x1F, 0x26, 0x0E,  // 34:31
    0x00, 0x45, 0x36, 0x0E,  // 35:69
    0x00, 0x7B, 0x33, 0x0E,  // 36:123
    0x00, 0xAE, 0x37, 0x0E,  // 37:174
    0x00, 0xE5, 0x37, 0x0E,  // 38:229
    0x01, 0x1C, 0x1E, 0x0E,  // 39:284
    0x01, 0x3A, 0x28, 0x0E,  // 40:314
    0x01, 0x62, 0x23, 0x0E,  // 41:354
    0x01, 0x85, 0x32, 0x0E,  // 42:389
    0x01, 0xB7, 0x32, 0x0E,  // 43:439
    0x01, 0xE9, 0x23, 0x0E,  // 44:489
    0x02, 0x0C, 0x27, 0x0E,  // 45:524
    0x02, 0x33, 0x23, 0x0E,  // 46:563
    0x02, 0x56, 0x2D, 0x0E,  // 47:598
    0x02, 0x83, 0x33, 0x0E,  // 48:643
    0x02, 0xB6, 0x33, 0x0E,  // 49:694
    0x02, 0xE9, 0x33, 0x0E,  // 50:745
    0x03, 0x1C, 0x33, 0x0E,  // 51:796
    0x03, 0x4F, 0x33, 0x0E,  // 52:847
    0x03, 0x82, 0x33, 0x0E,  // 53:898
    0x03, 0xB5, 0x33, 0x0E,  // 54:949
    0x03, 0xE8, 0x31, 0x0E,  // 55:1000
    0x04, 0x19, 0x33, 0x0E,  // 56:1049
    0x04, 0x4C, 0x33, 0x0E,  // 57:1100
    0x04, 0x7F, 0x23, 0x0E,  // 58:1151
    0x04, 0xA2, 0x23, 0x0E,  // 59:1186
    0x04, 0xC5, 0x33, 0x0E,  // 60:1221
    0x04, 0xF8, 0x33, 0x0E,  // 61:1272
    0x05, 0x2B, 0x33, 0x0E,  // 62:1323
    0x05, 0x5E, 0x2E, 0x0E,  // 63:1374
    0x05, 0x8C, 0x37, 0x0E,  // 64:1420
    0x05, 0xC3, 0x33, 0x0E,  // 65:1475
    0x05, 0xF6, 0x2F, 0x0E,  // 66:1526
    0x06, 0x25, 0x2F, 0x0E,  // 67:1573
    0x06, 0x54, 0x2F, 0x0E,  // 68:1620
    0x06, 0x83, 0x2F, 0x0E,  // 69:1667
    0x06, 0xB2, 0x2D, 0x0E,  // 70:1714
    0x06, 0xDF, 0x33, 0x0E,  // 71:1759
    0x07, 0x12, 0x2F, 0x0E,  // 72:1810
    0x07, 0x41, 0x2F, 0x0E,  // 73:1857
    0x07, 0x70, 0x2B, 0x0E,  // 74:1904
    0x07, 0x9B, 0x33, 0x0E,  // 75:1947
    0x07, 0xCE, 0x2F, 0x0E,  // 76:1998
    0x07, 0xFD, 0x33, 0x0E,  // 77:2045
    0x08, 0x30, 0x2F, 0x0E,  // 78:2096
    0x08, 0x5F, 0x33, 0x0E,  // 79:2143
    0x08, 0x92, 0x2E, 0x0E,  // 80:2194
    0x08, 0xC0, 0x33, 0x0E,  // 81:2240
    0x08, 0xF3, 0x37, 0x0E,  // 82:2291
    0x09, 0x2A, 0x2F, 0x0E,  // 83:2346
    0x09, 0x59, 0x31, 0x0E,  // 84:2393
    0x09, 0x8A, 0x2F, 0x0E,  // 85:2442
    0x09, 0xB9, 0x31, 0x0E,  // 86:2489
    0x09, 0xEA, 0x36, 0x0E,  // 87:2538
    0x0A, 0x20, 0x33, 0x0E,  // 88:2592
    0x0A, 0x53, 0x35, 0x0E,  // 89:2643
    0x0A, 0x88, 0x33, 0x0E,  // 90:2696
    0x0A, 0xBB, 0x28, 0x0E,  // 91:2747
    0x0A, 0xE3, 0x30, 0x0E,  // 92:2787
    0x0B, 0x13, 0x24, 0x0E,  // 93:2835
    0x0B, 0x37, 0x36, 0x0E,  // 94:2871
    0x0B, 0x6D, 0x38, 0x0E,  // 95:2925
    0x0B, 0xA5, 0x21, 0x0E,  // 96:2981
    0x0B, 0xC6, 0x33, 0x0E,  // 97:3014
    0x0B, 0xF9, 0x33, 0x0E,  // 98:3065
    0x0C, 0x2C, 0x2F, 0x0E,  // 99:3116
    0x0C, 0x5B, 0x33, 0x0E,  // 100:3163
    0x0C, 0x8E, 0x33, 0x0E,  // 101:3214
    0x0C, 0xC1, 0x32, 0x0E,  // 102:3265
    0x0C, 0xF3, 0x34, 0x0E,  // 103:3315
    0x0D, 0x27, 0x33, 0x0E,  // 104:3367
    0x0D, 0x5A, 0x2F, 0x0E,  // 105:3418
    0x0D, 0x89, 0x24, 0x0E,  // 106:3465
    0x0D, 0xAD, 0x33, 0x0E,  // 107:3501
    0x0D, 0xE0, 0x2F, 0x0E,  // 108:3552
    0x0E, 0x0F, 0x37, 0x0E,  // 109:3599
    0x0E, 0x46, 0x33, 0x0E,  // 110:3654
    0x0E, 0x79, 0x33, 0x0E,  // 111:3705
    0x0E, 0xAC, 0x33, 0x0E,  // 112:3756
    0x0E, 0xDF, 0x34, 0x0E,  // 113:3807
    0x0F, 0x13, 0x32, 0x0E,  // 114:3859
    0x0F, 0x45, 0x33, 0x0E,  // 115:3909
    0x0F, 0x78, 0x2F, 0x0E,  // 116:3960
    0x0F, 0xA7, 0x33, 0x0E,  // 117:4007
    0x0F, 0xDA, 0x32, 0x0E,  // 118:4058
    0x10, 0x0C, 0x36, 0x0E,  // 119:4108
    0x10, 0x42, 0x33, 0x0E,  // 120:4162
    0x10, 0x75, 0x32, 0x0E,  // 121:4213
    0x10, 0xA7, 0x33, 0x0E,  // 122:4263
    0x10, 0xDA, 0x2C, 0x0E,  // 123:4314
    0x11, 0x06, 0x20, 0x0E,  // 124:4358
    0x11, 0x26, 0x2F, 0x0E,  // 125:4390
    0x11, 0x55, 0x32, 0x0E,  // 126:4437
    0x11, 0x87, 0x34, 0x0E,  // 127:4487
    0x11, 0xBB, 0x34, 0x0E,  // 128:4539
    0x11, 0xEF, 0x34, 0x0E,  // 129:4591
    0x12, 0x23, 0x34, 0x0E,  // 130:4643
    0x12, 0x57, 0x34, 0x0E,  // 131:4695
    0x12, 0x8B, 0x34, 0x0E,  // 132:4747
    0x12, 0xBF, 0x34, 0x0E,  // 133:4799
    0x12, 0xF3, 0x34, 0x0E,  // 134:4851
    0x13, 0x27, 0x34, 0x0E,  // 135:4903
    0x13, 0x5B, 0x34, 0x0E,  // 136:4955
    0x13, 0x8F, 0x34, 0x0E,  // 137:5007
    0x13, 0xC3, 0x34, 0x0E,  // 138:5059
    0x13, 0xF7, 0x34, 0x0E,  // 139:5111
    0x14, 0x2B, 0x34, 0x0E,  // 140:5163
    0x14, 0x5F, 0x34, 0x0E,  // 141:5215
    0x14, 0x93, 0x34, 0x0E,  // 142:5267
    0x14, 0xC7, 0x34, 0x0E,  // 143:5319
    0x14, 0xFB, 0x34, 0x0E,  // 144:5371
    0x15, 0x2F, 0x34, 0x0E,  // 145:5423
    0x15, 0x63, 0x34, 0x0E,  // 146:5475
    0x15, 0x97, 0x34, 0x0E,  // 147:5527
    0x15, 0xCB, 0x34, 0x0E,  // 148:5579
    0x15, 0xFF, 0x34, 0x0E,  // 149:5631
    0x16, 0x33, 0x34, 0x0E,  // 150:5683
    0x16, 0x67, 0x34, 0x0E,  // 151:5735
    0x16, 0x9B, 0x34, 0x0E,  // 152:5787
    0x16, 0xCF, 0x34, 0x0E,  // 153:5839
    0x17, 0x03, 0x34, 0x0E,  // 154:5891
    0x17, 0x37, 0x34, 0x0E,  // 155:5943
    0x17, 0x6B, 0x34, 0x0E,  // 156:5995
    0x17, 0x9F, 0x34, 0x0E,  // 157:6047
    0x17, 0xD3, 0x34, 0x0E,  // 158:6099
    0x18, 0x07, 0x34, 0x0E,  // 159:6151
    0xFF, 0xFF, 0x00, 0x0E,  // 160:65535
    0x18, 0x3B, 0x20, 0x0E,  // 161:6203
    0x18, 0x5B, 0x2F, 0x0E,  // 162:6235
    0x18, 0x8A, 0x2F, 0x0E,  // 163:6282
    0x18, 0xB9, 0x33, 0x0E,  // 164:6329
    0x18, 0xEC, 0x35, 0x0E,  // 165:6380
    0x19, 0x21, 0x20, 0x0E,  // 166:6433
    0x19, 0x41, 0x2F, 0x0E,  // 167:6465
    0x19, 0x70, 0x25, 0x0E,  // 168:6512
    0x19, 0x95, 0x37, 0x0E,  // 169:6549
    0x19, 0xCC, 0x2F, 0x0E,  // 170:6604
    0x19, 0xFB, 0x33, 0x0E,  // 171:6651
    0x1A, 0x2E, 0x33, 0x0E,  // 172:6702
    0x1A, 0x61, 0x27, 0x0E,  // 173:6753
    0x1A, 0x88, 0x37, 0x0E,  // 174:6792
    0x1A, 0xBF, 0x29, 0x0E,  // 175:6847
    0x1A, 0xE8, 0x2A, 0x0E,  // 176:6888
    0x1B, 0x12, 0x33, 0x0E,  // 177:6930
    0x1B, 0x45, 0x2A, 0x0E,  // 178:6981
    0x1B, 0x6F, 0x2A, 0x0E,  // 179:7023
    0x1B, 0x99, 0x29, 0x0E,  // 180:7065
    0x1B, 0xC2, 0x37, 0x0E,  // 181:7106
    0x1B, 0xF9, 0x30, 0x0E,  // 182:7161
    0x1C, 0x29, 0x23, 0x0E,  // 183:7209
    0x1C, 0x4C, 0x24, 0x0E,  // 184:7244
    0x1C, 0x70, 0x2A, 0x0E,  // 185:7280
    0x1C, 0x9A, 0x2F, 0x0E,  // 186:7322
    0x1C, 0xC9, 0x37, 0x0E,  // 187:7369
    0x1D, 0x00, 0x32, 0x0E,  // 188:7424
    0x1D, 0x32, 0x34, 0x0E,  // 189:7474
    0x1D, 0x66, 0x32, 0x0E,  // 190:7526
    0x1D, 0x98, 0x2C, 0x0E,  // 191:7576
    0x1D, 0xC4, 0x33, 0x0E,  // 192:7620
    0x1D, 0xF7, 0x33, 0x0E,  // 193:7671
    0x1E, 0x2A, 0x33, 0x0E,  // 194:7722
    0x1E, 0x5D, 0x33, 0x0E,  // 195:7773
    0x1E, 0x90, 0x33, 0x0E,  // 196:7824
    0x1E, 0xC3, 0x33, 0x0E,  // 197:7875
    0x1E, 0xF6, 0x33, 0x0E,  // 198:7926
    0x1F, 0x29, 0x2F, 0x0E,  // 199:7977
    0x1F, 0x58, 0x2F, 0x0E,  // 200:8024
    0x1F, 0x87, 0x2F, 0x0E,  // 201:8071
    0x1F, 0xB6, 0x2F, 0x0E,  // 202:8118
    0x1F, 0xE5, 0x2F, 0x0E,  // 203:8165
    0x20, 0x14, 0x2F, 0x0E,  // 204:8212
    0x20, 0x43, 0x2F, 0x0E,  // 205:8259
    0x20, 0x72, 0x2F, 0x0E,  // 206:8306
    0x20, 0xA1, 0x2F, 0x0E,  // 207:8353
    0x20, 0xD0, 0x2F, 0x0E,  // 208:8400
    0x20, 0xFF, 0x2F, 0x0E,  // 209:8447
    0x21, 0x2E, 0x33, 0x0E,  // 210:8494
    0x21, 0x61, 0x33, 0x0E,  // 211:8545
    0x21, 0x94, 0x33, 0x0E,  // 212:8596
    0x21, 0xC7, 0x33, 0x0E,  // 213:8647
    0x21, 0xFA, 0x33, 0x0E,  // 214:8698
    0x22, 0x2D, 0x33, 0x0E,  // 215:8749
    0x22, 0x60, 0x35, 0x0E,  // 216:8800
    0x22, 0x95, 0x2F, 0x0E,  // 217:8853
    0x22, 0xC4, 0x2F, 0x0E,  // 218:8900
    0x22, 0xF3, 0x2F, 0x0E,  // 219:8947
    0x23, 0x22, 0x2F, 0x0E,  // 220:8994
    0x23, 0x51, 0x35, 0x0E,  // 221:9041
    0x23, 0x86, 0x2E, 0x0E,  // 222:9094
    0x23, 0xB4, 0x33, 0x0E,  // 223:9140
    0x23, 0xE7, 0x33, 0x0E,  // 224:9191
    0x24, 0x1A, 0x33, 0x0E,  // 225:9242
    0x24, 0x4D, 0x33, 0x0E,  // 226:9293
    0x24, 0x80, 0x33, 0x0E,  // 227:9344
    0x24, 0xB3, 0x33, 0x0E,  // 228:9395
    0x24, 0xE6, 0x33, 0x0E,  // 229:9446
    0x25, 0x19, 0x37, 0x0E,  // 230:9497
    0x25, 0x50, 0x2F, 0x0E,  // 231:9552
    0x25, 0x7F, 0x33, 0x0E,  // 232:9599
    0x25, 0xB2, 0x33, 0x0E,  // 233:9650
    0x25, 0xE5, 0x33, 0x0E,  // 234:9701
    0x26, 0x18, 0x33, 0x0E,  // 235:9752
    0x26, 0x4B, 0x2F, 0x0E,  // 236:9803
    0x26, 0x7A, 0x2F, 0x0E,  // 237:9850
    0x26, 0xA9, 0x2F, 0x0E,  // 238:9897
    0x26, 0xD8, 0x2F, 0x0E,  // 239:9944
    0x27, 0x07, 0x33, 0x0E,  // 240:9991
    0x27, 0x3A, 0x33, 0x0E,  // 241:10042
    0x27, 0x6D, 0x33, 0x0E,  // 242:10093
    0x27, 0xA0, 0x33, 0x0E,  // 243:10144
    0x27, 0xD3, 0x33, 0x0E,  // 244:10195
    0x28, 0x06, 0x33, 0x0E,  // 245:10246
    0x28, 0x39, 0x33, 0x0E,  // 246:10297
    0x28, 0x6C, 0x36, 0x0E,  // 247:10348
    0x28, 0xA2, 0x36, 0x0E,  // 248:10402
    0x28, 0xD8, 0x33, 0x0E,  // 249:10456
    0x29, 0x0B, 0x33, 0x0E,  // 250:10507
    0x29, 0x3E, 0x33, 0x0E,  // 251:10558
    0x29, 0x71, 0x33, 0x0E,  // 252:10609
    0x29, 0xA4, 0x32, 0x0E,  // 253:10660
    0x29, 0xD6, 0x33, 0x0E,  // 254:10710
    0x2A, 0x09, 0x32, 0x0E,  // 255:10761

    // Font Data:
    0x00,0x00,0x00,0x00,0x00,0x00,0x00,0x00,0x00,0x00,0x00,0x00,0x00,0x00,0x00,0x00,0x00,0x00,0x00,0x00,0x00,0x00,0x00,0x00,0xE0,0xFF,0x71,0x00,0xE0,0xFF,0x71,    // 33
    0x00,0x00,0x00,0x00,0x00,0x00,0x00,0x00,0x00,0x00,0x00,0x00,0x00,0x00,0x00,0x00,0xE0,0x0F,0x00,0x00,0xE0,0x0F,0x00,0x00,0x00,0x00,0x00,0x00,0x00,0x00,0x00,0x00,0xE0,0x0F,0x00,0x00,0xE0,0x0F,    // 34
    0x00,0x00,0x03,0x00,0x00,0x0C,0x03,0x00,0x00,0x0C,0x73,0x00,0x00,0x0C,0x7F,0x00,0x00,0xFC,0x07,0x00,0x80,0x7F,0x03,0x00,0xE0,0x0F,0x43,0x00,0x20,0x0C,0x7F,0x00,0x00,0xCC,0x3F,0x00,0x00,0xFC,0x03,0x00,0xE0,0x1F,0x03,0x00,0xE0,0x0D,0x03,0x00,0x00,0x0C,0x03,0x00,0x00,0x0C,    // 35
    0x00,0x00,0x00,0x00,0x00,0x00,0x00,0x00,0x00,0x3C,0x30,0x00,0x00,0x7E,0x60,0x00,0x00,0xC6,0x60,0x00,0x00,0xC3,0x60,0x00,0x00,0xC3,0x60,0x00,0xE0,0xFF,0xFF,0x07,0x00,0x83,0x61,0x00,0x00,0x83,0x61,0x00,0x00,0x83,0x33,0x00,0x00,0x06,0x3F,0x00,0x00,0x00,0x1E,    // 36
    0x80,0x03,0x00,0x00,0xC0,0x07,0x02,0x00,0x60,0x0C,0x03,0x00,0x60,0x8C,0x01,0x00,0x60,0x8C,0x00,0x00,0xC0,0xC7,0x00,0x00,0x80,0x43,0x00,0x00,0x00,0x20,0x1C,0x00,0x00,0x30,0x3E,0x00,0x00,0x10,0x63,0x00,0x00,0x18,0x63,0x00,0x00,0x0C,0x63,0x00,0x00,0x04,0x3E,0x00,0x00,0x00,0x1C,    // 37
    0x00,0x00,0x00,0x00,0x00,0x80,0x0F,0x00,0x00,0xC0,0x1F,0x00,0x80,0x67,0x38,0x00,0xC0,0x3F,0x70,0x00,0xE0,0x38,0x60,0x00,0x60,0x70,0x60,0x00,0x60,0xC0,0x61,0x00,0x60,0x80,0x63,0x00,0xC0,0x00,0x77,0x00,0x00,0x00,0x3E,0x00,0x00,0x00,0x1C,0x00,0x00,0x00,0x7E,0x00,0x00,0xC0,0x77,    // 38
    0x00,0x00,0x00,0x00,0x00,0x00,0x00,0x00,0x00,0x00,0x00,0x00,0x00,0x00,0x00,0x00,0x00,0x00,0x00,0x00,0x00,0x00,0x00,0x00,0xE0,0x0F,0x00,0x00,0xE0,0x0F,    // 39
    0x00,0x00,0x00,0x00,0x00,0x00,0x00,0x00,0x00,0x00,0x00,0x00,0x00,0x00,0x00,0x00,0x00,0x00,0x00,0x00,0x00,0xF8,0x0F,0x00,0x00,0xFF,0x7F,0x00,0xC0,0x07,0xF0,0x01,0xE0,0x00,0x80,0x03,0x20,0x00,0x00,0x02,    // 40
    0x00,0x00,0x00,0x00,0x00,0x00,0x00,0x00,0x00,0x00,0x00,0x00,0x00,0x00,0x00,0x00,0x20,0x00,0x00,0x02,0xE0,0x00,0x80,0x03,0xC0,0x07,0xF0,0x01,0x00,0xFF,0x7F,0x00,0x00,0xF8,0x0F,    // 41
    0x00,0x00,0x00,0x00,0x00,0x00,0x00,0x00,0x80,0x10,0x00,0x00,0x80,0x19,0x00,0x00,0x00,0x09,0x00,0x00,0x00,0x0F,0x00,0x00,0x00,0x06,0x00,0x00,0xE0,0x7F,0x00,0x00,0x00,0x06,0x00,0x00,0x00,0x0F,0x00,0x00,0x00,0x09,0x00,0x00,0x80,0x19,0x00,0x00,0x80,0x10,    // 42
    0x00,0x00,0x00,0x00,0x00,0xC0,0x00,0x00,0x00,0xC0,0x00,0x00,0x00,0xC0,0x00,0x00,0x00,0xC0,0x00,0x00,0x00,0xC0,0x00,0x00,0x00,0xFE,0x1F,0x00,0x00,0xFE,0x1F,0x00,0x00,0xC0,0x00,0x00,0x00,0xC0,0x00,0x00,0x00,0xC0,0x00,0x00,0x00,0xC0,0x00,0x00,0x00,0xC0,    // 43
    0x00,0x00,0x00,0x00,0x00,0x00,0x00,0x00,0x00,0x00,0x00,0x00,0x00,0x00,0x00,0x00,0x00,0x00,0x00,0x00,0x00,0x00,0x00,0x03,0x00,0x00,0xF8,0x03,0x00,0x00,0xF8,0x01,0x00,0x00,0x78,    // 44
    0x00,0x00,0x00,0x00,0x00,0x00,0x00,0x00,0x00,0x00,0x00,0x00,0x00,0x00,0x00,0x00,0x00,0x80,0x01,0x00,0x00,0x80,0x01,0x00,0x00,0x80,0x01,0x00,0x00,0x80,0x01,0x00,0x00,0x80,0x01,0x00,0x00,0x80,0x01,    // 45
    0x00,0x00,0x00,0x00,0x00,0x00,0x00,0x00,0x00,0x00,0x00,0x00,0x00,0x00,0x00,0x00,0x00,0x00,0x00,0x00,0x00,0x00,0x00,0x00,0x00,0x00,0x78,0x00,0x00,0x00,0x78,0x00,0x00,0x00,0x78,    // 46
    0x00,0x00,0x00,0x00,0x00,0x00,0x00,0x01,0x00,0x00,0xC0,0x01,0x00,0x00,0xF8,0x00,0x00,0x00,0x3E,0x00,0x00,0x80,0x07,0x00,0x00,0xE0,0x01,0x00,0x00,0x78,0x00,0x00,0x00,0x1F,0x00,0x00,0xC0,0x07,0x00,0x00,0xE0,0x00,0x00,0x00,0x20,    // 47
    0x00,0x00,0x00,0x00,0x00,0x00,0x00,0x00,0x00,0xFE,0x07,0x00,0x80,0xFF,0x1F,0x00,0xC0,0x03,0x3C,0x00,0xE0,0x00,0x70,0x00,0x60,0x60,0x60,0x00,0x60,0x60,0x60,0x00,0x60,0x60,0x60,0x00,0xE0,0x00,0x70,0x00,0xC0,0x03,0x3C,0x00,0x80,0xFF,0x1F,0x00,0x00,0xFC,0x03,    // 48
    0x00,0x00,0x00,0x00,0x00,0x00,0x00,0x00,0x00,0x00,0x00,0x00,0xC0,0x00,0x60,0x00,0xC0,0x00,0x60,0x00,0x60,0x00,0x60,0x00,0x60,0x00,0x60,0x00,0xE0,0xFF,0x7F,0x00,0xE0,0xFF,0x7F,0x00,0x00,0x00,0x60,0x00,0x00,0x00,0x60,0x00,0x00,0x00,0x60,0x00,0x00,0x00,0x60,    // 49
    0x00,0x00,0x00,0x00,0x00,0x00,0x00,0x00,0xC0,0x00,0x60,0x00,0xC0,0x00,0x70,0x00,0x60,0x00,0x78,0x00,0x60,0x00,0x6C,0x00,0x60,0x00,0x66,0x00,0x60,0x00,0x63,0x00,0x60,0x80,0x63,0x00,0x60,0xE0,0x60,0x00,0xC0,0x70,0x60,0x00,0x80,0x3F,0x60,0x00,0x00,0x1F,0x60,    // 50
    0x00,0x00,0x00,0x00,0x00,0x00,0x00,0x00,0x00,0x00,0x30,0x00,0xC0,0x00,0x60,0x00,0x40,0x00,0x60,0x00,0x60,0x60,0x60,0x00,0x60,0x60,0x60,0x00,0x60,0x60,0x60,0x00,0x60,0x60,0x60,0x00,0x60,0xF0,0x70,0x00,0xC0,0xF0,0x30,0x00,0xC0,0x9F,0x3F,0x00,0x00,0x0F,0x0F,    // 51
    0x00,0x00,0x00,0x00,0x00,0x00,0x07,0x00,0x00,0xC0,0x07,0x00,0x00,0xE0,0x06,0x00,0x00,0x38,0x06,0x00,0x00,0x1E,0x06,0x00,0x00,0x07,0x06,0x00,0xC0,0x01,0x06,0x00,0x60,0x00,0x06,0x00,0xE0,0xFF,0x7F,0x00,0xE0,0xFF,0x7F,0x00,0x00,0x00,0x06,0x00,0x00,0x00,0x06,    // 52
    0x00,0x00,0x00,0x00,0x00,0x00,0x00,0x00,0x00,0x00,0x30,0x00,0xE0,0x3F,0x60,0x00,0xE0,0x1F,0x60,0x00,0x60,0x18,0x60,0x00,0x60,0x18,0x60,0x00,0x60,0x18,0x60,0x00,0x60,0x18,0x60,0x00,0x60,0x38,0x70,0x00,0x60,0x70,0x38,0x00,0x60,0xE0,0x1F,0x00,0x00,0xC0,0x0F,    // 53
    0x00,0x00,0x00,0x00,0x00,0x00,0x00,0x00,0x00,0xFC,0x07,0x00,0x00,0xFF,0x1F,0x00,0xC0,0x63,0x38,0x00,0xC0,0x30,0x70,0x00,0xE0,0x18,0x60,0x00,0x60,0x18,0x60,0x00,0x60,0x18,0x60,0x00,0x60,0x38,0x70,0x00,0x60,0x70,0x38,0x00,0xC0,0xF0,0x3F,0x00,0x00,0xC0,0x0F,    // 54
    0x00,0x00,0x00,0x00,0x00,0x00,0x00,0x00,0x60,0x00,0x00,0x00,0x60,0x00,0x00,0x00,0x60,0x00,0x40,0x00,0x60,0x00,0x78,0x00,0x60,0x00,0x3E,0x00,0x60,0xC0,0x0F,0x00,0x60,0xF0,0x01,0x00,0x60,0x7E,0x00,0x00,0xE0,0x0F,0x00,0x00,0xE0,0x03,0x00,0x00,0x60,    // 55
    0x00,0x00,0x00,0x00,0x00,0x00,0x00,0x00,0x80,0x0F,0x1F,0x00,0xC0,0x9F,0x3F,0x00,0xC0,0xF0,0x30,0x00,0x60,0x60,0x60,0x00,0x60,0x60,0x60,0x00,0x60,0x60,0x60,0x00,0x60,0x60,0x60,0x00,0x60,0x60,0x60,0x00,0xC0,0xF0,0x30,0x00,0xC0,0x9F,0x3F,0x00,0x00,0x0F,0x1F,    // 56
    0x00,0x00,0x00,0x00,0x00,0x00,0x00,0x00,0x00,0x3F,0x00,0x00,0xC0,0xFF,0x30,0x00,0xC0,0xE1,0x60,0x00,0xE0,0x80,0x61,0x00,0x60,0x80,0x61,0x00,0x60,0x80,0x61,0x00,0x60,0x80,0x61,0x00,0xE0,0xC0,0x30,0x00,0xC0,0x61,0x3C,0x00,0x80,0xFF,0x0F,0x00,0x00,0xFE,0x03,    // 57
    0x00,0x00,0x00,0x00,0x00,0x00,0x00,0x00,0x00,0x00,0x00,0x00,0x00,0x00,0x00,0x00,0x00,0x00,0x00,0x00,0x00,0x00,0x00,0x00,0x00,0x78,0x78,0x00,0x00,0x78,0x78,0x00,0x00,0x78,0x78,    // 58
    0x00,0x00,0x00,0x00,0x00,0x00,0x00,0x00,0x00,0x00,0x00,0x00,0x00,0x00,0x00,0x00,0x00,0x00,0x00,0x00,0x00,0x00,0x00,0x03,0x00,0x78,0xF8,0x03,0x00,0x78,0xF8,0x01,0x00,0x78,0x78,    // 59
    0x00,0x00,0x00,0x00,0x00,0x80,0x01,0x00,0x00,0xC0,0x03,0x00,0x00,0xC0,0x03,0x00,0x00,0xC0,0x03,0x00,0x00,0x60,0x06,0x00,0x00,0x60,0x06,0x00,0x00,0x30,0x0C,0x00,0x00,0x30,0x0C,0x00,0x00,0x38,0x1C,0x00,0x00,0x18,0x18,0x00,0x00,0x18,0x18,0x00,0x00,0x0C,0x30,    // 60
    0x00,0x00,0x00,0x00,0x00,0x30,0x06,0x00,0x00,0x30,0x06,0x00,0x00,0x30,0x06,0x00,0x00,0x30,0x06,0x00,0x00,0x30,0x06,0x00,0x00,0x30,0x06,0x00,0x00,0x30,0x06,0x00,0x00,0x30,0x06,0x00,0x00,0x30,0x06,0x00,0x00,0x30,0x06,0x00,0x00,0x30,0x06,0x00,0x00,0x30,0x06,    // 61
    0x00,0x00,0x00,0x00,0x00,0x0C,0x30,0x00,0x00,0x18,0x18,0x00,0x00,0x18,0x18,0x00,0x00,0x38,0x1C,0x00,0x00,0x30,0x0C,0x00,0x00,0x30,0x0C,0x00,0x00,0x60,0x06,0x00,0x00,0x60,0x06,0x00,0x00,0xC0,0x03,0x00,0x00,0xC0,0x03,0x00,0x00,0xC0,0x03,0x00,0x00,0x80,0x01,    // 62
    0x00,0x00,0x00,0x00,0x00,0x00,0x00,0x00,0x00,0x00,0x00,0x00,0x80,0x01,0x00,0x00,0xC0,0x00,0x00,0x00,0x60,0x00,0x00,0x00,0x60,0xC0,0x73,0x00,0x60,0xE0,0x73,0x00,0x60,0x70,0x00,0x00,0xE0,0x38,0x00,0x00,0xC0,0x1F,0x00,0x00,0x80,0x07,    // 63
    0x00,0x00,0x00,0x00,0x00,0xE0,0x1F,0x00,0x00,0xF8,0x7F,0x00,0x00,0x1E,0xF0,0x00,0x00,0x06,0xC0,0x01,0x00,0x03,0x80,0x03,0x80,0xC3,0x0F,0x03,0x80,0xE1,0x1F,0x06,0x80,0x71,0x38,0x06,0x80,0x31,0x30,0x06,0x80,0x31,0x30,0x06,0x80,0x33,0x30,0x06,0x00,0x67,0x18,0x06,0x00,0xFE,0x3F,    // 64
    0x00,0x00,0x00,0x00,0x00,0x00,0x60,0x00,0x00,0x00,0x7E,0x00,0x00,0xE0,0x1F,0x00,0x00,0xFC,0x07,0x00,0xC0,0x3F,0x06,0x00,0xE0,0x03,0x06,0x00,0xE0,0x03,0x06,0x00,0xC0,0x3F,0x06,0x00,0x00,0xFC,0x07,0x00,0x00,0xC0,0x1F,0x00,0x00,0x00,0x7E,0x00,0x00,0x00,0x60,    // 65
    0x00,0x00,0x00,0x00,0xE0,0xFF,0x7F,0x00,0xE0,0xFF,0x7F,0x00,0x60,0x60,0x60,0x00,0x60,0x60,0x60,0x00,0x60,0x60,0x60,0x00,0x60,0x60,0x60,0x00,0x60,0x60,0x60,0x00,0xC0,0x70,0x60,0x00,0xC0,0xFF,0x30,0x00,0x80,0x8F,0x3F,0x00,0x00,0x00,0x1F,    // 66
    0x00,0x00,0x00,0x00,0x00,0xFC,0x03,0x00,0x00,0xFF,0x0F,0x00,0x80,0x03,0x1C,0x00,0xC0,0x00,0x30,0x00,0xE0,0x00,0x70,0x00,0x60,0x00,0x60,0x00,0x60,0x00,0x60,0x00,0x60,0x00,0x60,0x00,0x60,0x00,0x60,0x00,0x60,0x00,0x60,0x00,0xC0,0x00,0x30,    // 67
    0x00,0x00,0x00,0x00,0xE0,0xFF,0x7F,0x00,0xE0,0xFF,0x7F,0x00,0x60,0x00,0x60,0x00,0x60,0x00,0x60,0x00,0x60,0x00,0x60,0x00,0x60,0x00,0x60,0x00,0xE0,0x00,0x70,0x00,0xC0,0x00,0x30,0x00,0x80,0x03,0x1C,0x00,0x00,0xFF,0x0F,0x00,0x00,0xFC,0x03,    // 68
    0x00,0x00,0x00,0x00,0xE0,0xFF,0x7F,0x00,0xE0,0xFF,0x7F,0x00,0x60,0x60,0x60,0x00,0x60,0x60,0x60,0x00,0x60,0x60,0x60,0x00,0x60,0x60,0x60,0x00,0x60,0x60,0x60,0x00,0x60,0x60,0x60,0x00,0x60,0x60,0x60,0x00,0x60,0x60,0x60,0x00,0x60,0x00,0x60,    // 69
    0x00,0x00,0x00,0x00,0xE0,0xFF,0x7F,0x00,0xE0,0xFF,0x7F,0x00,0x60,0x60,0x00,0x00,0x60,0x60,0x00,0x00,0x60,0x60,0x00,0x00,0x60,0x60,0x00,0x00,0x60,0x60,0x00,0x00,0x60,0x60,0x00,0x00,0x60,0x60,0x00,0x00,0x60,0x60,0x00,0x00,0x60,    // 70
    0x00,0x00,0x00,0x00,0x00,0xFC,0x03,0x00,0x00,0xFF,0x0F,0x00,0x80,0x03,0x1C,0x00,0xC0,0x00,0x30,0x00,0xE0,0x00,0x70,0x00,0x60,0x00,0x60,0x00,0x60,0x00,0x60,0x00,0x60,0xC0,0x60,0x00,0x60,0xC0,0x60,0x00,0x60,0xC0,0x60,0x00,0xC0,0xC0,0x3F,0x00,0x00,0xC0,0x3F,    // 71
    0x00,0x00,0x00,0x00,0xE0,0xFF,0x7F,0x00,0xE0,0xFF,0x7F,0x00,0x00,0x60,0x00,0x00,0x00,0x60,0x00,0x00,0x00,0x60,0x00,0x00,0x00,0x60,0x00,0x00,0x00,0x60,0x00,0x00,0x00,0x60,0x00,0x00,0x00,0x60,0x00,0x00,0xE0,0xFF,0x7F,0x00,0xE0,0xFF,0x7F,    // 72
    0x00,0x00,0x00,0x00,0x00,0x00,0x00,0x00,0x60,0x00,0x60,0x00,0x60,0x00,0x60,0x00,0x60,0x00,0x60,0x00,0x60,0x00,0x60,0x00,0xE0,0xFF,0x7F,0x00,0xE0,0xFF,0x7F,0x00,0x60,0x00,0x60,0x00,0x60,0x00,0x60,0x00,0x60,0x00,0x60,0x00,0x60,0x00,0x60,    // 73
    0x00,0x00,0x00,0x00,0x00,0x00,0x38,0x00,0x00,0x00,0x70,0x00,0x00,0x00,0x60,0x00,0x00,0x00,0x60,0x00,0x60,0x00,0x60,0x00,0x60,0x00,0x60,0x00,0x60,0x00,0x60,0x00,0x60,0x00,0x70,0x00,0xE0,0xFF,0x3F,0x00,0xE0,0xFF,0x0F,    // 74
    0x00,0x00,0x00,0x00,0xE0,0xFF,0x7F,0x00,0xE0,0xFF,0x7F,0x00,0x00,0x70,0x00,0x00,0x00,0x38,0x00,0x00,0x00,0x7C,0x00,0x00,0x00,0xEE,0x00,0x00,0x00,0xC7,0x03,0x00,0x80,0x03,0x07,0x00,0xC0,0x01,0x1E,0x00,0xE0,0x00,0x38,0x00,0x60,0x00,0x70,0x00,0x20,0x00,0x40,    // 75
    0x00,0x00,0x00,0x00,0xE0,0xFF,0x7F,0x00,0xE0,0xFF,0x7F,0x00,0x00,0x00,0x60,0x00,0x00,0x00,0x60,0x00,0x00,0x00,0x60,0x00,0x00,0x00,0x60,0x00,0x00,0x00,0x60,0x00,0x00,0x00,0x60,0x00,0x00,0x00,0x60,0x00,0x00,0x00,0x60,0x00,0x00,0x00,0x60,    // 76
    0x00,0x00,0x00,0x00,0xE0,0xFF,0x7F,0x00,0xE0,0xFF,0x7F,0x00,0xE0,0x01,0x00,0x00,0x80,0x0F,0x00,0x00,0x00,0x7C,0x00,0x00,0x00,0xE0,0x01,0x00,0x00,0xE0,0x01,0x00,0x00,0x7C,0x00,0x00,0x80,0x0F,0x00,0x00,0xE0,0x01,0x00,0x00,0xE0,0xFF,0x7F,0x00,0xE0,0xFF,0x7F,    // 77
    0x00,0x00,0x00,0x00,0xE0,0xFF,0x7F,0x00,0xE0,0xFF,0x7F,0x00,0xE0,0x01,0x00,0x00,0x80,0x0F,0x00,0x00,0x00,0x3E,0x00,0x00,0x00,0xF0,0x00,0x00,0x00,0xC0,0x07,0x00,0x00,0x00,0x1F,0x00,0x00,0x00,0x78,0x00,0xE0,0xFF,0x7F,0x00,0xE0,0xFF,0x7F,    // 78
    0x00,0x00,0x00,0x00,0x00,0xFE,0x07,0x00,0x80,0xFF,0x1F,0x00,0xC0,0x03,0x3C,0x00,0xE0,0x00,0x70,0x00,0x60,0x00,0x60,0x00,0x60,0x00,0x60,0x00,0x60,0x00,0x60,0x00,0x60,0x00,0x60,0x00,0xE0,0x00,0x30,0x00,0xC0,0x03,0x3C,0x00,0x80,0xFF,0x1F,0x00,0x00,0xFC,0x03,    // 79
    0x00,0x00,0x00,0x00,0xE0,0xFF,0x7F,0x00,0xE0,0xFF,0x7F,0x00,0x60,0x60,0x00,0x00,0x60,0x60,0x00,0x00,0x60,0x60,0x00,0x00,0x60,0x60,0x00,0x00,0x60,0x60,0x00,0x00,0xE0,0x70,0x00,0x00,0xC0,0x30,0x00,0x00,0xC0,0x3F,0x00,0x00,0x00,0x0F,    // 80
    0x00,0x00,0x00,0x00,0x00,0xFE,0x07,0x00,0x80,0xFF,0x1F,0x00,0xC0,0x03,0x3C,0x00,0xE0,0x00,0x30,0x00,0x60,0x00,0x60,0x00,0x60,0x00,0x60,0x00,0x60,0x00,0x60,0x00,0x60,0x00,0xE0,0x00,0xE0,0x00,0xF0,0x01,0xC0,0x03,0xBC,0x03,0x80,0xFF,0x1F,0x01,0x00,0xFC,0x07,    // 81
    0x00,0x00,0x00,0x00,0xE0,0xFF,0x7F,0x00,0xE0,0xFF,0x7F,0x00,0x60,0x60,0x00,0x00,0x60,0x60,0x00,0x00,0x60,0x60,0x00,0x00,0x60,0x60,0x00,0x00,0x60,0x60,0x00,0x00,0xE0,0xE0,0x00,0x00,0xC0,0xF0,0x03,0x00,0xC0,0x1F,0x0F,0x00,0x00,0x0F,0x3E,0x00,0x00,0x00,0x70,0x00,0x00,0x00,0x40,    // 82
    0x00,0x00,0x00,0x00,0x00,0x0F,0x30,0x00,0xC0,0x3F,0x70,0x00,0xC0,0x30,0x60,0x00,0x60,0x70,0x60,0x00,0x60,0x60,0x60,0x00,0x60,0x60,0x60,0x00,0x60,0x60,0x60,0x00,0x60,0xC0,0x60,0x00,0x60,0xC0,0x31,0x00,0xC0,0x80,0x3F,0x00,0x00,0x00,0x0F,    // 83
    0x00,0x00,0x00,0x00,0x60,0x00,0x00,0x00,0x60,0x00,0x00,0x00,0x60,0x00,0x00,0x00,0x60,0x00,0x00,0x00,0x60,0x00,0x00,0x00,0xE0,0xFF,0x7F,0x00,0xE0,0xFF,0x7F,0x00,0x60,0x00,0x00,0x00,0x60,0x00,0x00,0x00,0x60,0x00,0x00,0x00,0x60,0x00,0x00,0x00,0x60,    // 84
    0x00,0x00,0x00,0x00,0xE0,0xFF,0x0F,0x00,0xE0,0xFF,0x3F,0x00,0x00,0x00,0x30,0x00,0x00,0x00,0x60,0x00,0x00,0x00,0x60,0x00,0x00,0x00,0x60,0x00,0x00,0x00,0x60,0x00,0x00,0x00,0x60,0x00,0x00,0x00,0x30,0x00,0xE0,0xFF,0x3F,0x00,0xE0,0xFF,0x0F,    // 85
    0x00,0x00,0x00,0x00,0x60,0x00,0x00,0x00,0xE0,0x07,0x00,0x00,0x80,0x7F,0x00,0x00,0x00,0xFC,0x03,0x00,0x00,0xC0,0x3F,0x00,0x00,0x00,0x7C,0x00,0x00,0x00,0x7C,0x00,0x00,0xC0,0x3F,0x00,0x00,0xFC,0x07,0x00,0x80,0x7F,0x00,0x00,0xE0,0x07,0x00,0x00,0x60,    // 86
    0xE0,0x01,0x00,0x00,0xE0,0xFF,0x00,0x00,0x00,0xFF,0x7F,0x00,0x00,0x80,0x7F,0x00,0x00,0x00,0x7F,0x00,0x00,0xF8,0x07,0x00,0x00,0x7C,0x00,0x00,0x00,0x7C,0x00,0x00,0x00,0xF8,0x07,0x00,0x00,0x00,0x7F,0x00,0x00,0x80,0x7F,0x00,0x00,0xFF,0x7F,0x00,0xE0,0xFF,0x00,0x00,0xE0,0x01,    // 87
    0x00,0x00,0x00,0x00,0x20,0x00,0x40,0x00,0xE0,0x00,0x70,0x00,0xE0,0x01,0x3C,0x00,0x80,0x07,0x0F,0x00,0x00,0xDE,0x03,0x00,0x00,0xF8,0x00,0x00,0x00,0xF8,0x01,0x00,0x00,0xDE,0x07,0x00,0x80,0x07,0x1F,0x00,0xE0,0x01,0x3C,0x00,0xE0,0x00,0x70,0x00,0x20,0x00,0x40,    // 88
    0x20,0x00,0x00,0x00,0x60,0x00,0x00,0x00,0xE0,0x01,0x00,0x00,0x80,0x07,0x00,0x00,0x00,0x0E,0x00,0x00,0x00,0x3C,0x00,0x00,0x00,0xF0,0x7F,0x00,0x00,0xF0,0x7F,0x00,0x00,0x3C,0x00,0x00,0x00,0x0E,0x00,0x00,0x80,0x07,0x00,0x00,0xE0,0x01,0x00,0x00,0xE0,0x00,0x00,0x00,0x20,    // 89
    0x00,0x00,0x00,0x00,0x60,0x00,0x70,0x00,0x60,0x00,0x78,0x00,0x60,0x00,0x7E,0x00,0x60,0x00,0x67,0x00,0x60,0xC0,0x63,0x00,0x60,0xE0,0x61,0x00,0x60,0x78,0x60,0x00,0x60,0x3C,0x60,0x00,0x60,0x0F,0x60,0x00,0xE0,0x07,0x60,0x00,0xE0,0x01,0x60,0x00,0xE0,0x00,0x60,    // 90
    0x00,0x00,0x00,0x00,0x00,0x00,0x00,0x00,0x00,0x00,0x00,0x00,0x00,0x00,0x00,0x00,0x00,0x00,0x00,0x00,0xE0,0xFF,0xFF,0x03,0xE0,0xFF,0xFF,0x03,0x60,0x00,0x00,0x03,0x60,0x00,0x00,0x03,0x60,0x00,0x00,0x03,    // 91
    0x00,0x00,0x00,0x00,0x20,0x00,0x00,0x00,0xE0,0x00,0x00,0x00,0xC0,0x07,0x00,0x00,0x00,0x1F,0x00,0x00,0x00,0x78,0x00,0x00,0x00,0xE0,0x01,0x00,0x00,0x80,0x07,0x00,0x00,0x00,0x3E,0x00,0x00,0x00,0xF8,0x00,0x00,0x00,0xC0,0x01,0x00,0x00,0x00,0x01,    // 92
    0x00,0x00,0x00,0x00,0x00,0x00,0x00,0x00,0x00,0x00,0x00,0x00,0x00,0x00,0x00,0x00,0x60,0x00,0x00,0x03,0x60,0x00,0x00,0x03,0x60,0x00,0x00,0x03,0xE0,0xFF,0xFF,0x03,0xE0,0xFF,0xFF,0x03,    // 93
    0x00,0x00,0x00,0x00,0x00,0x08,0x00,0x00,0x00,0x0C,0x00,0x00,0x00,0x0E,0x00,0x00,0x80,0x03,0x00,0x00,0xC0,0x01,0x00,0x00,0xE0,0x00,0x00,0x00,0x60,0x00,0x00,0x00,0xE0,0x00,0x00,0x00,0xC0,0x01,0x00,0x00,0x80,0x03,0x00,0x00,0x00,0x0E,0x00,0x00,0x00,0x0C,0x00,0x00,0x00,0x08,    // 94
    0x00,0x00,0x00,0x18,0x00,0x00,0x00,0x18,0x00,0x00,0x00,0x18,0x00,0x00,0x00,0x18,0x00,0x00,0x00,0x18,0x00,0x00,0x00,0x18,0x00,0x00,0x00,0x18,0x00,0x00,0x00,0x18,0x00,0x00,0x00,0x18,0x00,0x00,0x00,0x18,0x00,0x00,0x00,0x18,0x00,0x00,0x00,0x18,0x00,0x00,0x00,0x18,0x00,0x00,0x00,0x18,    // 95
    0x00,0x00,0x00,0x00,0x00,0x00,0x00,0x00,0x00,0x00,0x00,0x00,0x10,0x00,0x00,0x00,0x10,0x00,0x00,0x00,0x30,0x00,0x00,0x00,0x60,0x00,0x00,0x00,0xC0,0x00,0x00,0x00,0x80,    // 96
    0x00,0x00,0x00,0x00,0x00,0x00,0x00,0x00,0x00,0x00,0x1E,0x00,0x00,0x18,0x3F,0x00,0x00,0x0C,0x73,0x00,0x00,0x8C,0x61,0x00,0x00,0x8C,0x61,0x00,0x00,0x8C,0x61,0x00,0x00,0x8C,0x61,0x00,0x00,0x8C,0x31,0x00,0x00,0x98,0x19,0x00,0x00,0xF8,0x7F,0x00,0x00,0xF0,0x7F,    // 97
    0x00,0x00,0x00,0x00,0x00,0x00,0x00,0x00,0xE0,0xFF,0x7F,0x00,0xE0,0xFF,0x7F,0x00,0x00,0x38,0x38,0x00,0x00,0x18,0x30,0x00,0x00,0x0C,0x60,0x00,0x00,0x0C,0x60,0x00,0x00,0x0C,0x60,0x00,0x00,0x1C,0x70,0x00,0x00,0x38,0x38,0x00,0x00,0xF0,0x1F,0x00,0x00,0xE0,0x0F,    // 98
    0x00,0x00,0x00,0x00,0x00,0x00,0x00,0x00,0x00,0xC0,0x07,0x00,0x00,0xF0,0x1F,0x00,0x00,0x38,0x38,0x00,0x00,0x18,0x70,0x00,0x00,0x0C,0x60,0x00,0x00,0x0C,0x60,0x00,0x00,0x0C,0x60,0x00,0x00,0x0C,0x60,0x00,0x00,0x0C,0x60,0x00,0x00,0x18,0x30,    // 99
    0x00,0x00,0x00,0x00,0x00,0x00,0x00,0x00,0x00,0xE0,0x0F,0x00,0x00,0xF0,0x1F,0x00,0x00,0x38,0x38,0x00,0x00,0x1C,0x70,0x00,0x00,0x0C,0x60,0x00,0x00,0x0C,0x60,0x00,0x00,0x0C,0x60,0x00,0x00,0x18,0x30,0x00,0x00,0x38,0x38,0x00,0xE0,0xFF,0x7F,0x00,0xE0,0xFF,0x7F,    // 100
    0x00,0x00,0x00,0x00,0x00,0x00,0x00,0x00,0x00,0xE0,0x0F,0x00,0x00,0xF0,0x1F,0x00,0x00,0xB8,0x39,0x00,0x00,0x9C,0x71,0x00,0x00,0x8C,0x61,0x00,0x00,0x8C,0x61,0x00,0x00,0x8C,0x61,0x00,0x00,0x8C,0x61,0x00,0x00,0x98,0x61,0x00,0x00,0xF8,0x31,0x00,0x00,0xE0,0x01,    // 101
    0x00,0x00,0x00,0x00,0x00,0x00,0x00,0x00,0x00,0x0C,0x00,0x00,0x00,0x0C,0x00,0x00,0x00,0x0C,0x00,0x00,0x00,0x0C,0x00,0x00,0x80,0xFF,0x7F,0x00,0xC0,0xFF,0x7F,0x00,0x60,0x0C,0x00,0x00,0x60,0x0C,0x00,0x00,0x60,0x0C,0x00,0x00,0x60,0x0C,0x00,0x00,0x60,0x0C,    // 102
    0x00,0x00,0x00,0x00,0x00,0x00,0x00,0x00,0x00,0xE0,0x0F,0x00,0x00,0xF0,0x1F,0x06,0x00,0x38,0x38,0x0C,0x00,0x1C,0x70,0x0C,0x00,0x0C,0x60,0x0C,0x00,0x0C,0x60,0x0C,0x00,0x0C,0x60,0x0C,0x00,0x18,0x30,0x0C,0x00,0x38,0x38,0x06,0x00,0xFC,0xFF,0x03,0x00,0xFC,0xFF,0x01,    // 103
    0x00,0x00,0x00,0x00,0x00,0x00,0x00,0x00,0xE0,0xFF,0x7F,0x00,0xE0,0xFF,0x7F,0x00,0x00,0x30,0x00,0x00,0x00,0x18,0x00,0x00,0x00,0x0C,0x00,0x00,0x00,0x0C,0x00,0x00,0x00,0x0C,0x00,0x00,0x00,0x0C,0x00,0x00,0x00,0x1C,0x00,0x00,0x00,0xF8,0x7F,0x00,0x00,0xF0,0x7F,    // 104
    0x00,0x00,0x00,0x00,0x00,0x00,0x00,0x00,0x00,0x00,0x60,0x00,0x00,0x0C,0x60,0x00,0x00,0x0C,0x60,0x00,0x00,0x0C,0x60,0x00,0xE0,0xFC,0x7F,0x00,0xE0,0xFC,0x7F,0x00,0x00,0x00,0x60,0x00,0x00,0x00,0x60,0x00,0x00,0x00,0x60,0x00,0x00,0x00,0x60,    // 105
    0x00,0x00,0x00,0x00,0x00,0x00,0x00,0x00,0x00,0x00,0x00,0x0C,0x00,0x0C,0x00,0x0C,0x00,0x0C,0x00,0x0C,0x00,0x0C,0x00,0x0C,0x00,0x0C,0x00,0x0E,0xE0,0xFC,0xFF,0x07,0xE0,0xFC,0xFF,0x03,    // 106
    0x00,0x00,0x00,0x00,0x00,0x00,0x00,0x00,0xE0,0xFF,0x7F,0x00,0xE0,0xFF,0x7F,0x00,0x00,0x80,0x03,0x00,0x00,0xC0,0x01,0x00,0x00,0xE0,0x01,0x00,0x00,0xF0,0x07,0x00,0x00,0x38,0x0E,0x00,0x00,0x1C,0x3C,0x00,0x00,0x0C,0x70,0x00,0x00,0x04,0x60,0x00,0x00,0x00,0x40,    // 107
    0x00,0x00,0x00,0x00,0x60,0x00,0x00,0x00,0x60,0x00,0x00,0x00,0x60,0x00,0x00,0x00,0x60,0x00,0x00,0x00,0xE0,0xFF,0x1F,0x00,0xE0,0xFF,0x3F,0x00,0x00,0x00,0x70,0x00,0x00,0x00,0x60,0x00,0x00,0x00,0x60,0x00,0x00,0x00,0x60,0x00,0x00,0x00,0x60,    // 108
    0x00,0x00,0x00,0x00,0x00,0x00,0x00,0x00,0x00,0xFC,0x7F,0x00,0x00,0xFC,0x7F,0x00,0x00,0x08,0x00,0x00,0x00,0x0C,0x00,0x00,0x00,0x0C,0x00,0x00,0x00,0xFC,0x7F,0x00,0x00,0xF8,0x7F,0x00,0x00,0x08,0x00,0x00,0x00,0x0C,0x00,0x00,0x00,0x0C,0x00,0x00,0x00,0xFC,0x7F,0x00,0x00,0xF0,0x7F,    // 109
    0x00,0x00,0x00,0x00,0x00,0x00,0x00,0x00,0x00,0xFC,0x7F,0x00,0x00,0xFC,0x7F,0x00,0x00,0x30,0x00,0x00,0x00,0x18,0x00,0x00,0x00,0x0C,0x00,0x00,0x00,0x0C,0x00,0x00,0x00,0x0C,0x00,0x00,0x00,0x0C,0x00,0x00,0x00,0x1C,0x00,0x00,0x00,0xF8,0x7F,0x00,0x00,0xF0,0x7F,    // 110
    0x00,0x00,0x00,0x00,0x00,0x00,0x00,0x00,0x00,0xE0,0x0F,0x00,0x00,0xF0,0x1F,0x00,0x00,0x38,0x38,0x00,0x00,0x1C,0x70,0x00,0x00,0x0C,0x60,0x00,0x00,0x0C,0x60,0x00,0x00,0x0C,0x60,0x00,0x00,0x1C,0x70,0x00,0x00,0x38,0x38,0x00,0x00,0xF0,0x1F,0x00,0x00,0xE0,0x0F,    // 111
    0x00,0x00,0x00,0x00,0x00,0x00,0x00,0x00,0x00,0xFC,0xFF,0x0F,0x00,0xFC,0xFF,0x0F,0x00,0x38,0x38,0x00,0x00,0x18,0x30,0x00,0x00,0x0C,0x60,0x00,0x00,0x0C,0x60,0x00,0x00,0x0C,0x60,0x00,0x00,0x1C,0x70,0x00,0x00,0x38,0x38,0x00,0x00,0xF0,0x1F,0x00,0x00,0xE0,0x0F,    // 112
    0x00,0x00,0x00,0x00,0x00,0x00,0x00,0x00,0x00,0xE0,0x0F,0x00,0x00,0xF0,0x1F,0x00,0x00,0x38,0x38,0x00,0x00,0x1C,0x70,0x00,0x00,0x0C,0x60,0x00,0x00,0x0C,0x60,0x00,0x00,0x0C,0x60,0x00,0x00,0x18,0x30,0x00,0x00,0x38,0x38,0x00,0x00,0xFC,0xFF,0x0F,0x00,0xFC,0xFF,0x0F,    // 113
    0x00,0x00,0x00,0x00,0x00,0x00,0x00,0x00,0x00,0x00,0x00,0x00,0x00,0x00,0x00,0x00,0x00,0xFC,0x7F,0x00,0x00,0xFC,0x7F,0x00,0x00,0x30,0x00,0x00,0x00,0x18,0x00,0x00,0x00,0x0C,0x00,0x00,0x00,0x0C,0x00,0x00,0x00,0x0C,0x00,0x00,0x00,0x0C,0x00,0x00,0x00,0x18,    // 114
    0x00,0x00,0x00,0x00,0x00,0x00,0x00,0x00,0x00,0xF0,0x30,0x00,0x00,0xF8,0x30,0x00,0x00,0xDC,0x61,0x00,0x00,0x8C,0x61,0x00,0x00,0x8C,0x61,0x00,0x00,0x8C,0x61,0x00,0x00,0x8C,0x63,0x00,0x00,0x0C,0x63,0x00,0x00,0x0C,0x33,0x00,0x00,0x18,0x3F,0x00,0x00,0x00,0x1E,    // 115
    0x00,0x00,0x00,0x00,0x00,0x0C,0x00,0x00,0x00,0x0C,0x00,0x00,0x00,0x0C,0x00,0x00,0x00,0x0C,0x00,0x00,0xC0,0xFF,0x1F,0x00,0xC0,0xFF,0x3F,0x00,0x00,0x0C,0x70,0x00,0x00,0x0C,0x60,0x00,0x00,0x0C,0x60,0x00,0x00,0x0C,0x60,0x00,0x00,0x0C,0x60,    // 116
    0x00,0x00,0x00,0x00,0x00,0x00,0x00,0x00,0x00,0xFC,0x1F,0x00,0x00,0xFC,0x3F,0x00,0x00,0x00,0x70,0x00,0x00,0x00,0x60,0x00,0x00,0x00,0x60,0x00,0x00,0x00,0x60,0x00,0x00,0x00,0x60,0x00,0x00,0x00,0x30,0x00,0x00,0x00,0x18,0x00,0x00,0xFC,0x7F,0x00,0x00,0xFC,0x7F,    // 117
    0x00,0x00,0x00,0x00,0x00,0x00,0x00,0x00,0x00,0x0C,0x00,0x00,0x00,0x7C,0x00,0x00,0x00,0xF8,0x03,0x00,0x00,0xC0,0x1F,0x00,0x00,0x00,0x7E,0x00,0x00,0x00,0x70,0x00,0x00,0x00,0x7E,0x00,0x00,0xC0,0x1F,0x00,0x00,0xF8,0x03,0x00,0x00,0x7C,0x00,0x00,0x00,0x0C,    // 118
    0x00,0x0C,0x00,0x00,0x00,0xFC,0x01,0x00,0x00,0xF0,0x1F,0x00,0x00,0x00,0x7F,0x00,0x00,0x00,0x70,0x00,0x00,0x00,0x1F,0x00,0x00,0xC0,0x03,0x00,0x00,0xC0,0x03,0x00,0x00,0x00,0x1F,0x00,0x00,0x00,0x70,0x00,0x00,0x00,0x7F,0x00,0x00,0xF0,0x1F,0x00,0x00,0xFC,0x01,0x00,0x00,0x0C,    // 119
    0x00,0x00,0x00,0x00,0x00,0x00,0x00,0x00,0x00,0x04,0x40,0x00,0x00,0x0C,0x60,0x00,0x00,0x3C,0x78,0x00,0x00,0x78,0x1C,0x00,0x00,0xE0,0x0F,0x00,0x00,0xC0,0x03,0x00,0x00,0xE0,0x0F,0x00,0x00,0x78,0x1C,0x00,0x00,0x3C,0x78,0x00,0x00,0x0C,0x60,0x00,0x00,0x04,0x40,    // 120
    0x00,0x00,0x00,0x00,0x00,0x00,0x00,0x00,0x00,0x04,0x00,0x00,0x00,0x3C,0x00,0x0C,0x00,0xF8,0x01,0x0C,0x00,0xC0,0x0F,0x0E,0x00,0x00,0xBF,0x07,0x00,0x00,0xF8,0x03,0x00,0x00,0x7E,0x00,0x00,0xC0,0x0F,0x00,0x00,0xF8,0x01,0x00,0x00,0x3C,0x00,0x00,0x00,0x04,    // 121
    0x00,0x00,0x00,0x00,0x00,0x00,0x00,0x00,0x00,0x0C,0x60,0x00,0x00,0x0C,0x78,0x00,0x00,0x0C,0x7C,0x00,0x00,0x0C,0x6E,0x00,0x00,0x0C,0x67,0x00,0x00,0x8C,0x63,0x00,0x00,0xCC,0x61,0x00,0x00,0xEC,0x60,0x00,0x00,0x7C,0x60,0x00,0x00,0x3C,0x60,0x00,0x00,0x0C,0x60,    // 122
    0x00,0x00,0x00,0x00,0x00,0x00,0x00,0x00,0x00,0x80,0x01,0x00,0x00,0x80,0x01,0x00,0x00,0x80,0x01,0x00,0x00,0xC0,0x03,0x00,0xC0,0xFF,0xFF,0x03,0xE0,0x7F,0xFE,0x07,0x60,0x00,0x00,0x06,0x60,0x00,0x00,0x06,0x60,0x00,0x00,0x06,    // 123
    0x00,0x00,0x00,0x00,0x00,0x00,0x00,0x00,0x00,0x00,0x00,0x00,0x00,0x00,0x00,0x00,0x00,0x00,0x00,0x00,0x00,0x00,0x00,0x00,0xE0,0xFF,0xFF,0x1F,0xE0,0xFF,0xFF,0x1F,    // 124
    0x00,0x00,0x00,0x00,0x00,0x00,0x00,0x00,0x00,0x00,0x00,0x00,0x60,0x00,0x00,0x06,0x60,0x00,0x00,0x06,0x60,0x00,0x00,0x06,0xE0,0x7F,0xFE,0x07,0xC0,0xFF,0xFF,0x03,0x00,0xC0,0x03,0x00,0x00,0x80,0x01,0x00,0x00,0x80,0x01,0x00,0x00,0x80,0x01,    // 125
    0x00,0x00,0x00,0x00,0x00,0x80,0x01,0x00,0x00,0xC0,0x00,0x00,0x00,0xC0,0x00,0x00,0x00,0xC0,0x00,0x00,0x00,0xC0,0x00,0x00,0x00,0xC0,0x00,0x00,0x00,0x80,0x01,0x00,0x00,0x80,0x01,0x00,0x00,0x80,0x01,0x00,0x00,0x80,0x01,0x00,0x00,0x80,0x01,0x00,0x00,0xC0,    // 126
    0x00,0x00,0x00,0x00,0xC0,0xFF,0xFF,0x07,0x40,0x00,0x00,0x04,0x40,0x00,0x00,0x04,0x40,0x00,0x00,0x04,0x40,0x00,0x00,0x04,0x40,0x00,0x00,0x04,0x40,0x00,0x00,0x04,0x40,0x00,0x00,0x04,0x40,0x00,0x00,0x04,0x40,0x00,0x00,0x04,0x40,0x00,0x00,0x04,0xC0,0xFF,0xFF,0x07,    // 127
    0x00,0x00,0x00,0x00,0xC0,0xFF,0xFF,0x07,0x40,0x00,0x00,0x04,0x40,0x00,0x00,0x04,0x40,0x00,0x00,0x04,0x40,0x00,0x00,0x04,0x40,0x00,0x00,0x04,0x40,0x00,0x00,0x04,0x40,0x00,0x00,0x04,0x40,0x00,0x00,0x04,0x40,0x00,0x00,0x04,0x40,0x00,0x00,0x04,0xC0,0xFF,0xFF,0x07,    // 128
    0x00,0x00,0x00,0x00,0xC0,0xFF,0xFF,0x07,0x40,0x00,0x00,0x04,0x40,0x00,0x00,0x04,0x40,0x00,0x00,0x04,0x40,0x00,0x00,0x04,0x40,0x00,0x00,0x04,0x40,0x00,0x00,0x04,0x40,0x00,0x00,0x04,0x40,0x00,0x00,0x04,0x40,0x00,0x00,0x04,0x40,0x00,0x00,0x04,0xC0,0xFF,0xFF,0x07,    // 129
    0x00,0x00,0x00,0x00,0xC0,0xFF,0xFF,0x07,0x40,0x00,0x00,0x04,0x40,0x00,0x00,0x04,0x40,0x00,0x00,0x04,0x40,0x00,0x00,0x04,0x40,0x00,0x00,0x04,0x40,0x00,0x00,0x04,0x40,0x00,0x00,0x04,0x40,0x00,0x00,0x04,0x40,0x00,0x00,0x04,0x40,0x00,0x00,0x04,0xC0,0xFF,0xFF,0x07,    // 130
    0x00,0x00,0x00,0x00,0xC0,0xFF,0xFF,0x07,0x40,0x00,0x00,0x04,0x40,0x00,0x00,0x04,0x40,0x00,0x00,0x04,0x40,0x00,0x00,0x04,0x40,0x00,0x00,0x04,0x40,0x00,0x00,0x04,0x40,0x00,0x00,0x04,0x40,0x00,0x00,0x04,0x40,0x00,0x00,0x04,0x40,0x00,0x00,0x04,0xC0,0xFF,0xFF,0x07,    // 131
    0x00,0x00,0x00,0x00,0xC0,0xFF,0xFF,0x07,0x40,0x00,0x00,0x04,0x40,0x00,0x00,0x04,0x40,0x00,0x00,0x04,0x40,0x00,0x00,0x04,0x40,0x00,0x00,0x04,0x40,0x00,0x00,0x04,0x40,0x00,0x00,0x04,0x40,0x00,0x00,0x04,0x40,0x00,0x00,0x04,0x40,0x00,0x00,0x04,0xC0,0xFF,0xFF,0x07,    // 132
    0x00,0x00,0x00,0x00,0xC0,0xFF,0xFF,0x07,0x40,0x00,0x00,0x04,0x40,0x00,0x00,0x04,0x40,0x00,0x00,0x04,0x40,0x00,0x00,0x04,0x40,0x00,0x00,0x04,0x40,0x00,0x00,0x04,0x40,0x00,0x00,0x04,0x40,0x00,0x00,0x04,0x40,0x00,0x00,0x04,0x40,0x00,0x00,0x04,0xC0,0xFF,0xFF,0x07,    // 133
    0x00,0x00,0x00,0x00,0xC0,0xFF,0xFF,0x07,0x40,0x00,0x00,0x04,0x40,0x00,0x00,0x04,0x40,0x00,0x00,0x04,0x40,0x00,0x00,0x04,0x40,0x00,0x00,0x04,0x40,0x00,0x00,0x04,0x40,0x00,0x00,0x04,0x40,0x00,0x00,0x04,0x40,0x00,0x00,0x04,0x40,0x00,0x00,0x04,0xC0,0xFF,0xFF,0x07,    // 134
    0x00,0x00,0x00,0x00,0xC0,0xFF,0xFF,0x07,0x40,0x00,0x00,0x04,0x40,0x00,0x00,0x04,0x40,0x00,0x00,0x04,0x40,0x00,0x00,0x04,0x40,0x00,0x00,0x04,0x40,0x00,0x00,0x04,0x40,0x00,0x00,0x04,0x40,0x00,0x00,0x04,0x40,0x00,0x00,0x04,0x40,0x00,0x00,0x04,0xC0,0xFF,0xFF,0x07,    // 135
    0x00,0x00,0x00,0x00,0xC0,0xFF,0xFF,0x07,0x40,0x00,0x00,0x04,0x40,0x00,0x00,0x04,0x40,0x00,0x00,0x04,0x40,0x00,0x00,0x04,0x40,0x00,0x00,0x04,0x40,0x00,0x00,0x04,0x40,0x00,0x00,0x04,0x40,0x00,0x00,0x04,0x40,0x00,0x00,0x04,0x40,0x00,0x00,0x04,0xC0,0xFF,0xFF,0x07,    // 136
    0x00,0x00,0x00,0x00,0xC0,0xFF,0xFF,0x07,0x40,0x00,0x00,0x04,0x40,0x00,0x00,0x04,0x40,0x00,0x00,0x04,0x40,0x00,0x00,0x04,0x40,0x00,0x00,0x04,0x40,0x00,0x00,0x04,0x40,0x00,0x00,0x04,0x40,0x00,0x00,0x04,0x40,0x00,0x00,0x04,0x40,0x00,0x00,0x04,0xC0,0xFF,0xFF,0x07,    // 137
    0x00,0x00,0x00,0x00,0xC0,0xFF,0xFF,0x07,0x40,0x00,0x00,0x04,0x40,0x00,0x00,0x04,0x40,0x00,0x00,0x04,0x40,0x00,0x00,0x04,0x40,0x00,0x00,0x04,0x40,0x00,0x00,0x04,0x40,0x00,0x00,0x04,0x40,0x00,0x00,0x04,0x40,0x00,0x00,0x04,0x40,0x00,0x00,0x04,0xC0,0xFF,0xFF,0x07,    // 138
    0x00,0x00,0x00,0x00,0xC0,0xFF,0xFF,0x07,0x40,0x00,0x00,0x04,0x40,0x00,0x00,0x04,0x40,0x00,0x00,0x04,0x40,0x00,0x00,0x04,0x40,0x00,0x00,0x04,0x40,0x00,0x00,0x04,0x40,0x00,0x00,0x04,0x40,0x00,0x00,0x04,0x40,0x00,0x00,0x04,0x40,0x00,0x00,0x04,0xC0,0xFF,0xFF,0x07,    // 139
    0x00,0x00,0x00,0x00,0xC0,0xFF,0xFF,0x07,0x40,0x00,0x00,0x04,0x40,0x00,0x00,0x04,0x40,0x00,0x00,0x04,0x40,0x00,0x00,0x04,0x40,0x00,0x00,0x04,0x40,0x00,0x00,0x04,0x40,0x00,0x00,0x04,0x40,0x00,0x00,0x04,0x40,0x00,0x00,0x04,0x40,0x00,0x00,0x04,0xC0,0xFF,0xFF,0x07,    // 140
    0x00,0x00,0x00,0x00,0xC0,0xFF,0xFF,0x07,0x40,0x00,0x00,0x04,0x40,0x00,0x00,0x04,0x40,0x00,0x00,0x04,0x40,0x00,0x00,0x04,0x40,0x00,0x00,0x04,0x40,0x00,0x00,0x04,0x40,0x00,0x00,0x04,0x40,0x00,0x00,0x04,0x40,0x00,0x00,0x04,0x40,0x00,0x00,0x04,0xC0,0xFF,0xFF,0x07,    // 141
    0x00,0x00,0x00,0x00,0xC0,0xFF,0xFF,0x07,0x40,0x00,0x00,0x04,0x40,0x00,0x00,0x04,0x40,0x00,0x00,0x04,0x40,0x00,0x00,0x04,0x40,0x00,0x00,0x04,0x40,0x00,0x00,0x04,0x40,0x00,0x00,0x04,0x40,0x00,0x00,0x04,0x40,0x00,0x00,0x04,0x40,0x00,0x00,0x04,0xC0,0xFF,0xFF,0x07,    // 142
    0x00,0x00,0x00,0x00,0xC0,0xFF,0xFF,0x07,0x40,0x00,0x00,0x04,0x40,0x00,0x00,0x04,0x40,0x00,0x00,0x04,0x40,0x00,0x00,0x04,0x40,0x00,0x00,0x04,0x40,0x00,0x00,0x04,0x40,0x00,0x00,0x04,0x40,0x00,0x00,0x04,0x40,0x00,0x00,0x04,0x40,0x00,0x00,0x04,0xC0,0xFF,0xFF,0x07,    // 143
    0x00,0x00,0x00,0x00,0xC0,0xFF,0xFF,0x07,0x40,0x00,0x00,0x04,0x40,0x00,0x00,0x04,0x40,0x00,0x00,0x04,0x40,0x00,0x00,0x04,0x40,0x00,0x00,0x04,0x40,0x00,0x00,0x04,0x40,0x00,0x00,0x04,0x40,0x00,0x00,0x04,0x40,0x00,0x00,0x04,0x40,0x00,0x00,0x04,0xC0,0xFF,0xFF,0x07,    // 144
    0x00,0x00,0x00,0x00,0xC0,0xFF,0xFF,0x07,0x40,0x00,0x00,0x04,0x40,0x00,0x00,0x04,0x40,0x00,0x00,0x04,0x40,0x00,0x00,0x04,0x40,0x00,0x00,0x04,0x40,0x00,0x00,0x04,0x40,0x00,0x00,0x04,0x40,0x00,0x00,0x04,0x40,0x00,0x00,0x04,0x40,0x00,0x00,0x04,0xC0,0xFF,0xFF,0x07,    // 145
    0x00,0x00,0x00,0x00,0xC0,0xFF,0xFF,0x07,0x40,0x00,0x00,0x04,0x40,0x00,0x00,0x04,0x40,0x00,0x00,0x04,0x40,0x00,0x00,0x04,0x40,0x00,0x00,0x04,0x40,0x00,0x00,0x04,0x40,0x00,0x00,0x04,0x40,0x00,0x00,0x04,0x40,0x00,0x00,0x04,0x40,0x00,0x00,0x04,0xC0,0xFF,0xFF,0x07,    // 146
    0x00,0x00,0x00,0x00,0xC0,0xFF,0xFF,0x07,0x40,0x00,0x00,0x04,0x40,0x00,0x00,0x04,0x40,0x00,0x00,0x04,0x40,0x00,0x00,0x04,0x40,0x00,0x00,0x04,0x40,0x00,0x00,0x04,0x40,0x00,0x00,0x04,0x40,0x00,0x00,0x04,0x40,0x00,0x00,0x04,0x40,0x00,0x00,0x04,0xC0,0xFF,0xFF,0x07,    // 147
    0x00,0x00,0x00,0x00,0xC0,0xFF,0xFF,0x07,0x40,0x00,0x00,0x04,0x40,0x00,0x00,0x04,0x40,0x00,0x00,0x04,0x40,0x00,0x00,0x04,0x40,0x00,0x00,0x04,0x40,0x00,0x00,0x04,0x40,0x00,0x00,0x04,0x40,0x00,0x00,0x04,0x40,0x00,0x00,0x04,0x40,0x00,0x00,0x04,0xC0,0xFF,0xFF,0x07,    // 148
    0x00,0x00,0x00,0x00,0xC0,0xFF,0xFF,0x07,0x40,0x00,0x00,0x04,0x40,0x00,0x00,0x04,0x40,0x00,0x00,0x04,0x40,0x00,0x00,0x04,0x40,0x00,0x00,0x04,0x40,0x00,0x00,0x04,0x40,0x00,0x00,0x04,0x40,0x00,0x00,0x04,0x40,0x00,0x00,0x04,0x40,0x00,0x00,0x04,0xC0,0xFF,0xFF,0x07,    // 149
    0x00,0x00,0x00,0x00,0xC0,0xFF,0xFF,0x07,0x40,0x00,0x00,0x04,0x40,0x00,0x00,0x04,0x40,0x00,0x00,0x04,0x40,0x00,0x00,0x04,0x40,0x00,0x00,0x04,0x40,0x00,0x00,0x04,0x40,0x00,0x00,0x04,0x40,0x00,0x00,0x04,0x40,0x00,0x00,0x04,0x40,0x00,0x00,0x04,0xC0,0xFF,0xFF,0x07,    // 150
    0x00,0x00,0x00,0x00,0xC0,0xFF,0xFF,0x07,0x40,0x00,0x00,0x04,0x40,0x00,0x00,0x04,0x40,0x00,0x00,0x04,0x40,0x00,0x00,0x04,0x40,0x00,0x00,0x04,0x40,0x00,0x00,0x04,0x40,0x00,0x00,0x04,0x40,0x00,0x00,0x04,0x40,0x00,0x00,0x04,0x40,0x00,0x00,0x04,0xC0,0xFF,0xFF,0x07,    // 151
    0x00,0x00,0x00,0x00,0xC0,0xFF,0xFF,0x07,0x40,0x00,0x00,0x04,0x40,0x00,0x00,0x04,0x40,0x00,0x00,0x04,0x40,0x00,0x00,0x04,0x40,0x00,0x00,0x04,0x40,0x00,0x00,0x04,0x40,0x00,0x00,0x04,0x40,0x00,0x00,0x04,0x40,0x00,0x00,0x04,0x40,0x00,0x00,0x04,0xC0,0xFF,0xFF,0x07,    // 152
    0x00,0x00,0x00,0x00,0xC0,0xFF,0xFF,0x07,0x40,0x00,0x00,0x04,0x40,0x00,0x00,0x04,0x40,0x00,0x00,0x04,0x40,0x00,0x00,0x04,0x40,0x00,0x00,0x04,0x40,0x00,0x00,0x04,0x40,0x00,0x00,0x04,0x40,0x00,0x00,0x04,0x40,0x00,0x00,0x04,0x40,0x00,0x00,0x04,0xC0,0xFF,0xFF,0x07,    // 153
    0x00,0x00,0x00,0x00,0xC0,0xFF,0xFF,0x07,0x40,0x00,0x00,0x04,0x40,0x00,0x00,0x04,0x40,0x00,0x00,0x04,0x40,0x00,0x00,0x04,0x40,0x00,0x00,0x04,0x40,0x00,0x00,0x04,0x40,0x00,0x00,0x04,0x40,0x00,0x00,0x04,0x40,0x00,0x00,0x04,0x40,0x00,0x00,0x04,0xC0,0xFF,0xFF,0x07,    // 154
    0x00,0x00,0x00,0x00,0xC0,0xFF,0xFF,0x07,0x40,0x00,0x00,0x04,0x40,0x00,0x00,0x04,0x40,0x00,0x00,0x04,0x40,0x00,0x00,0x04,0x40,0x00,0x00,0x04,0x40,0x00,0x00,0x04,0x40,0x00,0x00,0x04,0x40,0x00,0x00,0x04,0x40,0x00,0x00,0x04,0x40,0x00,0x00,0x04,0xC0,0xFF,0xFF,0x07,    // 155
    0x00,0x00,0x00,0x00,0xC0,0xFF,0xFF,0x07,0x40,0x00,0x00,0x04,0x40,0x00,0x00,0x04,0x40,0x00,0x00,0x04,0x40,0x00,0x00,0x04,0x40,0x00,0x00,0x04,0x40,0x00,0x00,0x04,0x40,0x00,0x00,0x04,0x40,0x00,0x00,0x04,0x40,0x00,0x00,0x04,0x40,0x00,0x00,0x04,0xC0,0xFF,0xFF,0x07,    // 156
    0x00,0x00,0x00,0x00,0xC0,0xFF,0xFF,0x07,0x40,0x00,0x00,0x04,0x40,0x00,0x00,0x04,0x40,0x00,0x00,0x04,0x40,0x00,0x00,0x04,0x40,0x00,0x00,0x04,0x40,0x00,0x00,0x04,0x40,0x00,0x00,0x04,0x40,0x00,0x00,0x04,0x40,0x00,0x00,0x04,0x40,0x00,0x00,0x04,0xC0,0xFF,0xFF,0x07,    // 157
    0x00,0x00,0x00,0x00,0xC0,0xFF,0xFF,0x07,0x40,0x00,0x00,0x04,0x40,0x00,0x00,0x04,0x40,0x00,0x00,0x04,0x40,0x00,0x00,0x04,0x40,0x00,0x00,0x04,0x40,0x00,0x00,0x04,0x40,0x00,0x00,0x04,0x40,0x00,0x00,0x04,0x40,0x00,0x00,0x04,0x40,0x00,0x00,0x04,0xC0,0xFF,0xFF,0x07,    // 158
    0x00,0x00,0x00,0x00,0xC0,0xFF,0xFF,0x07,0x40,0x00,0x00,0x04,0x40,0x00,0x00,0x04,0x40,0x00,0x00,0x04,0x40,0x00,0x00,0x04,0x40,0x00,0x00,0x04,0x40,0x00,0x00,0x04,0x40,0x00,0x00,0x04,0x40,0x00,0x00,0x04,0x40,0x00,0x00,0x04,0x40,0x00,0x00,0x04,0xC0,0xFF,0xFF,0x07,    // 159
    0x00,0x00,0x00,0x00,0x00,0x00,0x00,0x00,0x00,0x00,0x00,0x00,0x00,0x00,0x00,0x00,0x00,0x00,0x00,0x00,0x00,0x00,0x00,0x00,0x00,0x1C,0xFF,0x0F,0x00,0x1C,0xFF,0x0F,    // 161
    0x00,0x00,0x00,0x00,0x00,0x00,0x00,0x00,0x00,0xC0,0x07,0x00,0x00,0xF0,0x1F,0x00,0x00,0x38,0x38,0x00,0x00,0x18,0x30,0x00,0x00,0x0C,0x60,0x00,0x00,0x0C,0x60,0x00,0x80,0xFF,0xFF,0x07,0x00,0x0C,0x60,0x00,0x00,0x0C,0x60,0x00,0x00,0x18,0x30,    // 162
    0x00,0x00,0x00,0x00,0x00,0x00,0x60,0x00,0x00,0xC0,0x60,0x00,0x00,0xC0,0x60,0x00,0x00,0xFF,0x7F,0x00,0xC0,0xFF,0x7F,0x00,0xC0,0xC0,0x60,0x00,0x60,0xC0,0x60,0x00,0x60,0xC0,0x60,0x00,0x60,0xC0,0x60,0x00,0x60,0x00,0x60,0x00,0xC0,0x00,0x60,    // 163
    0x00,0x00,0x00,0x00,0x00,0x00,0x00,0x00,0x00,0x00,0x00,0x00,0x00,0x04,0x08,0x00,0x00,0xF8,0x07,0x00,0x00,0x18,0x06,0x00,0x00,0x08,0x04,0x00,0x00,0x08,0x04,0x00,0x00,0x08,0x04,0x00,0x00,0x08,0x04,0x00,0x00,0x18,0x06,0x00,0x00,0xF8,0x07,0x00,0x00,0x04,0x08,    // 164
    0x20,0x00,0x00,0x00,0x60,0x98,0x01,0x00,0xE0,0x99,0x01,0x00,0x80,0x9B,0x01,0x00,0x00,0x9F,0x01,0x00,0x00,0xBC,0x01,0x00,0x00,0xF0,0x7F,0x00,0x00,0xF0,0x7F,0x00,0x00,0xBC,0x01,0x00,0x00,0x9F,0x01,0x00,0x80,0x9B,0x01,0x00,0xE0,0x99,0x01,0x00,0x60,0x98,0x01,0x00,0x20,    // 165
    0x00,0x00,0x00,0x00,0x00,0x00,0x00,0x00,0x00,0x00,0x00,0x00,0x00,0x00,0x00,0x00,0x00,0x00,0x00,0x00,0x00,0x00,0x00,0x00,0xC0,0x7F,0xFC,0x07,0xC0,0x7F,0xFC,0x07,    // 166
    0x00,0x00,0x00,0x00,0x00,0x00,0x00,0x00,0x00,0xE0,0x00,0x00,0x80,0xF3,0xC1,0x00,0xC0,0x9F,0x83,0x01,0xE0,0x0C,0x83,0x01,0x60,0x1C,0x86,0x01,0x60,0x18,0x86,0x01,0x60,0x30,0xCC,0x01,0x60,0x70,0xFE,0x00,0xC0,0xE0,0x7B,0x00,0x00,0xC0,0x01,    // 167
    0x00,0x00,0x00,0x00,0x00,0x00,0x00,0x00,0x00,0x00,0x00,0x00,0x00,0x00,0x00,0x00,0x60,0x00,0x00,0x00,0x60,0x00,0x00,0x00,0x00,0x00,0x00,0x00,0x00,0x00,0x00,0x00,0x60,0x00,0x00,0x00,0x60,    // 168
    0x00,0xF8,0x01,0x00,0x00,0x0C,0x03,0x00,0x00,0x02,0x04,0x00,0x00,0xF1,0x08,0x00,0x80,0xF9,0x19,0x00,0x80,0x0C,0x13,0x00,0x80,0x04,0x12,0x00,0x80,0x04,0x12,0x00,0x80,0x04,0x12,0x00,0x80,0x09,0x19,0x00,0x00,0x01,0x08,0x00,0x00,0x02,0x04,0x00,0x00,0x0C,0x03,0x00,0x00,0xF8,0x01,    // 169
    0x00,0x00,0x00,0x00,0x00,0x00,0x00,0x00,0x00,0x00,0x00,0x00,0x00,0x3C,0x01,0x00,0x40,0x7C,0x01,0x00,0x20,0x66,0x01,0x00,0x20,0x42,0x01,0x00,0x20,0x42,0x01,0x00,0x20,0x42,0x01,0x00,0x60,0x32,0x01,0x00,0xC0,0x7F,0x01,0x00,0x80,0x7F,0x01,    // 170
    0x00,0x00,0x00,0x00,0x00,0x00,0x01,0x00,0x00,0x80,0x03,0x00,0x00,0xC0,0x06,0x00,0x00,0x60,0x0C,0x00,0x00,0x70,0x1C,0x00,0x00,0x38,0x38,0x00,0x00,0x00,0x01,0x00,0x00,0x80,0x03,0x00,0x00,0xC0,0x06,0x00,0x00,0x60,0x0C,0x00,0x00,0x70,0x1C,0x00,0x00,0x38,0x38,    // 171
    0x00,0x00,0x00,0x00,0x00,0x60,0x00,0x00,0x00,0x60,0x00,0x00,0x00,0x60,0x00,0x00,0x00,0x60,0x00,0x00,0x00,0x60,0x00,0x00,0x00,0x60,0x00,0x00,0x00,0x60,0x00,0x00,0x00,0x60,0x00,0x00,0x00,0x60,0x00,0x00,0x00,0x60,0x00,0x00,0x00,0xE0,0x07,0x00,0x00,0xE0,0x07,    // 172
    0x00,0x00,0x00,0x00,0x00,0x00,0x00,0x00,0x00,0x00,0x00,0x00,0x00,0x00,0x00,0x00,0x00,0x80,0x01,0x00,0x00,0x80,0x01,0x00,0x00,0x80,0x01,0x00,0x00,0x80,0x01,0x00,0x00,0x80,0x01,0x00,0x00,0x80,0x01,    // 173
    0x00,0xF8,0x01,0x00,0x00,0x0C,0x03,0x00,0x00,0x02,0x04,0x00,0x00,0x01,0x08,0x00,0x80,0xFD,0x1B,0x00,0x80,0xFC,0x13,0x00,0x80,0xC4,0x10,0x00,0x80,0xC4,0x11,0x00,0x80,0xFC,0x13,0x00,0x80,0x39,0x1B,0x00,0x00,0x01,0x0A,0x00,0x00,0x02,0x04,0x00,0x00,0x0C,0x03,0x00,0x00,0xF8,0x01,    // 174
    0x00,0x00,0x00,0x00,0x00,0x00,0x00,0x00,0x00,0x00,0x00,0x00,0x00,0x00,0x00,0x00,0x60,0x00,0x00,0x00,0x60,0x00,0x00,0x00,0x60,0x00,0x00,0x00,0x60,0x00,0x00,0x00,0x60,0x00,0x00,0x00,0x60,0x00,0x00,0x00,0x60,    // 175
    0x00,0x00,0x00,0x00,0x00,0x00,0x00,0x00,0x00,0x00,0x00,0x00,0x00,0x00,0x00,0x00,0x80,0x03,0x00,0x00,0x40,0x04,0x00,0x00,0x20,0x08,0x00,0x00,0x20,0x08,0x00,0x00,0x20,0x08,0x00,0x00,0x40,0x04,0x00,0x00,0x80,0x03,    // 176
    0x00,0x00,0x00,0x00,0x00,0x60,0x60,0x00,0x00,0x60,0x60,0x00,0x00,0x60,0x60,0x00,0x00,0x60,0x60,0x00,0x00,0x60,0x60,0x00,0x00,0xFE,0x67,0x00,0x00,0xFE,0x67,0x00,0x00,0x60,0x60,0x00,0x00,0x60,0x60,0x00,0x00,0x60,0x60,0x00,0x00,0x60,0x60,0x00,0x00,0x60,0x60,    // 177
    0x00,0x00,0x00,0x00,0x00,0x00,0x00,0x00,0x00,0x00,0x00,0x00,0x00,0x00,0x00,0x00,0x40,0x60,0x00,0x00,0x20,0x70,0x00,0x00,0x20,0x78,0x00,0x00,0x20,0x5C,0x00,0x00,0x60,0x4E,0x00,0x00,0xC0,0x47,0x00,0x00,0xC0,0x43,    // 178
    0x00,0x00,0x00,0x00,0x00,0x00,0x00,0x00,0x00,0x00,0x00,0x00,0x00,0x00,0x00,0x00,0x40,0x20,0x00,0x00,0x20,0x40,0x00,0x00,0x20,0x42,0x00,0x00,0x20,0x42,0x00,0x00,0x60,0x66,0x00,0x00,0xE0,0x3D,0x00,0x00,0xC0,0x3D,    // 179
    0x00,0x00,0x00,0x00,0x00,0x00,0x00,0x00,0x00,0x00,0x00,0x00,0x00,0x00,0x00,0x00,0x00,0x00,0x00,0x00,0x00,0x00,0x00,0x00,0x80,0x00,0x00,0x00,0xC0,0x00,0x00,0x00,0x60,0x00,0x00,0x00,0x30,0x00,0x00,0x00,0x10,    // 180
    0x00,0x00,0x00,0x00,0x00,0x00,0x00,0x00,0x00,0xFC,0xFF,0x0F,0x00,0xFC,0xFF,0x0F,0x00,0x00,0x30,0x00,0x00,0x00,0x60,0x00,0x00,0x00,0x60,0x00,0x00,0x00,0x60,0x00,0x00,0x00,0x60,0x00,0x00,0x00,0x60,0x00,0x00,0x00,0x30,0x00,0x00,0xFC,0x3F,0x00,0x00,0xFC,0x7F,0x00,0x00,0x00,0x60,    // 181
    0x00,0x00,0x00,0x00,0x00,0x0F,0x00,0x00,0xC0,0x3F,0x00,0x00,0xC0,0x3F,0x00,0x00,0xE0,0x7F,0x00,0x00,0xE0,0x7F,0x00,0x00,0xE0,0xFF,0xFF,0x01,0xE0,0xFF,0xFF,0x01,0x20,0x00,0x00,0x00,0x20,0x00,0x00,0x00,0xE0,0xFF,0xFF,0x01,0xE0,0xFF,0xFF,0x01,    // 182
    0x00,0x00,0x00,0x00,0x00,0x00,0x00,0x00,0x00,0x00,0x00,0x00,0x00,0x00,0x00,0x00,0x00,0x00,0x00,0x00,0x00,0x00,0x00,0x00,0x00,0xE0,0x01,0x00,0x00,0xE0,0x01,0x00,0x00,0xE0,0x01,    // 183
    0x00,0x00,0x00,0x00,0x00,0x00,0x00,0x00,0x00,0x00,0x00,0x00,0x00,0x00,0x00,0x00,0x00,0x00,0x00,0x0C,0x00,0x00,0x00,0x0C,0x00,0x00,0x00,0x0C,0x00,0x00,0x80,0x0F,0x00,0x00,0x00,0x07,    // 184
    0x00,0x00,0x00,0x00,0x00,0x00,0x00,0x00,0x00,0x00,0x00,0x00,0x00,0x00,0x00,0x00,0x00,0x00,0x00,0x00,0x20,0x40,0x00,0x00,0x20,0x40,0x00,0x00,0xE0,0x7F,0x00,0x00,0xE0,0x7F,0x00,0x00,0x00,0x40,0x00,0x00,0x00,0x40,    // 185
    0x00,0x00,0x00,0x00,0x00,0x00,0x00,0x00,0x00,0x00,0x00,0x00,0x80,0x1F,0x01,0x00,0xC0,0x3F,0x01,0x00,0x60,0x60,0x01,0x00,0x20,0x40,0x01,0x00,0x20,0x40,0x01,0x00,0x20,0x40,0x01,0x00,0x60,0x60,0x01,0x00,0xC0,0x3F,0x01,0x00,0x80,0x1F,0x01,    // 186
    0x00,0x00,0x00,0x00,0x00,0x00,0x00,0x00,0x00,0x38,0x38,0x00,0x00,0x70,0x1C,0x00,0x00,0x60,0x0C,0x00,0x00,0xC0,0x06,0x00,0x00,0x80,0x03,0x00,0x00,0x00,0x01,0x00,0x00,0x38,0x38,0x00,0x00,0x70,0x1C,0x00,0x00,0x60,0x0C,0x00,0x00,0xC0,0x06,0x00,0x00,0x80,0x03,0x00,0x00,0x00,0x01,    // 187
    0x00,0x00,0x01,0x00,0x00,0x00,0x01,0x00,0x08,0x90,0x00,0x00,0x08,0x90,0x00,0x00,0xF8,0x9F,0x00,0x00,0xF8,0x9F,0xC0,0x00,0x00,0xD0,0xB0,0x00,0x00,0x50,0x98,0x00,0x00,0x40,0x86,0x00,0x00,0x40,0xFF,0x03,0x00,0x40,0xFF,0x03,0x00,0x20,0x80,0x00,0x00,0x20,    // 188
    0x00,0x00,0x01,0x00,0x00,0x00,0x01,0x00,0x08,0x90,0x00,0x00,0x08,0x90,0x00,0x00,0xF8,0x9F,0x00,0x00,0xF8,0x9F,0x00,0x00,0x00,0xD0,0x02,0x03,0x00,0x50,0x81,0x03,0x00,0x40,0xC1,0x03,0x00,0x40,0xE1,0x02,0x00,0x40,0x73,0x02,0x00,0x20,0x3E,0x02,0x00,0x20,0x1E,0x02,    // 189
    0x00,0x00,0x01,0x00,0x10,0x08,0x01,0x00,0x08,0x90,0x00,0x00,0x88,0x90,0x00,0x00,0x88,0x90,0x00,0x00,0x98,0x99,0xC0,0x00,0x78,0xCF,0xB0,0x00,0x70,0x4F,0x98,0x00,0x00,0x40,0x86,0x00,0x00,0x40,0xFF,0x03,0x00,0x40,0xFF,0x03,0x00,0x20,0x80,0x00,0x00,0x20,    // 190
    0x00,0x00,0x00,0x00,0x00,0x00,0x00,0x00,0x00,0x00,0xC0,0x03,0x00,0x00,0xF0,0x07,0x00,0x00,0x38,0x0E,0x00,0x00,0x1C,0x0C,0x00,0x9C,0x0F,0x0C,0x00,0x9C,0x07,0x0C,0x00,0x00,0x00,0x0C,0x00,0x00,0x00,0x06,0x00,0x00,0x00,0x03,    // 191
    0x00,0x00,0x00,0x00,0x00,0x00,0x60,0x00,0x00,0x00,0x7E,0x00,0x00,0xE0,0x1F,0x00,0x02,0xFC,0x07,0x00,0xC6,0x3F,0x06,0x00,0xEC,0x03,0x06,0x00,0xE8,0x03,0x06,0x00,0xC0,0x3F,0x06,0x00,0x00,0xFC,0x07,0x00,0x00,0xC0,0x1F,0x00,0x00,0x00,0x7E,0x00,0x00,0x00,0x60,    // 192
    0x00,0x00,0x00,0x00,0x00,0x00,0x60,0x00,0x00,0x00,0x7E,0x00,0x00,0xE0,0x1F,0x00,0x00,0xFC,0x07,0x00,0xC0,0x3F,0x06,0x00,0xE8,0x03,0x06,0x00,0xEC,0x03,0x06,0x00,0xC6,0x3F,0x06,0x00,0x02,0xFC,0x07,0x00,0x00,0xC0,0x1F,0x00,0x00,0x00,0x7E,0x00,0x00,0x00,0x60,    // 193
    0x00,0x00,0x00,0x00,0x00,0x00,0x60,0x00,0x00,0x00,0x7E,0x00,0x00,0xE0,0x1F,0x00,0x08,0xFC,0x07,0x00,0xCC,0x3F,0x06,0x00,0xE6,0x03,0x06,0x00,0xE6,0x03,0x06,0x00,0xCC,0x3F,0x06,0x00,0x08,0xFC,0x07,0x00,0x00,0xC0,0x1F,0x00,0x00,0x00,0x7E,0x00,0x00,0x00,0x60,    // 194
    0x00,0x00,0x00,0x00,0x00,0x00,0x60,0x00,0x00,0x00,0x7E,0x00,0x08,0xE0,0x1F,0x00,0x04,0xFC,0x07,0x00,0xC4,0x3F,0x06,0x00,0xE4,0x03,0x06,0x00,0xE8,0x03,0x06,0x00,0xC8,0x3F,0x06,0x00,0x08,0xFC,0x07,0x00,0x04,0xC0,0x1F,0x00,0x00,0x00,0x7E,0x00,0x00,0x00,0x60,    // 195
    0x00,0x00,0x00,0x00,0x00,0x00,0x60,0x00,0x00,0x00,0x7E,0x00,0x00,0xE0,0x1F,0x00,0x0C,0xFC,0x07,0x00,0xCC,0x3F,0x06,0x00,0xE0,0x03,0x06,0x00,0xE0,0x03,0x06,0x00,0xCC,0x3F,0x06,0x00,0x0C,0xFC,0x07,0x00,0x00,0xC0,0x1F,0x00,0x00,0x00,0x7E,0x00,0x00,0x00,0x60,    // 196
    0x00,0x00,0x00,0x00,0x00,0x00,0x60,0x00,0x00,0x00,0x7E,0x00,0x00,0xF0,0x1F,0x00,0x1C,0xFF,0x07,0x00,0xF6,0x1F,0x06,0x00,0xE2,0x00,0x06,0x00,0xE2,0x00,0x06,0x00,0xF6,0x1F,0x06,0x00,0x1C,0xFF,0x07,0x00,0x00,0xF0,0x1F,0x00,0x00,0x00,0x7E,0x00,0x00,0x00,0x60,    // 197
    0x00,0x00,0x60,0x00,0x00,0x00,0x7E,0x00,0x00,0xE0,0x1F,0x00,0x00,0xFE,0x07,0x00,0xE0,0x1F,0x06,0x00,0xE0,0x01,0x06,0x00,0x60,0x00,0x06,0x00,0xE0,0xFF,0x7F,0x00,0xE0,0xFF,0x7F,0x00,0x60,0x60,0x60,0x00,0x60,0x60,0x60,0x00,0x60,0x60,0x60,0x00,0x60,0x00,0x60,    // 198
    0x00,0x00,0x00,0x00,0x00,0xFC,0x03,0x00,0x00,0xFF,0x0F,0x00,0x80,0x03,0x1C,0x00,0xC0,0x00,0x30,0x00,0xE0,0x00,0x70,0x0C,0x60,0x00,0x60,0x0C,0x60,0x00,0x60,0x0C,0x60,0x00,0xE0,0x0F,0x60,0x00,0x60,0x07,0x60,0x00,0x60,0x00,0xC0,0x00,0x30,    // 199
    0x00,0x00,0x00,0x00,0xE0,0xFF,0x7F,0x00,0xE0,0xFF,0x7F,0x00,0x60,0x60,0x60,0x00,0x62,0x60,0x60,0x00,0x66,0x60,0x60,0x00,0x6C,0x60,0x60,0x00,0x68,0x60,0x60,0x00,0x60,0x60,0x60,0x00,0x60,0x60,0x60,0x00,0x60,0x60,0x60,0x00,0x60,0x00,0x60,    // 200
    0x00,0x00,0x00,0x00,0xE0,0xFF,0x7F,0x00,0xE0,0xFF,0x7F,0x00,0x60,0x60,0x60,0x00,0x60,0x60,0x60,0x00,0x60,0x60,0x60,0x00,0x68,0x60,0x60,0x00,0x6C,0x60,0x60,0x00,0x66,0x60,0x60,0x00,0x62,0x60,0x60,0x00,0x60,0x60,0x60,0x00,0x60,0x00,0x60,    // 201
    0x00,0x00,0x00,0x00,0xE0,0xFF,0x7F,0x00,0xE0,0xFF,0x7F,0x00,0x60,0x60,0x60,0x00,0x68,0x60,0x60,0x00,0x6C,0x60,0x60,0x00,0x66,0x60,0x60,0x00,0x62,0x60,0x60,0x00,0x66,0x60,0x60,0x00,0x6C,0x60,0x60,0x00,0x68,0x60,0x60,0x00,0x60,0x00,0x60,    // 202
    0x00,0x00,0x00,0x00,0xE0,0xFF,0x7F,0x00,0xE0,0xFF,0x7F,0x00,0x60,0x60,0x60,0x00,0x6C,0x60,0x60,0x00,0x6C,0x60,0x60,0x00,0x60,0x60,0x60,0x00,0x60,0x60,0x60,0x00,0x6C,0x60,0x60,0x00,0x6C,0x60,0x60,0x00,0x60,0x60,0x60,0x00,0x60,0x00,0x60,    // 203
    0x00,0x00,0x00,0x00,0x00,0x00,0x00,0x00,0x60,0x00,0x60,0x00,0x60,0x00,0x60,0x00,0x62,0x00,0x60,0x00,0x66,0x00,0x60,0x00,0xEC,0xFF,0x7F,0x00,0xE8,0xFF,0x7F,0x00,0x60,0x00,0x60,0x00,0x60,0x00,0x60,0x00,0x60,0x00,0x60,0x00,0x60,0x00,0x60,    // 204
    0x00,0x00,0x00,0x00,0x00,0x00,0x00,0x00,0x60,0x00,0x60,0x00,0x60,0x00,0x60,0x00,0x60,0x00,0x60,0x00,0x60,0x00,0x60,0x00,0xE8,0xFF,0x7F,0x00,0xEC,0xFF,0x7F,0x00,0x66,0x00,0x60,0x00,0x62,0x00,0x60,0x00,0x60,0x00,0x60,0x00,0x60,0x00,0x60,    // 205
    0x00,0x00,0x00,0x00,0x00,0x00,0x00,0x00,0x60,0x00,0x60,0x00,0x60,0x00,0x60,0x00,0x68,0x00,0x60,0x00,0x6C,0x00,0x60,0x00,0xE6,0xFF,0x7F,0x00,0xE6,0xFF,0x7F,0x00,0x6C,0x00,0x60,0x00,0x68,0x00,0x60,0x00,0x60,0x00,0x60,0x00,0x60,0x00,0x60,    // 206
    0x00,0x00,0x00,0x00,0x00,0x00,0x00,0x00,0x60,0x00,0x60,0x00,0x60,0x00,0x60,0x00,0x6C,0x00,0x60,0x00,0x6C,0x00,0x60,0x00,0xE0,0xFF,0x7F,0x00,0xE0,0xFF,0x7F,0x00,0x6C,0x00,0x60,0x00,0x6C,0x00,0x60,0x00,0x60,0x00,0x60,0x00,0x60,0x00,0x60,    // 207
    0x00,0x60,0x00,0x00,0xE0,0xFF,0x7F,0x00,0xE0,0xFF,0x7F,0x00,0x60,0x60,0x60,0x00,0x60,0x60,0x60,0x00,0x60,0x60,0x60,0x00,0x60,0x00,0x60,0x00,0xC0,0x00,0x30,0x00,0xC0,0x00,0x30,0x00,0x80,0x03,0x1C,0x00,0x00,0xFF,0x0F,0x00,0x00,0xFC,0x03,    // 208
    0x00,0x00,0x00,0x00,0xE0,0xFF,0x7F,0x00,0xE0,0xFF,0x7F,0x00,0xE8,0x01,0x00,0x00,0x84,0x0F,0x00,0x00,0x04,0x3E,0x00,0x00,0x0C,0xF0,0x00,0x00,0x08,0xC0,0x07,0x00,0x08,0x00,0x1F,0x00,0x04,0x00,0x78,0x00,0xE0,0xFF,0x7F,0x00,0xE0,0xFF,0x7F,    // 209
    0x00,0x00,0x00,0x00,0x00,0xFE,0x07,0x00,0x80,0xFF,0x1F,0x00,0xC0,0x03,0x3C,0x00,0xE2,0x00,0x70,0x00,0x66,0x00,0x60,0x00,0x6C,0x00,0x60,0x00,0x68,0x00,0x60,0x00,0x60,0x00,0x60,0x00,0xE0,0x00,0x30,0x00,0xC0,0x03,0x3C,0x00,0x80,0xFF,0x1F,0x00,0x00,0xFC,0x03,    // 210
    0x00,0x00,0x00,0x00,0x00,0xFE,0x07,0x00,0x80,0xFF,0x1F,0x00,0xC0,0x03,0x3C,0x00,0xE0,0x00,0x70,0x00,0x60,0x00,0x60,0x00,0x68,0x00,0x60,0x00,0x6C,0x00,0x60,0x00,0x66,0x00,0x60,0x00,0xE2,0x00,0x30,0x00,0xC0,0x03,0x3C,0x00,0x80,0xFF,0x1F,0x00,0x00,0xFC,0x03,    // 211
    0x00,0x00,0x00,0x00,0x00,0xFE,0x07,0x00,0x80,0xFF,0x1F,0x00,0xC0,0x03,0x3C,0x00,0xE8,0x00,0x70,0x00,0x6C,0x00,0x60,0x00,0x66,0x00,0x60,0x00,0x66,0x00,0x60,0x00,0x6C,0x00,0x60,0x00,0xE8,0x00,0x30,0x00,0xC0,0x03,0x3C,0x00,0x80,0xFF,0x1F,0x00,0x00,0xFC,0x03,    // 212
    0x00,0x00,0x00,0x00,0x00,0xFE,0x07,0x00,0x80,0xFF,0x1F,0x00,0xC8,0x03,0x3C,0x00,0xE4,0x00,0x70,0x00,0x64,0x00,0x60,0x00,0x64,0x00,0x60,0x00,0x68,0x00,0x60,0x00,0x68,0x00,0x60,0x00,0xE8,0x00,0x30,0x00,0xC4,0x03,0x3C,0x00,0x80,0xFF,0x1F,0x00,0x00,0xFC,0x03,    // 213
    0x00,0x00,0x00,0x00,0x00,0xFE,0x07,0x00,0x80,0xFF,0x1F,0x00,0xC0,0x03,0x3C,0x00,0xEC,0x00,0x70,0x00,0x6C,0x00,0x60,0x00,0x60,0x00,0x60,0x00,0x60,0x00,0x60,0x00,0x6C,0x00,0x60,0x00,0xEC,0x00,0x30,0x00,0xC0,0x03,0x3C,0x00,0x80,0xFF,0x1F,0x00,0x00,0xFC,0x03,    // 214
    0x00,0x00,0x00,0x00,0x00,0x00,0x00,0x00,0x00,0x08,0x08,0x00,0x00,0x1C,0x1C,0x00,0x00,0x38,0x0E,0x00,0x00,0x70,0x07,0x00,0x00,0xE0,0x03,0x00,0x00,0xC0,0x01,0x00,0x00,0xE0,0x03,0x00,0x00,0x70,0x07,0x00,0x00,0x38,0x0E,0x00,0x00,0x1C,0x1C,0x00,0x00,0x08,0x08,    // 215
    0x00,0x00,0x40,0x00,0x00,0xFE,0x77,0x00,0x80,0xFF,0x1F,0x00,0xC0,0x03,0x3E,0x00,0xC0,0x00,0x73,0x00,0x60,0xC0,0x61,0x00,0x60,0xE0,0x60,0x00,0x60,0x30,0x60,0x00,0x60,0x18,0x60,0x00,0xE0,0x0C,0x30,0x00,0xC0,0x07,0x3C,0x00,0x80,0xFF,0x1F,0x00,0xE0,0xFE,0x03,0x00,0x20,    // 216
    0x00,0x00,0x00,0x00,0xE0,0xFF,0x0F,0x00,0xE0,0xFF,0x3F,0x00,0x00,0x00,0x30,0x00,0x02,0x00,0x60,0x00,0x06,0x00,0x60,0x00,0x0C,0x00,0x60,0x00,0x08,0x00,0x60,0x00,0x00,0x00,0x60,0x00,0x00,0x00,0x30,0x00,0xE0,0xFF,0x3F,0x00,0xE0,0xFF,0x0F,    // 217
    0x00,0x00,0x00,0x00,0xE0,0xFF,0x0F,0x00,0xE0,0xFF,0x3F,0x00,0x00,0x00,0x30,0x00,0x00,0x00,0x60,0x00,0x00,0x00,0x60,0x00,0x08,0x00,0x60,0x00,0x0C,0x00,0x60,0x00,0x06,0x00,0x60,0x00,0x02,0x00,0x30,0x00,0xE0,0xFF,0x3F,0x00,0xE0,0xFF,0x0F,    // 218
    0x00,0x00,0x00,0x00,0xE0,0xFF,0x0F,0x00,0xE0,0xFF,0x3F,0x00,0x08,0x00,0x30,0x00,0x0C,0x00,0x60,0x00,0x06,0x00,0x60,0x00,0x02,0x00,0x60,0x00,0x06,0x00,0x60,0x00,0x0C,0x00,0x60,0x00,0x08,0x00,0x30,0x00,0xE0,0xFF,0x3F,0x00,0xE0,0xFF,0x0F,    // 219
    0x00,0x00,0x00,0x00,0xE0,0xFF,0x0F,0x00,0xE0,0xFF,0x3F,0x00,0x00,0x00,0x30,0x00,0x0C,0x00,0x60,0x00,0x0C,0x00,0x60,0x00,0x00,0x00,0x60,0x00,0x0C,0x00,0x60,0x00,0x0C,0x00,0x60,0x00,0x00,0x00,0x30,0x00,0xE0,0xFF,0x3F,0x00,0xE0,0xFF,0x0F,    // 220
    0x20,0x00,0x00,0x00,0x60,0x00,0x00,0x00,0xE0,0x01,0x00,0x00,0x80,0x07,0x00,0x00,0x00,0x0E,0x00,0x00,0x00,0x3C,0x00,0x00,0x08,0xF0,0x7F,0x00,0x0C,0xF0,0x7F,0x00,0x06,0x3C,0x00,0x00,0x02,0x0E,0x00,0x00,0x80,0x07,0x00,0x00,0xE0,0x01,0x00,0x00,0xE0,0x00,0x00,0x00,0x20,    // 221
    0x00,0x00,0x00,0x00,0xE0,0xFF,0x7F,0x00,0xE0,0xFF,0x7F,0x00,0x00,0x03,0x03,0x00,0x00,0x03,0x03,0x00,0x00,0x03,0x03,0x00,0x00,0x03,0x03,0x00,0x00,0x03,0x03,0x00,0x00,0x03,0x03,0x00,0x00,0x86,0x01,0x00,0x00,0xFE,0x01,0x00,0x00,0xFC,    // 222
    0x00,0x00,0x00,0x00,0x00,0x00,0x00,0x00,0x80,0xFF,0x7F,0x00,0xC0,0xFF,0x7F,0x00,0xE0,0x00,0x00,0x00,0x60,0x00,0x30,0x00,0x60,0x38,0x60,0x00,0x60,0x7C,0x60,0x00,0x60,0xC4,0x60,0x00,0xE0,0xC6,0x61,0x00,0xC0,0x83,0x71,0x00,0x80,0x03,0x3F,0x00,0x00,0x00,0x1E,    // 223
    0x00,0x00,0x00,0x00,0x00,0x00,0x00,0x00,0x00,0x00,0x1E,0x00,0x10,0x18,0x3F,0x00,0x10,0x0C,0x73,0x00,0x30,0x8C,0x61,0x00,0x60,0x8C,0x61,0x00,0xC0,0x8C,0x61,0x00,0x80,0x8C,0x61,0x00,0x00,0x8C,0x31,0x00,0x00,0x98,0x19,0x00,0x00,0xF8,0x7F,0x00,0x00,0xF0,0x7F,    // 224
    0x00,0x00,0x00,0x00,0x00,0x00,0x00,0x00,0x00,0x00,0x1E,0x00,0x00,0x18,0x3F,0x00,0x00,0x0C,0x73,0x00,0x00,0x8C,0x61,0x00,0x80,0x8C,0x61,0x00,0xC0,0x8C,0x61,0x00,0x60,0x8C,0x61,0x00,0x30,0x8C,0x31,0x00,0x10,0x98,0x19,0x00,0x00,0xF8,0x7F,0x00,0x00,0xF0,0x7F,    // 225
    0x00,0x00,0x00,0x00,0x00,0x00,0x00,0x00,0x00,0x00,0x1E,0x00,0x80,0x18,0x3F,0x00,0xC0,0x0C,0x73,0x00,0x70,0x8C,0x61,0x00,0x10,0x8C,0x61,0x00,0x70,0x8C,0x61,0x00,0xC0,0x8C,0x61,0x00,0x80,0x8C,0x31,0x00,0x00,0x98,0x19,0x00,0x00,0xF8,0x7F,0x00,0x00,0xF0,0x7F,    // 226
    0x00,0x00,0x00,0x00,0x00,0x00,0x00,0x00,0x00,0x00,0x1E,0x00,0x60,0x18,0x3F,0x00,0x10,0x0C,0x73,0x00,0x10,0x8C,0x61,0x00,0x30,0x8C,0x61,0x00,0x60,0x8C,0x61,0x00,0x40,0x8C,0x61,0x00,0x40,0x8C,0x31,0x00,0x30,0x98,0x19,0x00,0x00,0xF8,0x7F,0x00,0x00,0xF0,0x7F,    // 227
    0x00,0x00,0x00,0x00,0x00,0x00,0x00,0x00,0x00,0x00,0x1E,0x00,0x00,0x18,0x3F,0x00,0x60,0x0C,0x73,0x00,0x60,0x8C,0x61,0x00,0x00,0x8C,0x61,0x00,0x00,0x8C,0x61,0x00,0x60,0x8C,0x61,0x00,0x60,0x8C,0x31,0x00,0x00,0x98,0x19,0x00,0x00,0xF8,0x7F,0x00,0x00,0xF0,0x7F,    // 228
    0x00,0x00,0x00,0x00,0x00,0x00,0x00,0x00,0x00,0x00,0x1E,0x00,0x00,0x18,0x3F,0x00,0x78,0x0C,0x73,0x00,0xCC,0x8C,0x61,0x00,0x84,0x8C,0x61,0x00,0x84,0x8C,0x61,0x00,0xCC,0x8C,0x61,0x00,0x78,0x8C,0x31,0x00,0x00,0x98,0x19,0x00,0x00,0xF8,0x7F,0x00,0x00,0xF0,0x7F,    // 229
    0x00,0x00,0x1E,0x00,0x00,0x18,0x3F,0x00,0x00,0x8C,0x73,0x00,0x00,0x8C,0x61,0x00,0x00,0x8C,0x61,0x00,0x00,0x9C,0x71,0x00,0x00,0xF8,0x3F,0x00,0x00,0xF8,0x3F,0x00,0x00,0x9C,0x71,0x00,0x00,0x8C,0x61,0x00,0x00,0x8C,0x61,0x00,0x00,0x9C,0x61,0x00,0x00,0xF8,0x61,0x00,0x00,0xF0,0x31,    // 230
    0x00,0x00,0x00,0x00,0x00,0x00,0x00,0x00,0x00,0xC0,0x07,0x00,0x00,0xF0,0x1F,0x00,0x00,0x38,0x38,0x00,0x00,0x18,0x70,0x0C,0x00,0x0C,0x60,0x0C,0x00,0x0C,0x60,0x0C,0x00,0x0C,0xE0,0x0F,0x00,0x0C,0x60,0x07,0x00,0x0C,0x60,0x00,0x00,0x18,0x30,    // 231
    0x00,0x00,0x00,0x00,0x00,0x00,0x00,0x00,0x00,0xE0,0x0F,0x00,0x10,0xF0,0x1F,0x00,0x10,0xB8,0x39,0x00,0x30,0x9C,0x71,0x00,0x60,0x8C,0x61,0x00,0xC0,0x8C,0x61,0x00,0x80,0x8C,0x61,0x00,0x00,0x8C,0x61,0x00,0x00,0x98,0x61,0x00,0x00,0xF8,0x31,0x00,0x00,0xE0,0x01,    // 232
    0x00,0x00,0x00,0x00,0x00,0x00,0x00,0x00,0x00,0xE0,0x0F,0x00,0x00,0xF0,0x1F,0x00,0x00,0xB8,0x39,0x00,0x00,0x9C,0x71,0x00,0x80,0x8C,0x61,0x00,0xC0,0x8C,0x61,0x00,0x60,0x8C,0x61,0x00,0x30,0x8C,0x61,0x00,0x10,0x98,0x61,0x00,0x00,0xF8,0x31,0x00,0x00,0xE0,0x01,    // 233
    0x00,0x00,0x00,0x00,0x00,0x00,0x00,0x00,0x00,0xE0,0x0F,0x00,0x80,0xF0,0x1F,0x00,0xC0,0xB8,0x39,0x00,0x70,0x9C,0x71,0x00,0x10,0x8C,0x61,0x00,0x70,0x8C,0x61,0x00,0xC0,0x8C,0x61,0x00,0x80,0x8C,0x61,0x00,0x00,0x98,0x61,0x00,0x00,0xF8,0x31,0x00,0x00,0xE0,0x01,    // 234
    0x00,0x00,0x00,0x00,0x00,0x00,0x00,0x00,0x00,0xE0,0x0F,0x00,0x00,0xF0,0x1F,0x00,0x60,0xB8,0x39,0x00,0x60,0x9C,0x71,0x00,0x00,0x8C,0x61,0x00,0x00,0x8C,0x61,0x00,0x60,0x8C,0x61,0x00,0x60,0x8C,0x61,0x00,0x00,0x98,0x61,0x00,0x00,0xF8,0x31,0x00,0x00,0xE0,0x01,    // 235
    0x00,0x00,0x00,0x00,0x00,0x00,0x00,0x00,0x00,0x00,0x60,0x00,0x10,0x0C,0x60,0x00,0x10,0x0C,0x60,0x00,0x30,0x0C,0x60,0x00,0x60,0xFC,0x7F,0x00,0xC0,0xFC,0x7F,0x00,0x80,0x00,0x60,0x00,0x00,0x00,0x60,0x00,0x00,0x00,0x60,0x00,0x00,0x00,0x60,    // 236
    0x00,0x00,0x00,0x00,0x00,0x00,0x00,0x00,0x00,0x00,0x60,0x00,0x00,0x0C,0x60,0x00,0x00,0x0C,0x60,0x00,0x00,0x0C,0x60,0x00,0x80,0xFC,0x7F,0x00,0xC0,0xFC,0x7F,0x00,0x60,0x00,0x60,0x00,0x30,0x00,0x60,0x00,0x10,0x00,0x60,0x00,0x00,0x00,0x60,    // 237
    0x00,0x00,0x00,0x00,0x00,0x00,0x00,0x00,0x00,0x00,0x60,0x00,0x80,0x0C,0x60,0x00,0xC0,0x0C,0x60,0x00,0x70,0x0C,0x60,0x00,0x10,0xFC,0x7F,0x00,0x70,0xFC,0x7F,0x00,0xC0,0x00,0x60,0x00,0x80,0x00,0x60,0x00,0x00,0x00,0x60,0x00,0x00,0x00,0x60,    // 238
    0x00,0x00,0x00,0x00,0x00,0x00,0x00,0x00,0x00,0x00,0x60,0x00,0x00,0x0C,0x60,0x00,0x60,0x0C,0x60,0x00,0x60,0x0C,0x60,0x00,0x00,0xFC,0x7F,0x00,0x00,0xFC,0x7F,0x00,0x60,0x00,0x60,0x00,0x60,0x00,0x60,0x00,0x00,0x00,0x60,0x00,0x00,0x00,0x60,    // 239
    0x00,0x00,0x00,0x00,0x00,0x00,0x00,0x00,0x00,0xE0,0x0F,0x00,0x00,0xF1,0x1F,0x00,0x20,0x39,0x38,0x00,0xE0,0x1C,0x70,0x00,0xE0,0x0C,0x60,0x00,0xC0,0x0D,0x60,0x00,0xC0,0x0F,0x60,0x00,0x40,0x0F,0x70,0x00,0x40,0x3C,0x38,0x00,0x40,0xF8,0x1F,0x00,0x00,0xE0,0x0F,    // 240
    0x00,0x00,0x00,0x00,0x00,0x00,0x00,0x00,0x00,0xFC,0x7F,0x00,0x60,0xFC,0x7F,0x00,0x10,0x30,0x00,0x00,0x10,0x18,0x00,0x00,0x30,0x0C,0x00,0x00,0x60,0x0C,0x00,0x00,0x40,0x0C,0x00,0x00,0x40,0x0C,0x00,0x00,0x30,0x1C,0x00,0x00,0x00,0xF8,0x7F,0x00,0x00,0xF0,0x7F,    // 241
    0x00,0x00,0x00,0x00,0x00,0x00,0x00,0x00,0x00,0xE0,0x0F,0x00,0x10,0xF0,0x1F,0x00,0x10,0x38,0x38,0x00,0x30,0x1C,0x70,0x00,0x60,0x0C,0x60,0x00,0xC0,0x0C,0x60,0x00,0x80,0x0C,0x60,0x00,0x00,0x1C,0x70,0x00,0x00,0x38,0x38,0x00,0x00,0xF0,0x1F,0x00,0x00,0xE0,0x0F,    // 242
    0x00,0x00,0x00,0x00,0x00,0x00,0x00,0x00,0x00,0xE0,0x0F,0x00,0x00,0xF0,0x1F,0x00,0x00,0x38,0x38,0x00,0x00,0x1C,0x70,0x00,0x80,0x0C,0x60,0x00,0xC0,0x0C,0x60,0x00,0x60,0x0C,0x60,0x00,0x30,0x1C,0x70,0x00,0x10,0x38,0x38,0x00,0x00,0xF0,0x1F,0x00,0x00,0xE0,0x0F,    // 243
    0x00,0x00,0x00,0x00,0x00,0x00,0x00,0x00,0x00,0xE0,0x0F,0x00,0x00,0xF0,0x1F,0x00,0x80,0x38,0x38,0x00,0xC0,0x1C,0x70,0x00,0x70,0x0C,0x60,0x00,0x10,0x0C,0x60,0x00,0x70,0x0C,0x60,0x00,0xC0,0x1C,0x70,0x00,0x80,0x38,0x38,0x00,0x00,0xF0,0x1F,0x00,0x00,0xE0,0x0F,    // 244
    0x00,0x00,0x00,0x00,0x00,0x00,0x00,0x00,0x00,0xE0,0x0F,0x00,0x00,0xF0,0x1F,0x00,0x60,0x38,0x38,0x00,0x10,0x1C,0x70,0x00,0x30,0x0C,0x60,0x00,0x70,0x0C,0x60,0x00,0x60,0x0C,0x60,0x00,0x40,0x1C,0x70,0x00,0x30,0x38,0x38,0x00,0x00,0xF0,0x1F,0x00,0x00,0xE0,0x0F,    // 245
    0x00,0x00,0x00,0x00,0x00,0x00,0x00,0x00,0x00,0xE0,0x0F,0x00,0x00,0xF0,0x1F,0x00,0x00,0x38,0x38,0x00,0x60,0x1C,0x70,0x00,0x60,0x0C,0x60,0x00,0x00,0x0C,0x60,0x00,0x60,0x0C,0x60,0x00,0x60,0x1C,0x70,0x00,0x00,0x38,0x38,0x00,0x00,0xF0,0x1F,0x00,0x00,0xE0,0x0F,    // 246
    0x00,0x00,0x00,0x00,0x00,0xC0,0x00,0x00,0x00,0xC0,0x00,0x00,0x00,0xC0,0x00,0x00,0x00,0xC0,0x00,0x00,0x00,0xC0,0x00,0x00,0x00,0xCE,0x1C,0x00,0x00,0xCE,0x1C,0x00,0x00,0xCE,0x1C,0x00,0x00,0xC0,0x00,0x00,0x00,0xC0,0x00,0x00,0x00,0xC0,0x00,0x00,0x00,0xC0,0x00,0x00,0x00,0xC0,    // 247
    0x00,0x00,0x00,0x00,0x00,0x00,0x40,0x00,0x00,0xE0,0x6F,0x00,0x00,0xF0,0x3F,0x00,0x00,0x38,0x38,0x00,0x00,0x1C,0x7C,0x00,0x00,0x0C,0x66,0x00,0x00,0x0C,0x63,0x00,0x00,0xCC,0x60,0x00,0x00,0x7C,0x70,0x00,0x00,0x38,0x38,0x00,0x00,0xF8,0x1F,0x00,0x00,0xEC,0x0F,0x00,0x00,0x04,    // 248
    0x00,0x00,0x00,0x00,0x00,0x00,0x00,0x00,0x00,0xFC,0x1F,0x00,0x10,0xFC,0x3F,0x00,0x10,0x00,0x70,0x00,0x30,0x00,0x60,0x00,0x60,0x00,0x60,0x00,0xC0,0x00,0x60,0x00,0x80,0x00,0x60,0x00,0x00,0x00,0x30,0x00,0x00,0x00,0x18,0x00,0x00,0xFC,0x7F,0x00,0x00,0xFC,0x7F,    // 249
    0x00,0x00,0x00,0x00,0x00,0x00,0x00,0x00,0x00,0xFC,0x1F,0x00,0x00,0xFC,0x3F,0x00,0x00,0x00,0x70,0x00,0x00,0x00,0x60,0x00,0x80,0x00,0x60,0x00,0xC0,0x00,0x60,0x00,0x60,0x00,0x60,0x00,0x30,0x00,0x30,0x00,0x10,0x00,0x18,0x00,0x00,0xFC,0x7F,0x00,0x00,0xFC,0x7F,    // 250
    0x00,0x00,0x00,0x00,0x00,0x00,0x00,0x00,0x00,0xFC,0x1F,0x00,0x00,0xFC,0x3F,0x00,0x80,0x00,0x70,0x00,0xC0,0x00,0x60,0x00,0x70,0x00,0x60,0x00,0x10,0x00,0x60,0x00,0x70,0x00,0x60,0x00,0xC0,0x00,0x30,0x00,0x80,0x00,0x18,0x00,0x00,0xFC,0x7F,0x00,0x00,0xFC,0x7F,    // 251
    0x00,0x00,0x00,0x00,0x00,0x00,0x00,0x00,0x00,0xFC,0x1F,0x00,0x00,0xFC,0x3F,0x00,0x00,0x00,0x70,0x00,0x60,0x00,0x60,0x00,0x60,0x00,0x60,0x00,0x00,0x00,0x60,0x00,0x60,0x00,0x60,0x00,0x60,0x00,0x30,0x00,0x00,0x00,0x18,0x00,0x00,0xFC,0x7F,0x00,0x00,0xFC,0x7F,    // 252
    0x00,0x00,0x00,0x00,0x00,0x00,0x00,0x00,0x00,0x04,0x00,0x00,0x00,0x3C,0x00,0x0C,0x00,0xF8,0x01,0x0C,0x00,0xC0,0x0F,0x0E,0x80,0x00,0xBF,0x07,0xC0,0x00,0xF8,0x03,0x60,0x00,0x7E,0x00,0x30,0xC0,0x0F,0x00,0x10,0xF8,0x01,0x00,0x00,0x3C,0x00,0x00,0x00,0x04,    // 253
    0x00,0x00,0x00,0x00,0x00,0x00,0x00,0x00,0xE0,0xFF,0xFF,0x0F,0xE0,0xFF,0xFF,0x0F,0x00,0x38,0x38,0x00,0x00,0x18,0x30,0x00,0x00,0x0C,0x60,0x00,0x00,0x0C,0x60,0x00,0x00,0x0C,0x60,0x00,0x00,0x1C,0x70,0x00,0x00,0x38,0x38,0x00,0x00,0xF0,0x1F,0x00,0x00,0xE0,0x0F,    // 254
    0x00,0x00,0x00,0x00,0x00,0x00,0x00,0x00,0x00,0x04,0x00,0x00,0x00,0x3C,0x00,0x0C,0x60,0xF8,0x01,0x0C,0x60,0xC0,0x0F,0x0E,0x00,0x00,0xBF,0x07,0x00,0x00,0xF8,0x03,0x60,0x00,0x7E,0x00,0x60,0xC0,0x0F,0x00,0x00,0xF8,0x01,0x00,0x00,0x3C,0x00,0x00,0x00,0x04    // 255
};

// Created by https://oleddisplay.squix.ch/ Consider a donation
// In case of problems make sure that you are using the font file with the correct version!
const char Monospaced_bold_32[] = {
    0x13, // Width: 19
    0x26, // Height: 38
    0x20, // First Char: 32
    0xE0, // Numbers of Chars: 224

    // Jump Table:
    0xFF, 0xFF, 0x00, 0x13,  // 32:65535
    0x00, 0x00, 0x3B, 0x13,  // 33:0
    0x00, 0x3B, 0x4D, 0x13,  // 34:59
    0x00, 0x88, 0x5C, 0x13,  // 35:136
    0x00, 0xE4, 0x54, 0x13,  // 36:228
    0x01, 0x38, 0x5E, 0x13,  // 37:312
    0x01, 0x96, 0x5E, 0x13,  // 38:406
    0x01, 0xF4, 0x39, 0x13,  // 39:500
    0x02, 0x2D, 0x46, 0x13,  // 40:557
    0x02, 0x73, 0x40, 0x13,  // 41:627
    0x02, 0xB3, 0x53, 0x13,  // 42:691
    0x03, 0x06, 0x5D, 0x13,  // 43:774
    0x03, 0x63, 0x3B, 0x13,  // 44:867
    0x03, 0x9E, 0x49, 0x13,  // 45:926
    0x03, 0xE7, 0x3B, 0x13,  // 46:999
    0x04, 0x22, 0x51, 0x13,  // 47:1058
    0x04, 0x73, 0x53, 0x13,  // 48:1139
    0x04, 0xC6, 0x59, 0x13,  // 49:1222
    0x05, 0x1F, 0x54, 0x13,  // 50:1311
    0x05, 0x73, 0x54, 0x13,  // 51:1395
    0x05, 0xC7, 0x59, 0x13,  // 52:1479
    0x06, 0x20, 0x54, 0x13,  // 53:1568
    0x06, 0x74, 0x54, 0x13,  // 54:1652
    0x06, 0xC8, 0x52, 0x13,  // 55:1736
    0x07, 0x1A, 0x54, 0x13,  // 56:1818
    0x07, 0x6E, 0x53, 0x13,  // 57:1902
    0x07, 0xC1, 0x3B, 0x13,  // 58:1985
    0x07, 0xFC, 0x3B, 0x13,  // 59:2044
    0x08, 0x37, 0x54, 0x13,  // 60:2103
    0x08, 0x8B, 0x54, 0x13,  // 61:2187
    0x08, 0xDF, 0x53, 0x13,  // 62:2271
    0x09, 0x32, 0x52, 0x13,  // 63:2354
    0x09, 0x84, 0x5A, 0x13,  // 64:2436
    0x09, 0xDE, 0x5E, 0x13,  // 65:2526
    0x0A, 0x3C, 0x59, 0x13,  // 66:2620
    0x0A, 0x95, 0x54, 0x13,  // 67:2709
    0x0A, 0xE9, 0x58, 0x13,  // 68:2793
    0x0B, 0x41, 0x59, 0x13,  // 69:2881
    0x0B, 0x9A, 0x57, 0x13,  // 70:2970
    0x0B, 0xF1, 0x59, 0x13,  // 71:3057
    0x0C, 0x4A, 0x54, 0x13,  // 72:3146
    0x0C, 0x9E, 0x54, 0x13,  // 73:3230
    0x0C, 0xF2, 0x4F, 0x13,  // 74:3314
    0x0D, 0x41, 0x5E, 0x13,  // 75:3393
    0x0D, 0x9F, 0x59, 0x13,  // 76:3487
    0x0D, 0xF8, 0x54, 0x13,  // 77:3576
    0x0E, 0x4C, 0x59, 0x13,  // 78:3660
    0x0E, 0xA5, 0x53, 0x13,  // 79:3749
    0x0E, 0xF8, 0x58, 0x13,  // 80:3832
    0x0F, 0x50, 0x53, 0x13,  // 81:3920
    0x0F, 0xA3, 0x5E, 0x13,  // 82:4003
    0x10, 0x01, 0x54, 0x13,  // 83:4097
    0x10, 0x55, 0x57, 0x13,  // 84:4181
    0x10, 0xAC, 0x59, 0x13,  // 85:4268
    0x11, 0x05, 0x57, 0x13,  // 86:4357
    0x11, 0x5C, 0x5C, 0x13,  // 87:4444
    0x11, 0xB8, 0x59, 0x13,  // 88:4536
    0x12, 0x11, 0x5B, 0x13,  // 89:4625
    0x12, 0x6C, 0x59, 0x13,  // 90:4716
    0x12, 0xC5, 0x4B, 0x13,  // 91:4805
    0x13, 0x10, 0x5A, 0x13,  // 92:4880
    0x13, 0x6A, 0x41, 0x13,  // 93:4970
    0x13, 0xAB, 0x57, 0x13,  // 94:5035
    0x14, 0x02, 0x5F, 0x13,  // 95:5122
    0x14, 0x61, 0x39, 0x13,  // 96:5217
    0x14, 0x9A, 0x59, 0x13,  // 97:5274
    0x14, 0xF3, 0x59, 0x13,  // 98:5363
    0x15, 0x4C, 0x54, 0x13,  // 99:5452
    0x15, 0xA0, 0x59, 0x13,  // 100:5536
    0x15, 0xF9, 0x5D, 0x13,  // 101:5625
    0x16, 0x56, 0x52, 0x13,  // 102:5718
    0x16, 0xA8, 0x5A, 0x13,  // 103:5800
    0x17, 0x02, 0x54, 0x13,  // 104:5890
    0x17, 0x56, 0x5E, 0x13,  // 105:5974
    0x17, 0xB4, 0x46, 0x13,  // 106:6068
    0x17, 0xFA, 0x5E, 0x13,  // 107:6138
    0x18, 0x58, 0x54, 0x13,  // 108:6232
    0x18, 0xAC, 0x59, 0x13,  // 109:6316
    0x19, 0x05, 0x54, 0x13,  // 110:6405
    0x19, 0x59, 0x59, 0x13,  // 111:6489
    0x19, 0xB2, 0x59, 0x13,  // 112:6578
    0x1A, 0x0B, 0x5A, 0x13,  // 113:6667
    0x1A, 0x65, 0x58, 0x13,  // 114:6757
    0x1A, 0xBD, 0x54, 0x13,  // 115:6845
    0x1B, 0x11, 0x54, 0x13,  // 116:6929
    0x1B, 0x65, 0x54, 0x13,  // 117:7013
    0x1B, 0xB9, 0x57, 0x13,  // 118:7097
    0x1C, 0x10, 0x5C, 0x13,  // 119:7184
    0x1C, 0x6C, 0x5E, 0x13,  // 120:7276
    0x1C, 0xCA, 0x57, 0x13,  // 121:7370
    0x1D, 0x21, 0x54, 0x13,  // 122:7457
    0x1D, 0x75, 0x55, 0x13,  // 123:7541
    0x1D, 0xCA, 0x3C, 0x13,  // 124:7626
    0x1E, 0x06, 0x4E, 0x13,  // 125:7686
    0x1E, 0x54, 0x53, 0x13,  // 126:7764
    0x1E, 0xA7, 0x5A, 0x13,  // 127:7847
    0x1F, 0x01, 0x5A, 0x13,  // 128:7937
    0x1F, 0x5B, 0x5A, 0x13,  // 129:8027
    0x1F, 0xB5, 0x5A, 0x13,  // 130:8117
    0x20, 0x0F, 0x5A, 0x13,  // 131:8207
    0x20, 0x69, 0x5A, 0x13,  // 132:8297
    0x20, 0xC3, 0x5A, 0x13,  // 133:8387
    0x21, 0x1D, 0x5A, 0x13,  // 134:8477
    0x21, 0x77, 0x5A, 0x13,  // 135:8567
    0x21, 0xD1, 0x5A, 0x13,  // 136:8657
    0x22, 0x2B, 0x5A, 0x13,  // 137:8747
    0x22, 0x85, 0x5A, 0x13,  // 138:8837
    0x22, 0xDF, 0x5A, 0x13,  // 139:8927
    0x23, 0x39, 0x5A, 0x13,  // 140:9017
    0x23, 0x93, 0x5A, 0x13,  // 141:9107
    0x23, 0xED, 0x5A, 0x13,  // 142:9197
    0x24, 0x47, 0x5A, 0x13,  // 143:9287
    0x24, 0xA1, 0x5A, 0x13,  // 144:9377
    0x24, 0xFB, 0x5A, 0x13,  // 145:9467
    0x25, 0x55, 0x5A, 0x13,  // 146:9557
    0x25, 0xAF, 0x5A, 0x13,  // 147:9647
    0x26, 0x09, 0x5A, 0x13,  // 148:9737
    0x26, 0x63, 0x5A, 0x13,  // 149:9827
    0x26, 0xBD, 0x5A, 0x13,  // 150:9917
    0x27, 0x17, 0x5A, 0x13,  // 151:10007
    0x27, 0x71, 0x5A, 0x13,  // 152:10097
    0x27, 0xCB, 0x5A, 0x13,  // 153:10187
    0x28, 0x25, 0x5A, 0x13,  // 154:10277
    0x28, 0x7F, 0x5A, 0x13,  // 155:10367
    0x28, 0xD9, 0x5A, 0x13,  // 156:10457
    0x29, 0x33, 0x5A, 0x13,  // 157:10547
    0x29, 0x8D, 0x5A, 0x13,  // 158:10637
    0x29, 0xE7, 0x5A, 0x13,  // 159:10727
    0xFF, 0xFF, 0x00, 0x13,  // 160:65535
    0x2A, 0x41, 0x3C, 0x13,  // 161:10817
    0x2A, 0x7D, 0x4F, 0x13,  // 162:10877
    0x2A, 0xCC, 0x5E, 0x13,  // 163:10956
    0x2B, 0x2A, 0x59, 0x13,  // 164:11050
    0x2B, 0x83, 0x5B, 0x13,  // 165:11139
    0x2B, 0xDE, 0x3C, 0x13,  // 166:11230
    0x2C, 0x1A, 0x53, 0x13,  // 167:11290
    0x2C, 0x6D, 0x48, 0x13,  // 168:11373
    0x2C, 0xB5, 0x5D, 0x13,  // 169:11445
    0x2D, 0x12, 0x4A, 0x13,  // 170:11538
    0x2D, 0x5C, 0x4F, 0x13,  // 171:11612
    0x2D, 0xAB, 0x53, 0x13,  // 172:11691
    0x2D, 0xFE, 0x49, 0x13,  // 173:11774
    0x2E, 0x47, 0x5D, 0x13,  // 174:11847
    0x2E, 0xA4, 0x48, 0x13,  // 175:11940
    0x2E, 0xEC, 0x43, 0x13,  // 176:12012
    0x2F, 0x2F, 0x59, 0x13,  // 177:12079
    0x2F, 0x88, 0x44, 0x13,  // 178:12168
    0x2F, 0xCC, 0x49, 0x13,  // 179:12236
    0x30, 0x15, 0x4C, 0x13,  // 180:12309
    0x30, 0x61, 0x5E, 0x13,  // 181:12385
    0x30, 0xBF, 0x55, 0x13,  // 182:12479
    0x31, 0x14, 0x3A, 0x13,  // 183:12564
    0x31, 0x4E, 0x41, 0x13,  // 184:12622
    0x31, 0x8F, 0x49, 0x13,  // 185:12687
    0x31, 0xD8, 0x4A, 0x13,  // 186:12760
    0x32, 0x22, 0x53, 0x13,  // 187:12834
    0x32, 0x75, 0x59, 0x13,  // 188:12917
    0x32, 0xCE, 0x58, 0x13,  // 189:13006
    0x33, 0x26, 0x59, 0x13,  // 190:13094
    0x33, 0x7F, 0x4B, 0x13,  // 191:13183
    0x33, 0xCA, 0x5E, 0x13,  // 192:13258
    0x34, 0x28, 0x5E, 0x13,  // 193:13352
    0x34, 0x86, 0x5E, 0x13,  // 194:13446
    0x34, 0xE4, 0x5E, 0x13,  // 195:13540
    0x35, 0x42, 0x5E, 0x13,  // 196:13634
    0x35, 0xA0, 0x5E, 0x13,  // 197:13728
    0x35, 0xFE, 0x59, 0x13,  // 198:13822
    0x36, 0x57, 0x54, 0x13,  // 199:13911
    0x36, 0xAB, 0x59, 0x13,  // 200:13995
    0x37, 0x04, 0x59, 0x13,  // 201:14084
    0x37, 0x5D, 0x59, 0x13,  // 202:14173
    0x37, 0xB6, 0x59, 0x13,  // 203:14262
    0x38, 0x0F, 0x54, 0x13,  // 204:14351
    0x38, 0x63, 0x54, 0x13,  // 205:14435
    0x38, 0xB7, 0x54, 0x13,  // 206:14519
    0x39, 0x0B, 0x54, 0x13,  // 207:14603
    0x39, 0x5F, 0x58, 0x13,  // 208:14687
    0x39, 0xB7, 0x59, 0x13,  // 209:14775
    0x3A, 0x10, 0x53, 0x13,  // 210:14864
    0x3A, 0x63, 0x53, 0x13,  // 211:14947
    0x3A, 0xB6, 0x53, 0x13,  // 212:15030
    0x3B, 0x09, 0x53, 0x13,  // 213:15113
    0x3B, 0x5C, 0x53, 0x13,  // 214:15196
    0x3B, 0xAF, 0x54, 0x13,  // 215:15279
    0x3C, 0x03, 0x57, 0x13,  // 216:15363
    0x3C, 0x5A, 0x59, 0x13,  // 217:15450
    0x3C, 0xB3, 0x59, 0x13,  // 218:15539
    0x3D, 0x0C, 0x59, 0x13,  // 219:15628
    0x3D, 0x65, 0x59, 0x13,  // 220:15717
    0x3D, 0xBE, 0x5B, 0x13,  // 221:15806
    0x3E, 0x19, 0x58, 0x13,  // 222:15897
    0x3E, 0x71, 0x59, 0x13,  // 223:15985
    0x3E, 0xCA, 0x59, 0x13,  // 224:16074
    0x3F, 0x23, 0x59, 0x13,  // 225:16163
    0x3F, 0x7C, 0x59, 0x13,  // 226:16252
    0x3F, 0xD5, 0x59, 0x13,  // 227:16341
    0x40, 0x2E, 0x59, 0x13,  // 228:16430
    0x40, 0x87, 0x59, 0x13,  // 229:16519
    0x40, 0xE0, 0x5E, 0x13,  // 230:16608
    0x41, 0x3E, 0x54, 0x13,  // 231:16702
    0x41, 0x92, 0x5D, 0x13,  // 232:16786
    0x41, 0xEF, 0x5D, 0x13,  // 233:16879
    0x42, 0x4C, 0x5D, 0x13,  // 234:16972
    0x42, 0xA9, 0x5D, 0x13,  // 235:17065
    0x43, 0x06, 0x5E, 0x13,  // 236:17158
    0x43, 0x64, 0x5E, 0x13,  // 237:17252
    0x43, 0xC2, 0x5E, 0x13,  // 238:17346
    0x44, 0x20, 0x5E, 0x13,  // 239:17440
    0x44, 0x7E, 0x59, 0x13,  // 240:17534
    0x44, 0xD7, 0x54, 0x13,  // 241:17623
    0x45, 0x2B, 0x59, 0x13,  // 242:17707
    0x45, 0x84, 0x59, 0x13,  // 243:17796
    0x45, 0xDD, 0x59, 0x13,  // 244:17885
    0x46, 0x36, 0x59, 0x13,  // 245:17974
    0x46, 0x8F, 0x59, 0x13,  // 246:18063
    0x46, 0xE8, 0x58, 0x13,  // 247:18152
    0x47, 0x40, 0x5C, 0x13,  // 248:18240
    0x47, 0x9C, 0x54, 0x13,  // 249:18332
    0x47, 0xF0, 0x54, 0x13,  // 250:18416
    0x48, 0x44, 0x54, 0x13,  // 251:18500
    0x48, 0x98, 0x54, 0x13,  // 252:18584
    0x48, 0xEC, 0x57, 0x13,  // 253:18668
    0x49, 0x43, 0x59, 0x13,  // 254:18755
    0x49, 0x9C, 0x57, 0x13,  // 255:18844

    // Font Data:
    0x00,0x00,0x00,0x00,0x00,0x00,0x00,0x00,0x00,0x00,0x00,0x00,0x00,0x00,0x00,0x00,0x00,0x00,0x00,0x00,0x00,0x00,0x00,0x00,0x00,0x00,0x00,0x00,0x00,0x00,0x00,0x00,0x00,0x00,0x00,0x00,0x00,0x00,0x00,0x00,0x80,0xFF,0x7F,0x3C,0x00,0x80,0xFF,0x7F,0x3C,0x00,0x80,0xFF,0x7F,0x3C,0x00,0x80,0xFF,0x7F,0x3C,    // 33
    0x00,0x00,0x00,0x00,0x00,0x00,0x00,0x00,0x00,0x00,0x00,0x00,0x00,0x00,0x00,0x00,0x00,0x00,0x00,0x00,0x80,0xFF,0x00,0x00,0x00,0x80,0xFF,0x00,0x00,0x00,0x80,0xFF,0x00,0x00,0x00,0x80,0xFF,0x00,0x00,0x00,0x00,0x00,0x00,0x00,0x00,0x00,0x00,0x00,0x00,0x00,0x00,0x00,0x00,0x00,0x00,0x00,0x00,0x00,0x00,0x00,0x80,0xFF,0x00,0x00,0x00,0x80,0xFF,0x00,0x00,0x00,0x80,0xFF,0x00,0x00,0x00,0x80,0xFF,    // 34
    0x00,0x00,0xE0,0x00,0x00,0x00,0x00,0xE0,0x00,0x00,0x00,0xE0,0xE0,0x38,0x00,0x00,0xE0,0xE0,0x3F,0x00,0x00,0xE0,0xF8,0x3F,0x00,0x00,0xE0,0xFF,0x1F,0x00,0x00,0xF8,0xFF,0x01,0x00,0x80,0xFF,0xFF,0x00,0x00,0x80,0xFF,0xE0,0x20,0x00,0x80,0xFF,0xE0,0x3E,0x00,0x80,0xE1,0xE0,0x3F,0x00,0x00,0xE0,0xFE,0x3F,0x00,0x00,0xE0,0xFF,0x07,0x00,0x00,0xFE,0xFF,0x00,0x00,0x80,0xFF,0xE7,0x00,0x00,0x80,0xFF,0xE0,0x00,0x00,0x80,0xE7,0xE0,0x00,0x00,0x00,0xE0,0x00,0x00,0x00,0x00,0xE0,    // 35
    0x00,0x00,0x00,0x00,0x00,0x00,0x00,0x00,0x00,0x00,0x00,0x00,0x00,0x00,0x00,0x00,0xF0,0x03,0x1E,0x00,0x00,0xF8,0x07,0x1E,0x00,0x00,0xFC,0x0F,0x3C,0x00,0x00,0xFC,0x1F,0x3C,0x00,0x00,0x3E,0x1F,0x3C,0x00,0x00,0x1E,0x3E,0x3C,0x00,0xE0,0xFF,0xFF,0xFF,0x07,0xE0,0xFF,0xFF,0xFF,0x07,0x00,0x1E,0x3C,0x3C,0x00,0x00,0x1E,0x7C,0x3E,0x00,0x00,0x1E,0xFC,0x1F,0x00,0x00,0x3C,0xF8,0x1F,0x00,0x00,0x3C,0xF0,0x0F,0x00,0x00,0x00,0xE0,0x07,    // 36
    0x00,0x00,0x00,0x00,0x00,0x00,0x3C,0x00,0x00,0x00,0x00,0xFF,0x60,0x00,0x00,0x00,0xFF,0x20,0x00,0x00,0x80,0xE7,0x31,0x00,0x00,0x80,0xC3,0x31,0x00,0x00,0x80,0xC3,0x19,0x00,0x00,0x80,0xE7,0x19,0x00,0x00,0x00,0xFF,0x0C,0x00,0x00,0x00,0xFF,0x0C,0x00,0x00,0x00,0x3C,0x86,0x07,0x00,0x00,0x00,0xE6,0x1F,0x00,0x00,0x00,0xE2,0x1F,0x00,0x00,0x00,0xF3,0x3C,0x00,0x00,0x00,0x73,0x38,0x00,0x00,0x80,0x71,0x38,0x00,0x00,0x80,0xF1,0x3C,0x00,0x00,0xC0,0xE0,0x1F,0x00,0x00,0xC0,0xE0,0x1F,    // 37
    0x00,0x00,0x00,0x00,0x00,0x00,0x00,0xF0,0x03,0x00,0x00,0x00,0xFC,0x07,0x00,0x00,0x00,0xFE,0x0F,0x00,0x00,0x3C,0xFF,0x1F,0x00,0x00,0xFF,0x0F,0x3F,0x00,0x00,0xFF,0x07,0x3E,0x00,0x80,0xFF,0x0F,0x3C,0x00,0x80,0xC7,0x1F,0x3C,0x00,0x80,0x87,0x7F,0x3C,0x00,0x80,0x07,0xFE,0x3C,0x00,0x80,0x07,0xFC,0x1F,0x00,0x80,0x07,0xF0,0x1F,0x00,0x00,0x0F,0xE0,0x0F,0x00,0x00,0x00,0xC0,0x3F,0x00,0x00,0x00,0xFC,0x3F,0x00,0x00,0x00,0xFC,0x3F,0x00,0x00,0x00,0xFC,0x38,0x00,0x00,0x00,0x3C,0x20,    // 38
    0x00,0x00,0x00,0x00,0x00,0x00,0x00,0x00,0x00,0x00,0x00,0x00,0x00,0x00,0x00,0x00,0x00,0x00,0x00,0x00,0x00,0x00,0x00,0x00,0x00,0x00,0x00,0x00,0x00,0x00,0x00,0x00,0x00,0x00,0x00,0x00,0x00,0x00,0x00,0x00,0x80,0xFF,0x00,0x00,0x00,0x80,0xFF,0x00,0x00,0x00,0x80,0xFF,0x00,0x00,0x00,0x80,0xFF,    // 39
    0x00,0x00,0x00,0x00,0x00,0x00,0x00,0x00,0x00,0x00,0x00,0x00,0x00,0x00,0x00,0x00,0x00,0x00,0x00,0x00,0x00,0x00,0x00,0x00,0x00,0x00,0x00,0x00,0x00,0x00,0x00,0x80,0xFF,0x03,0x00,0x00,0xF0,0xFF,0x1F,0x00,0x00,0xFC,0xFF,0x7F,0x00,0x00,0xFF,0xFF,0xFF,0x01,0xC0,0x7F,0x00,0xFC,0x07,0xC0,0x0F,0x00,0xE0,0x07,0xC0,0x01,0x00,0x00,0x07,0x40,0x00,0x00,0x00,0x04,    // 40
    0x00,0x00,0x00,0x00,0x00,0x00,0x00,0x00,0x00,0x00,0x00,0x00,0x00,0x00,0x00,0x00,0x00,0x00,0x00,0x00,0x00,0x00,0x00,0x00,0x00,0x40,0x00,0x00,0x00,0x04,0xC0,0x01,0x00,0x00,0x07,0xC0,0x0F,0x00,0xE0,0x07,0xC0,0xFF,0x00,0xFE,0x07,0x00,0xFF,0xFF,0xFF,0x01,0x00,0xFC,0xFF,0x7F,0x00,0x00,0xF0,0xFF,0x1F,0x00,0x00,0x00,0xFF,0x01,    // 41
    0x00,0x00,0x00,0x00,0x00,0x00,0x00,0x00,0x00,0x00,0x00,0x0C,0x03,0x00,0x00,0x00,0x0E,0x07,0x00,0x00,0x00,0x9C,0x03,0x00,0x00,0x00,0x9C,0x03,0x00,0x00,0x00,0xF8,0x01,0x00,0x00,0x00,0xF0,0x00,0x00,0x00,0x80,0xFF,0x1F,0x00,0x00,0x80,0xFF,0x1F,0x00,0x00,0x80,0xFF,0x1F,0x00,0x00,0x00,0xF0,0x00,0x00,0x00,0x00,0xF8,0x01,0x00,0x00,0x00,0x9C,0x03,0x00,0x00,0x00,0x9C,0x03,0x00,0x00,0x00,0x0E,0x07,0x00,0x00,0x00,0x0C,0x03,    // 42
    0x00,0x00,0x00,0x00,0x00,0x00,0x00,0x3C,0x00,0x00,0x00,0x00,0x3C,0x00,0x00,0x00,0x00,0x3C,0x00,0x00,0x00,0x00,0x3C,0x00,0x00,0x00,0x00,0x3C,0x00,0x00,0x00,0x00,0x3C,0x00,0x00,0x00,0x00,0x3C,0x00,0x00,0x00,0xF8,0xFF,0x1F,0x00,0x00,0xF8,0xFF,0x1F,0x00,0x00,0xF8,0xFF,0x1F,0x00,0x00,0xF8,0xFF,0x1F,0x00,0x00,0x00,0x3C,0x00,0x00,0x00,0x00,0x3C,0x00,0x00,0x00,0x00,0x3C,0x00,0x00,0x00,0x00,0x3C,0x00,0x00,0x00,0x00,0x3C,0x00,0x00,0x00,0x00,0x3C,0x00,0x00,0x00,0x00,0x3C,    // 43
    0x00,0x00,0x00,0x00,0x00,0x00,0x00,0x00,0x00,0x00,0x00,0x00,0x00,0x00,0x00,0x00,0x00,0x00,0x00,0x00,0x00,0x00,0x00,0x00,0x00,0x00,0x00,0x00,0x00,0x03,0x00,0x00,0x00,0xC0,0x03,0x00,0x00,0x00,0xFF,0x03,0x00,0x00,0x00,0xFF,0x01,0x00,0x00,0x00,0xFF,0x00,0x00,0x00,0x00,0x3F,0x00,0x00,0x00,0x00,0x1F,    // 44
    0x00,0x00,0x00,0x00,0x00,0x00,0x00,0x00,0x00,0x00,0x00,0x00,0x00,0x00,0x00,0x00,0x00,0x00,0x00,0x00,0x00,0x00,0x00,0x00,0x00,0x00,0x00,0x7C,0x00,0x00,0x00,0x00,0x7C,0x00,0x00,0x00,0x00,0x7C,0x00,0x00,0x00,0x00,0x7C,0x00,0x00,0x00,0x00,0x7C,0x00,0x00,0x00,0x00,0x7C,0x00,0x00,0x00,0x00,0x7C,0x00,0x00,0x00,0x00,0x7C,0x00,0x00,0x00,0x00,0x7C,0x00,0x00,0x00,0x00,0x7C,    // 45
    0x00,0x00,0x00,0x00,0x00,0x00,0x00,0x00,0x00,0x00,0x00,0x00,0x00,0x00,0x00,0x00,0x00,0x00,0x00,0x00,0x00,0x00,0x00,0x00,0x00,0x00,0x00,0x00,0x00,0x00,0x00,0x00,0x00,0x00,0x00,0x00,0x00,0x00,0x3F,0x00,0x00,0x00,0x00,0x3F,0x00,0x00,0x00,0x00,0x3F,0x00,0x00,0x00,0x00,0x3F,0x00,0x00,0x00,0x00,0x3F,    // 46
    0x00,0x00,0x00,0x00,0x00,0x00,0x00,0x00,0x00,0x00,0x00,0x00,0x00,0x00,0x01,0x00,0x00,0x00,0xC0,0x01,0x00,0x00,0x00,0xF0,0x01,0x00,0x00,0x00,0xFE,0x00,0x00,0x00,0x80,0x3F,0x00,0x00,0x00,0xE0,0x0F,0x00,0x00,0x00,0xF8,0x01,0x00,0x00,0x00,0x7E,0x00,0x00,0x00,0x80,0x1F,0x00,0x00,0x00,0xF0,0x07,0x00,0x00,0x00,0xFC,0x01,0x00,0x00,0x00,0x7F,0x00,0x00,0x00,0x80,0x0F,0x00,0x00,0x00,0x80,0x03,0x00,0x00,0x00,0x80,    // 47
    0x00,0x00,0x00,0x00,0x00,0x00,0x00,0x00,0x00,0x00,0x00,0xE0,0xFF,0x00,0x00,0x00,0xFC,0xFF,0x07,0x00,0x00,0xFE,0xFF,0x0F,0x00,0x00,0xFF,0xFF,0x1F,0x00,0x00,0xFF,0xFF,0x1F,0x00,0x80,0x1F,0x00,0x3F,0x00,0x80,0x07,0x06,0x3C,0x00,0x80,0x07,0x0F,0x3C,0x00,0x80,0x07,0x0F,0x3C,0x00,0x80,0x1F,0x06,0x3F,0x00,0x00,0xFF,0xFF,0x1F,0x00,0x00,0xFF,0xFF,0x1F,0x00,0x00,0xFE,0xFF,0x0F,0x00,0x00,0xF8,0xFF,0x07,0x00,0x00,0xE0,0xFF,    // 48
    0x00,0x00,0x00,0x00,0x00,0x00,0x00,0x00,0x00,0x00,0x00,0x00,0x00,0x00,0x00,0x00,0x0F,0x00,0x3C,0x00,0x00,0x0F,0x00,0x3C,0x00,0x00,0x0F,0x00,0x3C,0x00,0x80,0x07,0x00,0x3C,0x00,0x80,0x07,0x00,0x3C,0x00,0x80,0xFF,0xFF,0x3F,0x00,0x80,0xFF,0xFF,0x3F,0x00,0x80,0xFF,0xFF,0x3F,0x00,0x80,0xFF,0xFF,0x3F,0x00,0x80,0xFF,0xFF,0x3F,0x00,0x00,0x00,0x00,0x3C,0x00,0x00,0x00,0x00,0x3C,0x00,0x00,0x00,0x00,0x3C,0x00,0x00,0x00,0x00,0x3C,0x00,0x00,0x00,0x00,0x3C,    // 49
    0x00,0x00,0x00,0x00,0x00,0x00,0x00,0x00,0x00,0x00,0x00,0x00,0x00,0x3C,0x00,0x00,0x0F,0x00,0x3E,0x00,0x00,0x0F,0x00,0x3F,0x00,0x80,0x07,0x80,0x3F,0x00,0x80,0x07,0xC0,0x3F,0x00,0x80,0x07,0xE0,0x3F,0x00,0x80,0x07,0xF0,0x3D,0x00,0x80,0x07,0xF8,0x3C,0x00,0x80,0x07,0x7E,0x3C,0x00,0x80,0x0F,0x3F,0x3C,0x00,0x80,0xFF,0x1F,0x3C,0x00,0x00,0xFF,0x0F,0x3C,0x00,0x00,0xFF,0x03,0x3C,0x00,0x00,0xFE,0x01,0x3C,0x00,0x00,0x78,0x00,0x3C,    // 50
    0x00,0x00,0x00,0x00,0x00,0x00,0x00,0x00,0x00,0x00,0x00,0x00,0x00,0x1E,0x00,0x00,0x0F,0x00,0x1E,0x00,0x00,0x0F,0x00,0x3C,0x00,0x80,0x07,0x00,0x3C,0x00,0x80,0x87,0x07,0x3C,0x00,0x80,0x87,0x07,0x3C,0x00,0x80,0x87,0x07,0x3C,0x00,0x80,0x87,0x07,0x3C,0x00,0x80,0xCF,0x0F,0x3E,0x00,0x80,0xFF,0x1F,0x3E,0x00,0x00,0xFF,0xFF,0x1F,0x00,0x00,0xFF,0xFC,0x1F,0x00,0x00,0xFE,0xFC,0x1F,0x00,0x00,0x3C,0xF8,0x0F,0x00,0x00,0x00,0xF0,0x03,    // 51
    0x00,0x00,0x00,0x00,0x00,0x00,0x00,0x00,0x00,0x00,0x00,0x00,0xF0,0x01,0x00,0x00,0x00,0xFC,0x01,0x00,0x00,0x00,0xFE,0x01,0x00,0x00,0x80,0xFF,0x01,0x00,0x00,0xE0,0xE7,0x01,0x00,0x00,0xF0,0xE3,0x01,0x00,0x00,0xFC,0xE0,0x01,0x00,0x00,0x3F,0xE0,0x01,0x00,0x80,0xFF,0xFF,0x3F,0x00,0x80,0xFF,0xFF,0x3F,0x00,0x80,0xFF,0xFF,0x3F,0x00,0x80,0xFF,0xFF,0x3F,0x00,0x80,0xFF,0xFF,0x3F,0x00,0x00,0x00,0xE0,0x01,0x00,0x00,0x00,0xE0,0x01,0x00,0x00,0x00,0xE0,0x01,    // 52
    0x00,0x00,0x00,0x00,0x00,0x00,0x00,0x00,0x00,0x00,0x00,0x00,0x00,0x1E,0x00,0x80,0xFF,0x0F,0x1E,0x00,0x80,0xFF,0x07,0x3C,0x00,0x80,0xFF,0x07,0x3C,0x00,0x80,0xFF,0x07,0x3C,0x00,0x80,0x87,0x07,0x3C,0x00,0x80,0x87,0x07,0x3C,0x00,0x80,0x87,0x07,0x3C,0x00,0x80,0x87,0x0F,0x3E,0x00,0x80,0x87,0x1F,0x3F,0x00,0x80,0x07,0xFF,0x1F,0x00,0x80,0x07,0xFF,0x1F,0x00,0x80,0x07,0xFE,0x0F,0x00,0x80,0x07,0xFC,0x07,0x00,0x00,0x00,0xF0,0x01,    // 53
    0x00,0x00,0x00,0x00,0x00,0x00,0x00,0x00,0x00,0x00,0x00,0xC0,0xFF,0x00,0x00,0x00,0xF8,0xFF,0x07,0x00,0x00,0xFC,0xFF,0x0F,0x00,0x00,0xFE,0xFF,0x1F,0x00,0x00,0xFF,0xFF,0x1F,0x00,0x00,0xBF,0x07,0x3E,0x00,0x80,0x8F,0x03,0x3C,0x00,0x80,0xC7,0x03,0x3C,0x00,0x80,0xC7,0x03,0x3C,0x00,0x80,0xC7,0x07,0x3E,0x00,0x80,0xC7,0xFF,0x3F,0x00,0x80,0xC7,0xFF,0x1F,0x00,0x80,0x87,0xFF,0x0F,0x00,0x00,0x0F,0xFF,0x07,0x00,0x00,0x00,0xFC,0x01,    // 54
    0x00,0x00,0x00,0x00,0x00,0x00,0x00,0x00,0x00,0x00,0x80,0x07,0x00,0x00,0x00,0x80,0x07,0x00,0x00,0x00,0x80,0x07,0x00,0x20,0x00,0x80,0x07,0x00,0x3C,0x00,0x80,0x07,0x80,0x3F,0x00,0x80,0x07,0xE0,0x3F,0x00,0x80,0x07,0xFC,0x3F,0x00,0x80,0x07,0xFF,0x3F,0x00,0x80,0xE7,0xFF,0x07,0x00,0x80,0xFF,0xFF,0x01,0x00,0x80,0xFF,0x3F,0x00,0x00,0x80,0xFF,0x07,0x00,0x00,0x80,0xFF,0x01,0x00,0x00,0x80,0x3F,0x00,0x00,0x00,0x80,0x0F,    // 55
    0x00,0x00,0x00,0x00,0x00,0x00,0x00,0x00,0x00,0x00,0x00,0x00,0xE0,0x03,0x00,0x00,0xFC,0xF8,0x0F,0x00,0x00,0xFE,0xF9,0x1F,0x00,0x00,0xFF,0xFF,0x1F,0x00,0x00,0xFF,0x1F,0x3E,0x00,0x80,0x8F,0x0F,0x3C,0x00,0x80,0x07,0x0F,0x3C,0x00,0x80,0x07,0x0F,0x3C,0x00,0x80,0x07,0x0F,0x3C,0x00,0x80,0x8F,0x0F,0x3C,0x00,0x00,0xFF,0x1F,0x3E,0x00,0x00,0xFF,0xFF,0x1F,0x00,0x00,0xFE,0xF9,0x1F,0x00,0x00,0xFC,0xF8,0x0F,0x00,0x00,0x00,0xE0,0x03,    // 56
    0x00,0x00,0x00,0x00,0x00,0x00,0x00,0x00,0x00,0x00,0x00,0xF0,0x07,0x00,0x00,0x00,0xFC,0x1F,0x1E,0x00,0x00,0xFE,0x3F,0x3C,0x00,0x00,0xFF,0x7F,0x3C,0x00,0x80,0xFF,0x7F,0x3C,0x00,0x80,0x0F,0x7C,0x3C,0x00,0x80,0x07,0x78,0x3C,0x00,0x80,0x07,0x78,0x3C,0x00,0x80,0x07,0x38,0x3E,0x00,0x80,0x0F,0xBC,0x1F,0x00,0x00,0xFF,0xFF,0x1F,0x00,0x00,0xFF,0xFF,0x0F,0x00,0x00,0xFE,0xFF,0x07,0x00,0x00,0xFC,0xFF,0x03,0x00,0x00,0xE0,0x7F,    // 57
    0x00,0x00,0x00,0x00,0x00,0x00,0x00,0x00,0x00,0x00,0x00,0x00,0x00,0x00,0x00,0x00,0x00,0x00,0x00,0x00,0x00,0x00,0x00,0x00,0x00,0x00,0x00,0x00,0x00,0x00,0x00,0x00,0x00,0x00,0x00,0x00,0xE0,0x07,0x3F,0x00,0x00,0xE0,0x07,0x3F,0x00,0x00,0xE0,0x07,0x3F,0x00,0x00,0xE0,0x07,0x3F,0x00,0x00,0xE0,0x07,0x3F,    // 58
    0x00,0x00,0x00,0x00,0x00,0x00,0x00,0x00,0x00,0x00,0x00,0x00,0x00,0x00,0x00,0x00,0x00,0x00,0x00,0x00,0x00,0x00,0x00,0x00,0x00,0x00,0x00,0x00,0x00,0x00,0x00,0x00,0x00,0x80,0x03,0x00,0xE0,0x07,0xFF,0x03,0x00,0xE0,0x07,0xFF,0x03,0x00,0xE0,0x07,0xFF,0x01,0x00,0xE0,0x07,0x7F,0x00,0x00,0xE0,0x07,0x1F,    // 59
    0x00,0x00,0x00,0x00,0x00,0x00,0x00,0x7C,0x00,0x00,0x00,0x00,0x7C,0x00,0x00,0x00,0x00,0x7C,0x00,0x00,0x00,0x00,0xFE,0x00,0x00,0x00,0x00,0xEE,0x00,0x00,0x00,0x00,0xEF,0x01,0x00,0x00,0x00,0xEF,0x01,0x00,0x00,0x00,0xC7,0x03,0x00,0x00,0x80,0xC7,0x03,0x00,0x00,0x80,0x83,0x03,0x00,0x00,0xC0,0x83,0x07,0x00,0x00,0xC0,0x83,0x07,0x00,0x00,0xE0,0x01,0x0F,0x00,0x00,0xE0,0x01,0x0F,0x00,0x00,0xE0,0x01,0x0F,0x00,0x00,0xF0,0x00,0x1E,    // 60
    0x00,0x00,0x00,0x00,0x00,0x00,0x80,0xC7,0x03,0x00,0x00,0x80,0xC7,0x03,0x00,0x00,0x80,0xC7,0x03,0x00,0x00,0x80,0xC7,0x03,0x00,0x00,0x80,0xC7,0x03,0x00,0x00,0x80,0xC7,0x03,0x00,0x00,0x80,0xC7,0x03,0x00,0x00,0x80,0xC7,0x03,0x00,0x00,0x80,0xC7,0x03,0x00,0x00,0x80,0xC7,0x03,0x00,0x00,0x80,0xC7,0x03,0x00,0x00,0x80,0xC7,0x03,0x00,0x00,0x80,0xC7,0x03,0x00,0x00,0x80,0xC7,0x03,0x00,0x00,0x80,0xC7,0x03,0x00,0x00,0x80,0xC7,0x03,    // 61
    0x00,0x00,0x00,0x00,0x00,0x00,0xF0,0x00,0x1E,0x00,0x00,0xE0,0x01,0x0F,0x00,0x00,0xE0,0x01,0x0F,0x00,0x00,0xE0,0x01,0x0F,0x00,0x00,0xC0,0x83,0x07,0x00,0x00,0xC0,0x83,0x07,0x00,0x00,0x80,0x83,0x03,0x00,0x00,0x80,0xC7,0x03,0x00,0x00,0x00,0xC7,0x01,0x00,0x00,0x00,0xEF,0x01,0x00,0x00,0x00,0xEF,0x01,0x00,0x00,0x00,0xEE,0x00,0x00,0x00,0x00,0xFE,0x00,0x00,0x00,0x00,0x7C,0x00,0x00,0x00,0x00,0x7C,0x00,0x00,0x00,0x00,0x7C,    // 62
    0x00,0x00,0x00,0x00,0x00,0x00,0x00,0x00,0x00,0x00,0x00,0x00,0x00,0x00,0x00,0x00,0x00,0x00,0x00,0x00,0x00,0x1E,0x00,0x00,0x00,0x00,0x0F,0x00,0x00,0x00,0x00,0x0F,0x00,0x00,0x00,0x80,0x07,0xF8,0x3C,0x00,0x80,0x07,0xFE,0x3C,0x00,0x80,0x07,0xFF,0x3C,0x00,0x80,0x87,0xFF,0x3C,0x00,0x80,0xCF,0x0F,0x00,0x00,0x80,0xFF,0x03,0x00,0x00,0x00,0xFF,0x03,0x00,0x00,0x00,0xFF,0x01,0x00,0x00,0x00,0xFE,0x00,0x00,0x00,0x00,0x3C,    // 63
    0x00,0x00,0xFE,0x03,0x00,0x00,0xC0,0xFF,0x1F,0x00,0x00,0xF0,0xFF,0x3F,0x00,0x00,0xF8,0x01,0xFE,0x00,0x00,0x7C,0x00,0xF0,0x01,0x00,0x1E,0x00,0xE0,0x01,0x00,0x0E,0xFC,0xC0,0x03,0x00,0x0F,0xFE,0x83,0x03,0x00,0x07,0xFF,0x87,0x07,0x00,0x87,0x07,0x0F,0x07,0x00,0x87,0x03,0x0E,0x07,0x00,0x87,0x03,0x0E,0x07,0x00,0x87,0x03,0x0E,0x07,0x00,0x8F,0x03,0x0E,0x07,0x00,0x1E,0x07,0x07,0x07,0x00,0xFC,0xFF,0x8F,0x03,0x00,0xF8,0xFF,0x8F,0x03,0x00,0xE0,0xFF,0x0F,0x02,    // 64
    0x00,0x00,0x00,0x00,0x00,0x00,0x00,0x00,0x30,0x00,0x00,0x00,0x00,0x3F,0x00,0x00,0x00,0xE0,0x3F,0x00,0x00,0x00,0xFE,0x3F,0x00,0x00,0xE0,0xFF,0x3F,0x00,0x00,0xFC,0xFF,0x03,0x00,0x80,0xFF,0xFF,0x00,0x00,0x80,0xFF,0xF3,0x00,0x00,0x80,0x3F,0xF0,0x00,0x00,0x80,0x3F,0xF0,0x00,0x00,0x80,0xFF,0xF3,0x00,0x00,0x80,0xFF,0xFF,0x00,0x00,0x00,0xFC,0xFF,0x03,0x00,0x00,0xE0,0xFF,0x3F,0x00,0x00,0x00,0xFE,0x3F,0x00,0x00,0x00,0xE0,0x3F,0x00,0x00,0x00,0x00,0x3F,0x00,0x00,0x00,0x00,0x30,    // 65
    0x00,0x00,0x00,0x00,0x00,0x00,0x00,0x00,0x00,0x00,0x80,0xFF,0xFF,0x3F,0x00,0x80,0xFF,0xFF,0x3F,0x00,0x80,0xFF,0xFF,0x3F,0x00,0x80,0xFF,0xFF,0x3F,0x00,0x80,0xFF,0xFF,0x3F,0x00,0x80,0x07,0x0F,0x3C,0x00,0x80,0x07,0x0F,0x3C,0x00,0x80,0x07,0x0F,0x3C,0x00,0x80,0x07,0x0F,0x3C,0x00,0x80,0x8F,0x0F,0x3C,0x00,0x80,0xFF,0x1F,0x3E,0x00,0x00,0xFF,0xFF,0x3F,0x00,0x00,0xFF,0xFD,0x1F,0x00,0x00,0xFE,0xF9,0x1F,0x00,0x00,0x7C,0xF0,0x0F,0x00,0x00,0x00,0xE0,0x07,    // 66
    0x00,0x00,0x00,0x00,0x00,0x00,0x00,0x00,0x00,0x00,0x00,0xC0,0x7F,0x00,0x00,0x00,0xF8,0xFF,0x03,0x00,0x00,0xFC,0xFF,0x07,0x00,0x00,0xFE,0xFF,0x0F,0x00,0x00,0xFF,0xFF,0x1F,0x00,0x00,0x7F,0xC0,0x1F,0x00,0x80,0x1F,0x00,0x3F,0x00,0x80,0x0F,0x00,0x3E,0x00,0x80,0x07,0x00,0x3C,0x00,0x80,0x07,0x00,0x3C,0x00,0x80,0x07,0x00,0x3C,0x00,0x80,0x07,0x00,0x3C,0x00,0x80,0x07,0x00,0x3C,0x00,0x80,0x0F,0x00,0x3E,0x00,0x00,0x1F,0x00,0x1F,    // 67
    0x00,0x00,0x00,0x00,0x00,0x00,0x00,0x00,0x00,0x00,0x80,0xFF,0xFF,0x3F,0x00,0x80,0xFF,0xFF,0x3F,0x00,0x80,0xFF,0xFF,0x3F,0x00,0x80,0xFF,0xFF,0x3F,0x00,0x80,0xFF,0xFF,0x3F,0x00,0x80,0x07,0x00,0x3C,0x00,0x80,0x07,0x00,0x3C,0x00,0x80,0x07,0x00,0x3C,0x00,0x80,0x07,0x00,0x3C,0x00,0x80,0x0F,0x00,0x3E,0x00,0x00,0x3F,0x80,0x1F,0x00,0x00,0xFF,0xFF,0x1F,0x00,0x00,0xFE,0xFF,0x0F,0x00,0x00,0xFC,0xFF,0x07,0x00,0x00,0xF8,0xFF,0x03,0x00,0x00,0xC0,0x7F,    // 68
    0x00,0x00,0x00,0x00,0x00,0x00,0x00,0x00,0x00,0x00,0x00,0x00,0x00,0x00,0x00,0x80,0xFF,0xFF,0x3F,0x00,0x80,0xFF,0xFF,0x3F,0x00,0x80,0xFF,0xFF,0x3F,0x00,0x80,0xFF,0xFF,0x3F,0x00,0x80,0xFF,0xFF,0x3F,0x00,0x80,0x07,0x0F,0x3C,0x00,0x80,0x07,0x0F,0x3C,0x00,0x80,0x07,0x0F,0x3C,0x00,0x80,0x07,0x0F,0x3C,0x00,0x80,0x07,0x0F,0x3C,0x00,0x80,0x07,0x0F,0x3C,0x00,0x80,0x07,0x0F,0x3C,0x00,0x80,0x07,0x0F,0x3C,0x00,0x80,0x07,0x0F,0x3C,0x00,0x80,0x07,0x00,0x3C,    // 69
    0x00,0x00,0x00,0x00,0x00,0x00,0x00,0x00,0x00,0x00,0x00,0x00,0x00,0x00,0x00,0x80,0xFF,0xFF,0x3F,0x00,0x80,0xFF,0xFF,0x3F,0x00,0x80,0xFF,0xFF,0x3F,0x00,0x80,0xFF,0xFF,0x3F,0x00,0x80,0xFF,0xFF,0x3F,0x00,0x80,0x07,0x0F,0x00,0x00,0x80,0x07,0x0F,0x00,0x00,0x80,0x07,0x0F,0x00,0x00,0x80,0x07,0x0F,0x00,0x00,0x80,0x07,0x0F,0x00,0x00,0x80,0x07,0x0F,0x00,0x00,0x80,0x07,0x0F,0x00,0x00,0x80,0x07,0x0F,0x00,0x00,0x80,0x07,0x0F,0x00,0x00,0x80,0x07,    // 70
    0x00,0x00,0x00,0x00,0x00,0x00,0x00,0x00,0x00,0x00,0x00,0xC0,0x7F,0x00,0x00,0x00,0xF8,0xFF,0x03,0x00,0x00,0xFC,0xFF,0x07,0x00,0x00,0xFE,0xFF,0x0F,0x00,0x00,0xFF,0xFF,0x1F,0x00,0x00,0x3F,0xC0,0x1F,0x00,0x80,0x1F,0x00,0x3F,0x00,0x80,0x0F,0x00,0x3E,0x00,0x80,0x07,0x00,0x3C,0x00,0x80,0x07,0x1E,0x3C,0x00,0x80,0x07,0x1E,0x3C,0x00,0x80,0x07,0x1E,0x3C,0x00,0x00,0x0F,0xFE,0x3F,0x00,0x00,0x0F,0xFE,0x1F,0x00,0x00,0x1E,0xFE,0x1F,0x00,0x00,0x00,0xFE,0x0F,    // 71
    0x00,0x00,0x00,0x00,0x00,0x00,0x00,0x00,0x00,0x00,0x80,0xFF,0xFF,0x3F,0x00,0x80,0xFF,0xFF,0x3F,0x00,0x80,0xFF,0xFF,0x3F,0x00,0x80,0xFF,0xFF,0x3F,0x00,0x80,0xFF,0xFF,0x3F,0x00,0x00,0x00,0x0F,0x00,0x00,0x00,0x00,0x0F,0x00,0x00,0x00,0x00,0x0F,0x00,0x00,0x00,0x00,0x0F,0x00,0x00,0x00,0x00,0x0F,0x00,0x00,0x80,0xFF,0xFF,0x3F,0x00,0x80,0xFF,0xFF,0x3F,0x00,0x80,0xFF,0xFF,0x3F,0x00,0x80,0xFF,0xFF,0x3F,0x00,0x80,0xFF,0xFF,0x3F,    // 72
    0x00,0x00,0x00,0x00,0x00,0x00,0x00,0x00,0x00,0x00,0x80,0x07,0x00,0x3C,0x00,0x80,0x07,0x00,0x3C,0x00,0x80,0x07,0x00,0x3C,0x00,0x80,0x07,0x00,0x3C,0x00,0x80,0x07,0x00,0x3C,0x00,0x80,0xFF,0xFF,0x3F,0x00,0x80,0xFF,0xFF,0x3F,0x00,0x80,0xFF,0xFF,0x3F,0x00,0x80,0xFF,0xFF,0x3F,0x00,0x80,0xFF,0xFF,0x3F,0x00,0x80,0x07,0x00,0x3C,0x00,0x80,0x07,0x00,0x3C,0x00,0x80,0x07,0x00,0x3C,0x00,0x80,0x07,0x00,0x3C,0x00,0x80,0x07,0x00,0x3C,    // 73
    0x00,0x00,0x00,0x00,0x00,0x00,0x00,0x00,0x00,0x00,0x00,0x00,0x00,0x0F,0x00,0x00,0x00,0x00,0x1F,0x00,0x00,0x00,0x00,0x1E,0x00,0x80,0x07,0x00,0x3C,0x00,0x80,0x07,0x00,0x3C,0x00,0x80,0x07,0x00,0x3C,0x00,0x80,0x07,0x00,0x3C,0x00,0x80,0x07,0x00,0x3C,0x00,0x80,0x07,0x00,0x3E,0x00,0x80,0xFF,0xFF,0x3F,0x00,0x80,0xFF,0xFF,0x1F,0x00,0x80,0xFF,0xFF,0x1F,0x00,0x80,0xFF,0xFF,0x0F,0x00,0x80,0xFF,0xFF,0x03,    // 74
    0x00,0x00,0x00,0x00,0x00,0x00,0x00,0x00,0x00,0x00,0x80,0xFF,0xFF,0x3F,0x00,0x80,0xFF,0xFF,0x3F,0x00,0x80,0xFF,0xFF,0x3F,0x00,0x80,0xFF,0xFF,0x3F,0x00,0x80,0xFF,0xFF,0x3F,0x00,0x00,0x80,0x3F,0x00,0x00,0x00,0xC0,0x0F,0x00,0x00,0x00,0xE0,0x1F,0x00,0x00,0x00,0xF0,0x3F,0x00,0x00,0x00,0xFC,0xFF,0x00,0x00,0x00,0xFE,0xFE,0x03,0x00,0x00,0x3F,0xF8,0x0F,0x00,0x80,0x1F,0xF0,0x3F,0x00,0x80,0x0F,0xC0,0x3F,0x00,0x80,0x07,0x00,0x3F,0x00,0x80,0x01,0x00,0x3C,0x00,0x80,0x00,0x00,0x30,    // 75
    0x00,0x00,0x00,0x00,0x00,0x00,0x00,0x00,0x00,0x00,0x00,0x00,0x00,0x00,0x00,0x00,0x00,0x00,0x00,0x00,0x80,0xFF,0xFF,0x3F,0x00,0x80,0xFF,0xFF,0x3F,0x00,0x80,0xFF,0xFF,0x3F,0x00,0x80,0xFF,0xFF,0x3F,0x00,0x80,0xFF,0xFF,0x3F,0x00,0x00,0x00,0x00,0x3C,0x00,0x00,0x00,0x00,0x3C,0x00,0x00,0x00,0x00,0x3C,0x00,0x00,0x00,0x00,0x3C,0x00,0x00,0x00,0x00,0x3C,0x00,0x00,0x00,0x00,0x3C,0x00,0x00,0x00,0x00,0x3C,0x00,0x00,0x00,0x00,0x3C,0x00,0x00,0x00,0x00,0x3C,    // 76
    0x00,0x00,0x00,0x00,0x00,0x80,0xFF,0xFF,0x3F,0x00,0x80,0xFF,0xFF,0x3F,0x00,0x80,0xFF,0xFF,0x3F,0x00,0x80,0xFF,0xFF,0x3F,0x00,0x80,0x3F,0x00,0x00,0x00,0x80,0xFF,0x07,0x00,0x00,0x00,0xF8,0x3F,0x00,0x00,0x00,0x80,0x3F,0x00,0x00,0x00,0x80,0x3F,0x00,0x00,0x00,0xF8,0x3F,0x00,0x00,0x80,0xFF,0x07,0x00,0x00,0x80,0x3F,0x00,0x00,0x00,0x80,0xFF,0xFF,0x3F,0x00,0x80,0xFF,0xFF,0x3F,0x00,0x80,0xFF,0xFF,0x3F,0x00,0x80,0xFF,0xFF,0x3F,    // 77
    0x00,0x00,0x00,0x00,0x00,0x00,0x00,0x00,0x00,0x00,0x80,0xFF,0xFF,0x3F,0x00,0x80,0xFF,0xFF,0x3F,0x00,0x80,0xFF,0xFF,0x3F,0x00,0x80,0xFF,0xFF,0x3F,0x00,0x80,0xFF,0xFF,0x3F,0x00,0x80,0x7F,0x00,0x00,0x00,0x00,0xFE,0x03,0x00,0x00,0x00,0xF0,0x3F,0x00,0x00,0x00,0x80,0xFF,0x01,0x00,0x00,0x00,0xFC,0x0F,0x00,0x00,0x00,0xC0,0x3F,0x00,0x80,0xFF,0xFF,0x3F,0x00,0x80,0xFF,0xFF,0x3F,0x00,0x80,0xFF,0xFF,0x3F,0x00,0x80,0xFF,0xFF,0x3F,0x00,0x80,0xFF,0xFF,0x3F,    // 78
    0x00,0x00,0x00,0x00,0x00,0x00,0xE0,0x7F,0x00,0x00,0x00,0xF8,0xFF,0x03,0x00,0x00,0xFE,0xFF,0x0F,0x00,0x00,0xFF,0xFF,0x1F,0x00,0x00,0xFF,0xFF,0x1F,0x00,0x80,0x3F,0x00,0x3F,0x00,0x80,0x0F,0x00,0x3E,0x00,0x80,0x07,0x00,0x3C,0x00,0x80,0x07,0x00,0x3C,0x00,0x80,0x0F,0x00,0x3E,0x00,0x80,0x1F,0x00,0x3F,0x00,0x00,0xFF,0xFF,0x1F,0x00,0x00,0xFF,0xFF,0x1F,0x00,0x00,0xFE,0xFF,0x0F,0x00,0x00,0xF8,0xFF,0x03,0x00,0x00,0xC0,0x7F,    // 79
    0x00,0x00,0x00,0x00,0x00,0x00,0x00,0x00,0x00,0x00,0x00,0x00,0x00,0x00,0x00,0x80,0xFF,0xFF,0x3F,0x00,0x80,0xFF,0xFF,0x3F,0x00,0x80,0xFF,0xFF,0x3F,0x00,0x80,0xFF,0xFF,0x3F,0x00,0x80,0xFF,0xFF,0x3F,0x00,0x80,0x07,0x3C,0x00,0x00,0x80,0x07,0x3C,0x00,0x00,0x80,0x07,0x3C,0x00,0x00,0x80,0x07,0x3C,0x00,0x00,0x80,0x0F,0x3E,0x00,0x00,0x80,0xFF,0x3F,0x00,0x00,0x00,0xFF,0x1F,0x00,0x00,0x00,0xFF,0x1F,0x00,0x00,0x00,0xFE,0x0F,0x00,0x00,0x00,0xF8,0x03,    // 80
    0x00,0x00,0x00,0x00,0x00,0x00,0xE0,0x7F,0x00,0x00,0x00,0xF8,0xFF,0x03,0x00,0x00,0xFE,0xFF,0x0F,0x00,0x00,0xFF,0xFF,0x1F,0x00,0x00,0xFF,0xFF,0x1F,0x00,0x80,0x3F,0x00,0x3F,0x00,0x80,0x0F,0x00,0x3E,0x00,0x80,0x07,0x00,0x3C,0x00,0x80,0x07,0x00,0x3C,0x00,0x80,0x0F,0x00,0x7E,0x00,0x80,0x1F,0x00,0xFF,0x00,0x00,0xFF,0xFF,0xFF,0x03,0x00,0xFF,0xFF,0xEF,0x01,0x00,0xFE,0xFF,0xCF,0x01,0x00,0xF8,0xFF,0x83,0x00,0x00,0xC0,0x7F,    // 81
    0x00,0x00,0x00,0x00,0x00,0x00,0x00,0x00,0x00,0x00,0x80,0xFF,0xFF,0x3F,0x00,0x80,0xFF,0xFF,0x3F,0x00,0x80,0xFF,0xFF,0x3F,0x00,0x80,0xFF,0xFF,0x3F,0x00,0x80,0xFF,0xFF,0x3F,0x00,0x80,0x07,0x1E,0x00,0x00,0x80,0x07,0x1E,0x00,0x00,0x80,0x07,0x3E,0x00,0x00,0x80,0x07,0x7E,0x00,0x00,0x80,0x0F,0xFF,0x01,0x00,0x80,0xFF,0xFF,0x07,0x00,0x00,0xFF,0xF7,0x1F,0x00,0x00,0xFF,0xE3,0x3F,0x00,0x00,0xFE,0x83,0x3F,0x00,0x00,0xF8,0x00,0x3E,0x00,0x00,0x00,0x00,0x38,0x00,0x00,0x00,0x00,0x20,    // 82
    0x00,0x00,0x00,0x00,0x00,0x00,0x00,0x00,0x00,0x00,0x00,0xF8,0x80,0x0F,0x00,0x00,0xFE,0x01,0x1F,0x00,0x00,0xFF,0x03,0x1E,0x00,0x00,0xFF,0x03,0x3E,0x00,0x80,0xFF,0x07,0x3C,0x00,0x80,0xCF,0x07,0x3C,0x00,0x80,0x87,0x0F,0x3C,0x00,0x80,0x87,0x0F,0x3C,0x00,0x80,0x87,0x0F,0x3C,0x00,0x80,0x07,0x1F,0x3E,0x00,0x80,0x07,0xFF,0x3F,0x00,0x80,0x0F,0xFE,0x1F,0x00,0x00,0x0F,0xFE,0x1F,0x00,0x00,0x1F,0xFC,0x0F,0x00,0x00,0x00,0xF0,0x03,    // 83
    0x00,0x00,0x00,0x00,0x00,0x80,0x07,0x00,0x00,0x00,0x80,0x07,0x00,0x00,0x00,0x80,0x07,0x00,0x00,0x00,0x80,0x07,0x00,0x00,0x00,0x80,0x07,0x00,0x00,0x00,0x80,0x07,0x00,0x00,0x00,0x80,0xFF,0xFF,0x3F,0x00,0x80,0xFF,0xFF,0x3F,0x00,0x80,0xFF,0xFF,0x3F,0x00,0x80,0xFF,0xFF,0x3F,0x00,0x80,0xFF,0xFF,0x3F,0x00,0x80,0x07,0x00,0x00,0x00,0x80,0x07,0x00,0x00,0x00,0x80,0x07,0x00,0x00,0x00,0x80,0x07,0x00,0x00,0x00,0x80,0x07,0x00,0x00,0x00,0x80,0x07,    // 84
    0x00,0x00,0x00,0x00,0x00,0x00,0x00,0x00,0x00,0x00,0x80,0xFF,0xFF,0x01,0x00,0x80,0xFF,0xFF,0x07,0x00,0x80,0xFF,0xFF,0x0F,0x00,0x80,0xFF,0xFF,0x1F,0x00,0x80,0xFF,0xFF,0x3F,0x00,0x00,0x00,0x00,0x3E,0x00,0x00,0x00,0x00,0x3C,0x00,0x00,0x00,0x00,0x3C,0x00,0x00,0x00,0x00,0x3C,0x00,0x00,0x00,0x00,0x3C,0x00,0x00,0x00,0x00,0x3E,0x00,0x80,0xFF,0xFF,0x3F,0x00,0x80,0xFF,0xFF,0x1F,0x00,0x80,0xFF,0xFF,0x1F,0x00,0x80,0xFF,0xFF,0x07,0x00,0x80,0xFF,0xFF,0x01,    // 85
    0x00,0x00,0x00,0x00,0x00,0x80,0x01,0x00,0x00,0x00,0x80,0x1F,0x00,0x00,0x00,0x80,0xFF,0x03,0x00,0x00,0x80,0xFF,0x3F,0x00,0x00,0x80,0xFF,0xFF,0x03,0x00,0x00,0xF8,0xFF,0x3F,0x00,0x00,0x00,0xFF,0x3F,0x00,0x00,0x00,0xE0,0x3F,0x00,0x00,0x00,0x00,0x3C,0x00,0x00,0x00,0xE0,0x3F,0x00,0x00,0x00,0xFF,0x3F,0x00,0x00,0xF8,0xFF,0x3F,0x00,0x80,0xFF,0xFF,0x03,0x00,0x80,0xFF,0x3F,0x00,0x00,0x80,0xFF,0x03,0x00,0x00,0x80,0x1F,0x00,0x00,0x00,0x80,0x01,    // 86
    0x80,0x07,0x00,0x00,0x00,0x80,0xFF,0x07,0x00,0x00,0x80,0xFF,0xFF,0x07,0x00,0x80,0xFF,0xFF,0x3F,0x00,0x00,0xF0,0xFF,0x3F,0x00,0x00,0x00,0xC0,0x3F,0x00,0x00,0x00,0xF8,0x3F,0x00,0x00,0xE0,0xFF,0x0F,0x00,0x00,0xE0,0x7F,0x00,0x00,0x00,0xE0,0x03,0x00,0x00,0x00,0xE0,0x7F,0x00,0x00,0x00,0xE0,0xFF,0x07,0x00,0x00,0x00,0xFC,0x3F,0x00,0x00,0x00,0x80,0x3F,0x00,0x00,0xE0,0xFF,0x3F,0x00,0x80,0xFF,0xFF,0x3F,0x00,0x80,0xFF,0xFF,0x1F,0x00,0x80,0xFF,0x0F,0x00,0x00,0x80,0x07,    // 87
    0x80,0x00,0x00,0x20,0x00,0x80,0x03,0x00,0x38,0x00,0x80,0x07,0x00,0x3C,0x00,0x80,0x1F,0x00,0x3F,0x00,0x80,0x7F,0xC0,0x3F,0x00,0x00,0xFF,0xF0,0x1F,0x00,0x00,0xFC,0xFB,0x07,0x00,0x00,0xF0,0xFF,0x01,0x00,0x00,0xE0,0x7F,0x00,0x00,0x00,0xE0,0x7F,0x00,0x00,0x00,0xF0,0xFF,0x01,0x00,0x00,0xFC,0xFB,0x07,0x00,0x00,0xFF,0xF0,0x1F,0x00,0x80,0x7F,0xC0,0x3F,0x00,0x80,0x1F,0x00,0x3F,0x00,0x80,0x07,0x00,0x3C,0x00,0x80,0x03,0x00,0x38,0x00,0x80,0x00,0x00,0x20,    // 88
    0x80,0x00,0x00,0x00,0x00,0x80,0x03,0x00,0x00,0x00,0x80,0x0F,0x00,0x00,0x00,0x80,0x3F,0x00,0x00,0x00,0x80,0xFF,0x00,0x00,0x00,0x00,0xFF,0x03,0x00,0x00,0x00,0xFC,0x0F,0x00,0x00,0x00,0xF0,0xFF,0x3F,0x00,0x00,0xC0,0xFF,0x3F,0x00,0x00,0x00,0xFE,0x3F,0x00,0x00,0xC0,0xFF,0x3F,0x00,0x00,0xF0,0xFF,0x3F,0x00,0x00,0xFC,0x0F,0x00,0x00,0x00,0xFF,0x03,0x00,0x00,0x80,0xFF,0x00,0x00,0x00,0x80,0x3F,0x00,0x00,0x00,0x80,0x0F,0x00,0x00,0x00,0x80,0x03,0x00,0x00,0x00,0x80,    // 89
    0x00,0x00,0x00,0x00,0x00,0x00,0x00,0x00,0x00,0x00,0x80,0x07,0x00,0x3E,0x00,0x80,0x07,0x00,0x3F,0x00,0x80,0x07,0x80,0x3F,0x00,0x80,0x07,0xE0,0x3F,0x00,0x80,0x07,0xF0,0x3F,0x00,0x80,0x07,0xFC,0x3F,0x00,0x80,0x07,0xFE,0x3C,0x00,0x80,0x87,0x7F,0x3C,0x00,0x80,0xC7,0x1F,0x3C,0x00,0x80,0xF7,0x0F,0x3C,0x00,0x80,0xFF,0x07,0x3C,0x00,0x80,0xFF,0x01,0x3C,0x00,0x80,0xFF,0x00,0x3C,0x00,0x80,0x3F,0x00,0x3C,0x00,0x80,0x1F,0x00,0x3C,0x00,0x80,0x07,0x00,0x3C,    // 90
    0x00,0x00,0x00,0x00,0x00,0x00,0x00,0x00,0x00,0x00,0x00,0x00,0x00,0x00,0x00,0x00,0x00,0x00,0x00,0x00,0x00,0x00,0x00,0x00,0x00,0x00,0x00,0x00,0x00,0x00,0x00,0x00,0x00,0x00,0x00,0xC0,0xFF,0xFF,0xFF,0x07,0xC0,0xFF,0xFF,0xFF,0x07,0xC0,0xFF,0xFF,0xFF,0x07,0xC0,0xFF,0xFF,0xFF,0x07,0xC0,0x01,0x00,0x00,0x07,0xC0,0x01,0x00,0x00,0x07,0xC0,0x01,0x00,0x00,0x07,0xC0,0x01,0x00,0x00,0x07,    // 91
    0x00,0x00,0x00,0x00,0x00,0x00,0x00,0x00,0x00,0x00,0x80,0x00,0x00,0x00,0x00,0x80,0x03,0x00,0x00,0x00,0x80,0x0F,0x00,0x00,0x00,0x80,0x3F,0x00,0x00,0x00,0x00,0xFE,0x00,0x00,0x00,0x00,0xF8,0x03,0x00,0x00,0x00,0xE0,0x1F,0x00,0x00,0x00,0x80,0x7F,0x00,0x00,0x00,0x00,0xFE,0x01,0x00,0x00,0x00,0xF8,0x07,0x00,0x00,0x00,0xC0,0x1F,0x00,0x00,0x00,0x00,0x7F,0x00,0x00,0x00,0x00,0xFC,0x01,0x00,0x00,0x00,0xF0,0x01,0x00,0x00,0x00,0xC0,0x01,0x00,0x00,0x00,0x00,0x01,    // 92
    0x00,0x00,0x00,0x00,0x00,0x00,0x00,0x00,0x00,0x00,0x00,0x00,0x00,0x00,0x00,0x00,0x00,0x00,0x00,0x00,0x00,0x00,0x00,0x00,0x00,0xC0,0x01,0x00,0x00,0x07,0xC0,0x01,0x00,0x00,0x07,0xC0,0x01,0x00,0x00,0x07,0xC0,0x01,0x00,0x00,0x07,0xC0,0xFF,0xFF,0xFF,0x07,0xC0,0xFF,0xFF,0xFF,0x07,0xC0,0xFF,0xFF,0xFF,0x07,0xC0,0xFF,0xFF,0xFF,0x07,    // 93
    0x00,0x00,0x00,0x00,0x00,0x00,0x80,0x00,0x00,0x00,0x00,0xC0,0x00,0x00,0x00,0x00,0xE0,0x00,0x00,0x00,0x00,0xF8,0x00,0x00,0x00,0x00,0x7C,0x00,0x00,0x00,0x00,0x3E,0x00,0x00,0x00,0x80,0x1F,0x00,0x00,0x00,0x80,0x0F,0x00,0x00,0x00,0x80,0x07,0x00,0x00,0x00,0x80,0x0F,0x00,0x00,0x00,0x80,0x1F,0x00,0x00,0x00,0x00,0x3E,0x00,0x00,0x00,0x00,0x7C,0x00,0x00,0x00,0x00,0xF8,0x00,0x00,0x00,0x00,0xE0,0x00,0x00,0x00,0x00,0xC0,0x00,0x00,0x00,0x00,0x80,    // 94
    0x00,0x00,0x00,0x00,0x38,0x00,0x00,0x00,0x00,0x38,0x00,0x00,0x00,0x00,0x38,0x00,0x00,0x00,0x00,0x38,0x00,0x00,0x00,0x00,0x38,0x00,0x00,0x00,0x00,0x38,0x00,0x00,0x00,0x00,0x38,0x00,0x00,0x00,0x00,0x38,0x00,0x00,0x00,0x00,0x38,0x00,0x00,0x00,0x00,0x38,0x00,0x00,0x00,0x00,0x38,0x00,0x00,0x00,0x00,0x38,0x00,0x00,0x00,0x00,0x38,0x00,0x00,0x00,0x00,0x38,0x00,0x00,0x00,0x00,0x38,0x00,0x00,0x00,0x00,0x38,0x00,0x00,0x00,0x00,0x38,0x00,0x00,0x00,0x00,0x38,0x00,0x00,0x00,0x00,0x38,    // 95
    0x00,0x00,0x00,0x00,0x00,0x00,0x00,0x00,0x00,0x00,0x00,0x00,0x00,0x00,0x00,0x10,0x00,0x00,0x00,0x00,0x30,0x00,0x00,0x00,0x00,0x70,0x00,0x00,0x00,0x00,0xF0,0x00,0x00,0x00,0x00,0xF0,0x01,0x00,0x00,0x00,0xE0,0x03,0x00,0x00,0x00,0x80,0x03,0x00,0x00,0x00,0x00,0x03,0x00,0x00,0x00,0x00,0x02,    // 96
    0x00,0x00,0x00,0x00,0x00,0x00,0x00,0x00,0x00,0x00,0x00,0x00,0xE0,0x07,0x00,0x00,0x00,0xF0,0x0F,0x00,0x00,0xE0,0xF9,0x1F,0x00,0x00,0xE0,0xF8,0x3F,0x00,0x00,0xF0,0xFC,0x3F,0x00,0x00,0x70,0x3C,0x3C,0x00,0x00,0x70,0x1C,0x38,0x00,0x00,0x70,0x1C,0x38,0x00,0x00,0x70,0x1C,0x38,0x00,0x00,0x70,0x1C,0x1C,0x00,0x00,0xF0,0x1C,0x0E,0x00,0x00,0xF0,0xFF,0x3F,0x00,0x00,0xE0,0xFF,0x3F,0x00,0x00,0xE0,0xFF,0x3F,0x00,0x00,0xC0,0xFF,0x3F,0x00,0x00,0x00,0xFF,0x3F,    // 97
    0x00,0x00,0x00,0x00,0x00,0x00,0x00,0x00,0x00,0x00,0xC0,0xFF,0xFF,0x3F,0x00,0xC0,0xFF,0xFF,0x3F,0x00,0xC0,0xFF,0xFF,0x3F,0x00,0xC0,0xFF,0xFF,0x3F,0x00,0xC0,0xFF,0xFF,0x3F,0x00,0x00,0xC0,0x03,0x0F,0x00,0x00,0xE0,0x01,0x1E,0x00,0x00,0xF0,0x00,0x3C,0x00,0x00,0xF0,0x00,0x3C,0x00,0x00,0xF0,0x01,0x3E,0x00,0x00,0xF0,0x03,0x3F,0x00,0x00,0xF0,0xFF,0x3F,0x00,0x00,0xE0,0xFF,0x1F,0x00,0x00,0xE0,0xFF,0x1F,0x00,0x00,0x80,0xFF,0x07,0x00,0x00,0x00,0xFE,0x01,    // 98
    0x00,0x00,0x00,0x00,0x00,0x00,0x00,0x00,0x00,0x00,0x00,0x00,0x00,0x00,0x00,0x00,0x00,0xFE,0x01,0x00,0x00,0x80,0xFF,0x07,0x00,0x00,0xC0,0xFF,0x0F,0x00,0x00,0xE0,0xFF,0x1F,0x00,0x00,0xE0,0xFF,0x1F,0x00,0x00,0xF0,0x03,0x3F,0x00,0x00,0xF0,0x01,0x3E,0x00,0x00,0xF0,0x00,0x3C,0x00,0x00,0xF0,0x00,0x3C,0x00,0x00,0xF0,0x00,0x3C,0x00,0x00,0xF0,0x00,0x3C,0x00,0x00,0xF0,0x00,0x3C,0x00,0x00,0xE0,0x00,0x3C,0x00,0x00,0xE0,0x01,0x1E,    // 99
    0x00,0x00,0x00,0x00,0x00,0x00,0x00,0x00,0x00,0x00,0x00,0x00,0xFE,0x01,0x00,0x00,0x80,0xFF,0x07,0x00,0x00,0xE0,0xFF,0x1F,0x00,0x00,0xE0,0xFF,0x1F,0x00,0x00,0xF0,0xFF,0x3F,0x00,0x00,0xF0,0x03,0x3F,0x00,0x00,0xF0,0x01,0x3E,0x00,0x00,0xF0,0x00,0x3C,0x00,0x00,0xF0,0x00,0x3C,0x00,0x00,0xE0,0x01,0x1E,0x00,0x00,0xC0,0x03,0x0F,0x00,0xC0,0xFF,0xFF,0x3F,0x00,0xC0,0xFF,0xFF,0x3F,0x00,0xC0,0xFF,0xFF,0x3F,0x00,0xC0,0xFF,0xFF,0x3F,0x00,0xC0,0xFF,0xFF,0x3F,    // 100
    0x00,0x00,0x00,0x00,0x00,0x00,0x00,0x00,0x00,0x00,0x00,0x00,0xFE,0x01,0x00,0x00,0x80,0xFF,0x07,0x00,0x00,0xC0,0xFF,0x0F,0x00,0x00,0xE0,0xFF,0x1F,0x00,0x00,0xE0,0xFF,0x1F,0x00,0x00,0xF0,0x7B,0x3E,0x00,0x00,0xF0,0x79,0x3E,0x00,0x00,0xF0,0x78,0x3C,0x00,0x00,0xF0,0x78,0x3C,0x00,0x00,0xF0,0x78,0x3C,0x00,0x00,0xF0,0x78,0x3C,0x00,0x00,0xF0,0x79,0x3C,0x00,0x00,0xE0,0x7F,0x3C,0x00,0x00,0xE0,0x7F,0x3C,0x00,0x00,0xC0,0x7F,0x1E,0x00,0x00,0x80,0x7F,0x1E,0x00,0x00,0x00,0x7E,    // 101
    0x00,0x00,0x00,0x00,0x00,0x00,0x00,0x00,0x00,0x00,0x00,0x00,0x00,0x00,0x00,0x00,0xF0,0x00,0x00,0x00,0x00,0xF0,0x00,0x00,0x00,0x00,0xF0,0x00,0x00,0x00,0x00,0xF0,0x00,0x00,0x00,0x00,0xFF,0xFF,0x3F,0x00,0x80,0xFF,0xFF,0x3F,0x00,0x80,0xFF,0xFF,0x3F,0x00,0xC0,0xFF,0xFF,0x3F,0x00,0xC0,0xFF,0xFF,0x3F,0x00,0xC0,0xF3,0x00,0x00,0x00,0xC0,0xF3,0x00,0x00,0x00,0xC0,0xF3,0x00,0x00,0x00,0xC0,0xF3,0x00,0x00,0x00,0xC0,0xF3,    // 102
    0x00,0x00,0x00,0x00,0x00,0x00,0x00,0x00,0x00,0x00,0x00,0x00,0xFE,0x01,0x00,0x00,0x80,0xFF,0x07,0x00,0x00,0xC0,0xFF,0x0F,0x0F,0x00,0xE0,0xFF,0x1F,0x0F,0x00,0xF0,0xFF,0x3F,0x1E,0x00,0xF0,0x03,0x3F,0x1E,0x00,0xF0,0x01,0x3E,0x1E,0x00,0xF0,0x00,0x3C,0x1E,0x00,0xF0,0x00,0x3C,0x1E,0x00,0xE0,0x01,0x1E,0x1E,0x00,0xC0,0x03,0x0F,0x1F,0x00,0xF0,0xFF,0xFF,0x1F,0x00,0xF0,0xFF,0xFF,0x0F,0x00,0xF0,0xFF,0xFF,0x0F,0x00,0xF0,0xFF,0xFF,0x07,0x00,0xF0,0xFF,0xFF,0x01,    // 103
    0x00,0x00,0x00,0x00,0x00,0x00,0x00,0x00,0x00,0x00,0x00,0x00,0x00,0x00,0x00,0xC0,0xFF,0xFF,0x3F,0x00,0xC0,0xFF,0xFF,0x3F,0x00,0xC0,0xFF,0xFF,0x3F,0x00,0xC0,0xFF,0xFF,0x3F,0x00,0xC0,0xFF,0xFF,0x3F,0x00,0x00,0xC0,0x01,0x00,0x00,0x00,0xE0,0x00,0x00,0x00,0x00,0xF0,0x00,0x00,0x00,0x00,0xF0,0x01,0x00,0x00,0x00,0xF0,0xFF,0x3F,0x00,0x00,0xF0,0xFF,0x3F,0x00,0x00,0xE0,0xFF,0x3F,0x00,0x00,0xE0,0xFF,0x3F,0x00,0x00,0x80,0xFF,0x3F,    // 104
    0x00,0x00,0x00,0x00,0x00,0x00,0x00,0x00,0x00,0x00,0x00,0x00,0x00,0x3C,0x00,0x00,0x00,0x00,0x3C,0x00,0x00,0xF0,0x00,0x3C,0x00,0x00,0xF0,0x00,0x3C,0x00,0x00,0xF0,0x00,0x3C,0x00,0x00,0xF0,0x00,0x3C,0x00,0xF0,0xF1,0xFF,0x3F,0x00,0xF0,0xF1,0xFF,0x3F,0x00,0xF0,0xF1,0xFF,0x3F,0x00,0xF0,0xF1,0xFF,0x3F,0x00,0xF0,0xF1,0xFF,0x3F,0x00,0x00,0x00,0x00,0x3C,0x00,0x00,0x00,0x00,0x3C,0x00,0x00,0x00,0x00,0x3C,0x00,0x00,0x00,0x00,0x3C,0x00,0x00,0x00,0x00,0x3C,0x00,0x00,0x00,0x00,0x3C,    // 105
    0x00,0x00,0x00,0x00,0x00,0x00,0x00,0x00,0x00,0x00,0x00,0x00,0x00,0x00,0x00,0x00,0x00,0x00,0x00,0x1E,0x00,0xF0,0x00,0x00,0x1E,0x00,0xF0,0x00,0x00,0x1E,0x00,0xF0,0x00,0x00,0x1E,0x00,0xF0,0x00,0x00,0x1E,0x00,0xF0,0x00,0x00,0x1F,0xF0,0xF1,0xFF,0xFF,0x1F,0xF0,0xF1,0xFF,0xFF,0x1F,0xF0,0xF1,0xFF,0xFF,0x0F,0xF0,0xF1,0xFF,0xFF,0x07,0xF0,0xF1,0xFF,0xFF,0x01,    // 106
    0x00,0x00,0x00,0x00,0x00,0x00,0x00,0x00,0x00,0x00,0x00,0x00,0x00,0x00,0x00,0xC0,0xFF,0xFF,0x3F,0x00,0xC0,0xFF,0xFF,0x3F,0x00,0xC0,0xFF,0xFF,0x3F,0x00,0xC0,0xFF,0xFF,0x3F,0x00,0xC0,0xFF,0xFF,0x3F,0x00,0x00,0x00,0x7C,0x00,0x00,0x00,0x00,0x3F,0x00,0x00,0x00,0x80,0xFF,0x00,0x00,0x00,0xC0,0xFF,0x01,0x00,0x00,0xE0,0xFB,0x07,0x00,0x00,0xF0,0xE1,0x1F,0x00,0x00,0xF0,0xC0,0x3F,0x00,0x00,0x70,0x00,0x3F,0x00,0x00,0x30,0x00,0x3C,0x00,0x00,0x10,0x00,0x38,0x00,0x00,0x00,0x00,0x20,    // 107
    0x00,0x00,0x00,0x00,0x00,0xC0,0x03,0x00,0x00,0x00,0xC0,0x03,0x00,0x00,0x00,0xC0,0x03,0x00,0x00,0x00,0xC0,0x03,0x00,0x00,0x00,0xC0,0x03,0x00,0x00,0x00,0xC0,0xFF,0xFF,0x03,0x00,0xC0,0xFF,0xFF,0x0F,0x00,0xC0,0xFF,0xFF,0x1F,0x00,0xC0,0xFF,0xFF,0x3F,0x00,0xC0,0xFF,0xFF,0x3F,0x00,0x00,0x00,0x00,0x3E,0x00,0x00,0x00,0x00,0x3C,0x00,0x00,0x00,0x00,0x3C,0x00,0x00,0x00,0x00,0x3C,0x00,0x00,0x00,0x00,0x3C,0x00,0x00,0x00,0x00,0x3C,    // 108
    0x00,0x00,0x00,0x00,0x00,0x00,0x00,0x00,0x00,0x00,0x00,0xF0,0xFF,0x3F,0x00,0x00,0xF0,0xFF,0x3F,0x00,0x00,0xF0,0xFF,0x3F,0x00,0x00,0xE0,0xFF,0x3F,0x00,0x00,0xF0,0x00,0x00,0x00,0x00,0xF0,0x00,0x00,0x00,0x00,0xF0,0xFF,0x3F,0x00,0x00,0xF0,0xFF,0x3F,0x00,0x00,0xE0,0xFF,0x3F,0x00,0x00,0xC0,0xFF,0x3F,0x00,0x00,0xE0,0x00,0x00,0x00,0x00,0xF0,0x00,0x00,0x00,0x00,0xF0,0xFF,0x3F,0x00,0x00,0xF0,0xFF,0x3F,0x00,0x00,0xE0,0xFF,0x3F,0x00,0x00,0x80,0xFF,0x3F,    // 109
    0x00,0x00,0x00,0x00,0x00,0x00,0x00,0x00,0x00,0x00,0x00,0x00,0x00,0x00,0x00,0x00,0xF0,0xFF,0x3F,0x00,0x00,0xF0,0xFF,0x3F,0x00,0x00,0xF0,0xFF,0x3F,0x00,0x00,0xF0,0xFF,0x3F,0x00,0x00,0xF0,0xFF,0x3F,0x00,0x00,0xC0,0x01,0x00,0x00,0x00,0xE0,0x00,0x00,0x00,0x00,0xF0,0x00,0x00,0x00,0x00,0xF0,0x01,0x00,0x00,0x00,0xF0,0xFF,0x3F,0x00,0x00,0xF0,0xFF,0x3F,0x00,0x00,0xE0,0xFF,0x3F,0x00,0x00,0xE0,0xFF,0x3F,0x00,0x00,0x80,0xFF,0x3F,    // 110
    0x00,0x00,0x00,0x00,0x00,0x00,0x00,0x00,0x00,0x00,0x00,0x00,0xFE,0x01,0x00,0x00,0x80,0xFF,0x07,0x00,0x00,0xC0,0xFF,0x0F,0x00,0x00,0xE0,0xFF,0x1F,0x00,0x00,0xE0,0xFF,0x1F,0x00,0x00,0xF0,0x03,0x3F,0x00,0x00,0xF0,0x01,0x3E,0x00,0x00,0xF0,0x00,0x3C,0x00,0x00,0xF0,0x00,0x3C,0x00,0x00,0xF0,0x01,0x3E,0x00,0x00,0xF0,0x03,0x3F,0x00,0x00,0xE0,0xFF,0x1F,0x00,0x00,0xE0,0xFF,0x1F,0x00,0x00,0xC0,0xFF,0x0F,0x00,0x00,0x80,0xFF,0x07,0x00,0x00,0x00,0xFE,0x01,    // 111
    0x00,0x00,0x00,0x00,0x00,0x00,0x00,0x00,0x00,0x00,0x00,0xF0,0xFF,0xFF,0x1F,0x00,0xF0,0xFF,0xFF,0x1F,0x00,0xF0,0xFF,0xFF,0x1F,0x00,0xF0,0xFF,0xFF,0x1F,0x00,0xF0,0xFF,0xFF,0x1F,0x00,0xC0,0x03,0x0F,0x00,0x00,0xE0,0x01,0x1E,0x00,0x00,0xF0,0x00,0x3C,0x00,0x00,0xF0,0x00,0x3C,0x00,0x00,0xF0,0x01,0x3E,0x00,0x00,0xF0,0x03,0x3F,0x00,0x00,0xF0,0xFF,0x3F,0x00,0x00,0xE0,0xFF,0x1F,0x00,0x00,0xE0,0xFF,0x1F,0x00,0x00,0x80,0xFF,0x07,0x00,0x00,0x00,0xFE,0x01,    // 112
    0x00,0x00,0x00,0x00,0x00,0x00,0x00,0x00,0x00,0x00,0x00,0x00,0xFE,0x01,0x00,0x00,0x80,0xFF,0x07,0x00,0x00,0xE0,0xFF,0x1F,0x00,0x00,0xE0,0xFF,0x1F,0x00,0x00,0xF0,0xFF,0x3F,0x00,0x00,0xF0,0x03,0x3F,0x00,0x00,0xF0,0x01,0x3E,0x00,0x00,0xF0,0x00,0x3C,0x00,0x00,0xF0,0x00,0x3C,0x00,0x00,0xE0,0x01,0x1E,0x00,0x00,0xC0,0x03,0x0F,0x00,0x00,0xF0,0xFF,0xFF,0x1F,0x00,0xF0,0xFF,0xFF,0x1F,0x00,0xF0,0xFF,0xFF,0x1F,0x00,0xF0,0xFF,0xFF,0x1F,0x00,0xF0,0xFF,0xFF,0x1F,    // 113
    0x00,0x00,0x00,0x00,0x00,0x00,0x00,0x00,0x00,0x00,0x00,0x00,0x00,0x00,0x00,0x00,0x00,0x00,0x00,0x00,0x00,0x00,0x00,0x00,0x00,0x00,0xF0,0xFF,0x3F,0x00,0x00,0xF0,0xFF,0x3F,0x00,0x00,0xF0,0xFF,0x3F,0x00,0x00,0xF0,0xFF,0x3F,0x00,0x00,0xF0,0xFF,0x3F,0x00,0x00,0xC0,0x03,0x00,0x00,0x00,0xE0,0x01,0x00,0x00,0x00,0xF0,0x00,0x00,0x00,0x00,0xF0,0x00,0x00,0x00,0x00,0xF0,0x00,0x00,0x00,0x00,0xF0,0x00,0x00,0x00,0x00,0xF0,0x00,0x00,0x00,0x00,0xE0,0x01,    // 114
    0x00,0x00,0x00,0x00,0x00,0x00,0x00,0x00,0x00,0x00,0x00,0x00,0x00,0x00,0x00,0x00,0x80,0x0F,0x1E,0x00,0x00,0xC0,0x1F,0x1E,0x00,0x00,0xE0,0x1F,0x3C,0x00,0x00,0xE0,0x3F,0x3C,0x00,0x00,0xF0,0x3F,0x3C,0x00,0x00,0xF0,0x3D,0x3C,0x00,0x00,0xF0,0x78,0x3C,0x00,0x00,0xF0,0x78,0x3C,0x00,0x00,0xF0,0x78,0x3E,0x00,0x00,0xF0,0xF8,0x3F,0x00,0x00,0xF0,0xF0,0x1F,0x00,0x00,0xE0,0xF1,0x1F,0x00,0x00,0xE0,0xE1,0x0F,0x00,0x00,0x00,0xC0,0x07,    // 115
    0x00,0x00,0x00,0x00,0x00,0x00,0x00,0x00,0x00,0x00,0x00,0xF0,0x00,0x00,0x00,0x00,0xF0,0x00,0x00,0x00,0x00,0xF0,0x00,0x00,0x00,0x00,0xF0,0x00,0x00,0x00,0x80,0xFF,0xFF,0x07,0x00,0x80,0xFF,0xFF,0x1F,0x00,0x80,0xFF,0xFF,0x1F,0x00,0x80,0xFF,0xFF,0x3F,0x00,0x80,0xFF,0xFF,0x3F,0x00,0x00,0xF0,0x00,0x3E,0x00,0x00,0xF0,0x00,0x3C,0x00,0x00,0xF0,0x00,0x3C,0x00,0x00,0xF0,0x00,0x3C,0x00,0x00,0xF0,0x00,0x3C,0x00,0x00,0xF0,0x00,0x3C,    // 116
    0x00,0x00,0x00,0x00,0x00,0x00,0x00,0x00,0x00,0x00,0x00,0x00,0x00,0x00,0x00,0x00,0xF0,0xFF,0x07,0x00,0x00,0xF0,0xFF,0x1F,0x00,0x00,0xF0,0xFF,0x1F,0x00,0x00,0xF0,0xFF,0x3F,0x00,0x00,0xF0,0xFF,0x3F,0x00,0x00,0x00,0x00,0x3E,0x00,0x00,0x00,0x00,0x3C,0x00,0x00,0x00,0x00,0x1C,0x00,0x00,0x00,0x00,0x0E,0x00,0x00,0xF0,0xFF,0x3F,0x00,0x00,0xF0,0xFF,0x3F,0x00,0x00,0xF0,0xFF,0x3F,0x00,0x00,0xF0,0xFF,0x3F,0x00,0x00,0xF0,0xFF,0x3F,    // 117
    0x00,0x00,0x00,0x00,0x00,0x00,0x30,0x00,0x00,0x00,0x00,0xF0,0x01,0x00,0x00,0x00,0xF0,0x0F,0x00,0x00,0x00,0xF0,0x7F,0x00,0x00,0x00,0xF0,0xFF,0x03,0x00,0x00,0x80,0xFF,0x3F,0x00,0x00,0x00,0xF8,0x3F,0x00,0x00,0x00,0x80,0x3F,0x00,0x00,0x00,0x00,0x3C,0x00,0x00,0x00,0x80,0x3F,0x00,0x00,0x00,0xF8,0x3F,0x00,0x00,0x80,0xFF,0x3F,0x00,0x00,0xF0,0xFF,0x03,0x00,0x00,0xF0,0x7F,0x00,0x00,0x00,0xF0,0x0F,0x00,0x00,0x00,0xF0,0x01,0x00,0x00,0x00,0x30,    // 118
    0x00,0x70,0x00,0x00,0x00,0x00,0xF0,0x1F,0x00,0x00,0x00,0xF0,0xFF,0x03,0x00,0x00,0xF0,0xFF,0x3F,0x00,0x00,0x00,0xFE,0x3F,0x00,0x00,0x00,0x00,0x3F,0x00,0x00,0x00,0xC0,0x3F,0x00,0x00,0x00,0xFC,0x3F,0x00,0x00,0x00,0xFE,0x01,0x00,0x00,0x00,0x1E,0x00,0x00,0x00,0x00,0xFE,0x01,0x00,0x00,0x00,0xFC,0x3F,0x00,0x00,0x00,0x80,0x3F,0x00,0x00,0x00,0x80,0x3F,0x00,0x00,0x00,0xFE,0x3F,0x00,0x00,0xF0,0xFF,0x3F,0x00,0x00,0xF0,0xFF,0x03,0x00,0x00,0xF0,0x1F,0x00,0x00,0x00,0x70,    // 119
    0x00,0x00,0x00,0x00,0x00,0x00,0x00,0x00,0x20,0x00,0x00,0x10,0x00,0x30,0x00,0x00,0x30,0x00,0x38,0x00,0x00,0xF0,0x00,0x3E,0x00,0x00,0xF0,0x01,0x3F,0x00,0x00,0xF0,0xC7,0x3F,0x00,0x00,0xF0,0xEF,0x0F,0x00,0x00,0xC0,0xFF,0x03,0x00,0x00,0x00,0xFF,0x01,0x00,0x00,0x00,0xFF,0x01,0x00,0x00,0xC0,0xFF,0x03,0x00,0x00,0xF0,0xEF,0x0F,0x00,0x00,0xF0,0xC7,0x3F,0x00,0x00,0xF0,0x01,0x3F,0x00,0x00,0xF0,0x00,0x3E,0x00,0x00,0x30,0x00,0x3C,0x00,0x00,0x10,0x00,0x30,0x00,0x00,0x00,0x00,0x20,    // 120
    0x00,0x00,0x00,0x00,0x00,0x00,0x10,0x00,0x00,0x00,0x00,0xF0,0x00,0x00,0x1E,0x00,0xF0,0x07,0x00,0x1E,0x00,0xF0,0x3F,0x00,0x1E,0x00,0xF0,0xFF,0x00,0x1E,0x00,0xC0,0xFF,0x87,0x1F,0x00,0x00,0xFE,0xFF,0x1F,0x00,0x00,0xF0,0xFF,0x0F,0x00,0x00,0x00,0xFF,0x07,0x00,0x00,0xE0,0xFF,0x01,0x00,0x00,0xFE,0x3F,0x00,0x00,0xC0,0xFF,0x07,0x00,0x00,0xF0,0xFF,0x01,0x00,0x00,0xF0,0x3F,0x00,0x00,0x00,0xF0,0x07,0x00,0x00,0x00,0xF0,0x00,0x00,0x00,0x00,0x10,    // 121
    0x00,0x00,0x00,0x00,0x00,0x00,0x00,0x00,0x00,0x00,0x00,0x00,0x00,0x00,0x00,0x00,0xF0,0x00,0x3C,0x00,0x00,0xF0,0x00,0x3E,0x00,0x00,0xF0,0x80,0x3F,0x00,0x00,0xF0,0xC0,0x3F,0x00,0x00,0xF0,0xE0,0x3F,0x00,0x00,0xF0,0xF0,0x3F,0x00,0x00,0xF0,0xFC,0x3D,0x00,0x00,0xF0,0xFE,0x3C,0x00,0x00,0xF0,0x3F,0x3C,0x00,0x00,0xF0,0x1F,0x3C,0x00,0x00,0xF0,0x0F,0x3C,0x00,0x00,0xF0,0x07,0x3C,0x00,0x00,0xF0,0x01,0x3C,0x00,0x00,0xF0,0x00,0x3C,    // 122
    0x00,0x00,0x00,0x00,0x00,0x00,0x00,0x00,0x00,0x00,0x00,0x00,0x00,0x00,0x00,0x00,0x00,0x38,0x00,0x00,0x00,0x00,0x38,0x00,0x00,0x00,0x00,0x38,0x00,0x00,0x00,0x00,0x38,0x00,0x00,0x00,0x00,0x7C,0x00,0x00,0x00,0xFF,0xFF,0xFF,0x03,0x80,0xFF,0xEF,0xFF,0x07,0x80,0xFF,0xEF,0xFF,0x0F,0xC0,0xFF,0xC7,0xFF,0x0F,0xC0,0x03,0x00,0x00,0x0F,0xC0,0x01,0x00,0x00,0x0E,0xC0,0x01,0x00,0x00,0x0E,0xC0,0x01,0x00,0x00,0x0E,0xC0,0x01,0x00,0x00,0x0E,    // 123
    0x00,0x00,0x00,0x00,0x00,0x00,0x00,0x00,0x00,0x00,0x00,0x00,0x00,0x00,0x00,0x00,0x00,0x00,0x00,0x00,0x00,0x00,0x00,0x00,0x00,0x00,0x00,0x00,0x00,0x00,0x00,0x00,0x00,0x00,0x00,0x00,0x00,0x00,0x00,0x00,0xC0,0xFF,0xFF,0xFF,0x3F,0xC0,0xFF,0xFF,0xFF,0x3F,0xC0,0xFF,0xFF,0xFF,0x3F,0xC0,0xFF,0xFF,0xFF,0x3F,    // 124
    0x00,0x00,0x00,0x00,0x00,0x00,0x00,0x00,0x00,0x00,0xC0,0x01,0x00,0x00,0x0E,0xC0,0x01,0x00,0x00,0x0E,0xC0,0x01,0x00,0x00,0x0E,0xC0,0x01,0x00,0x00,0x0E,0xC0,0x03,0x00,0x00,0x0F,0xC0,0xFF,0xC7,0xFF,0x0F,0x80,0xFF,0xEF,0xFF,0x0F,0x80,0xFF,0xEF,0xFF,0x07,0x00,0xFF,0xFF,0xFF,0x03,0x00,0x00,0x7C,0x00,0x00,0x00,0x00,0x38,0x00,0x00,0x00,0x00,0x38,0x00,0x00,0x00,0x00,0x38,0x00,0x00,0x00,0x00,0x38,    // 125
    0x00,0x00,0x00,0x00,0x00,0x00,0x00,0x78,0x00,0x00,0x00,0x00,0x38,0x00,0x00,0x00,0x00,0x1C,0x00,0x00,0x00,0x00,0x1C,0x00,0x00,0x00,0x00,0x1C,0x00,0x00,0x00,0x00,0x1C,0x00,0x00,0x00,0x00,0x1C,0x00,0x00,0x00,0x00,0x38,0x00,0x00,0x00,0x00,0x38,0x00,0x00,0x00,0x00,0x70,0x00,0x00,0x00,0x00,0x70,0x00,0x00,0x00,0x00,0x70,0x00,0x00,0x00,0x00,0x70,0x00,0x00,0x00,0x00,0x70,0x00,0x00,0x00,0x00,0x38,0x00,0x00,0x00,0x00,0x3C,    // 126
    0x00,0x00,0x00,0x00,0x00,0x00,0x00,0x00,0x00,0x00,0x80,0xFF,0xFF,0xFF,0x07,0x80,0xFF,0xFF,0xFF,0x07,0x80,0x01,0x00,0x00,0x06,0x80,0x01,0x00,0x00,0x06,0x80,0x01,0x00,0x00,0x06,0x80,0x01,0x00,0x00,0x06,0x80,0x01,0x00,0x00,0x06,0x80,0x01,0x00,0x00,0x06,0x80,0x01,0x00,0x00,0x06,0x80,0x01,0x00,0x00,0x06,0x80,0x01,0x00,0x00,0x06,0x80,0x01,0x00,0x00,0x06,0x80,0x01,0x00,0x00,0x06,0x80,0x01,0x00,0x00,0x06,0x80,0xFF,0xFF,0xFF,0x07,0x80,0xFF,0xFF,0xFF,0x07,    // 127
    0x00,0x00,0x00,0x00,0x00,0x00,0x00,0x00,0x00,0x00,0x80,0xFF,0xFF,0xFF,0x07,0x80,0xFF,0xFF,0xFF,0x07,0x80,0x01,0x00,0x00,0x06,0x80,0x01,0x00,0x00,0x06,0x80,0x01,0x00,0x00,0x06,0x80,0x01,0x00,0x00,0x06,0x80,0x01,0x00,0x00,0x06,0x80,0x01,0x00,0x00,0x06,0x80,0x01,0x00,0x00,0x06,0x80,0x01,0x00,0x00,0x06,0x80,0x01,0x00,0x00,0x06,0x80,0x01,0x00,0x00,0x06,0x80,0x01,0x00,0x00,0x06,0x80,0x01,0x00,0x00,0x06,0x80,0xFF,0xFF,0xFF,0x07,0x80,0xFF,0xFF,0xFF,0x07,    // 128
    0x00,0x00,0x00,0x00,0x00,0x00,0x00,0x00,0x00,0x00,0x80,0xFF,0xFF,0xFF,0x07,0x80,0xFF,0xFF,0xFF,0x07,0x80,0x01,0x00,0x00,0x06,0x80,0x01,0x00,0x00,0x06,0x80,0x01,0x00,0x00,0x06,0x80,0x01,0x00,0x00,0x06,0x80,0x01,0x00,0x00,0x06,0x80,0x01,0x00,0x00,0x06,0x80,0x01,0x00,0x00,0x06,0x80,0x01,0x00,0x00,0x06,0x80,0x01,0x00,0x00,0x06,0x80,0x01,0x00,0x00,0x06,0x80,0x01,0x00,0x00,0x06,0x80,0x01,0x00,0x00,0x06,0x80,0xFF,0xFF,0xFF,0x07,0x80,0xFF,0xFF,0xFF,0x07,    // 129
    0x00,0x00,0x00,0x00,0x00,0x00,0x00,0x00,0x00,0x00,0x80,0xFF,0xFF,0xFF,0x07,0x80,0xFF,0xFF,0xFF,0x07,0x80,0x01,0x00,0x00,0x06,0x80,0x01,0x00,0x00,0x06,0x80,0x01,0x00,0x00,0x06,0x80,0x01,0x00,0x00,0x06,0x80,0x01,0x00,0x00,0x06,0x80,0x01,0x00,0x00,0x06,0x80,0x01,0x00,0x00,0x06,0x80,0x01,0x00,0x00,0x06,0x80,0x01,0x00,0x00,0x06,0x80,0x01,0x00,0x00,0x06,0x80,0x01,0x00,0x00,0x06,0x80,0x01,0x00,0x00,0x06,0x80,0xFF,0xFF,0xFF,0x07,0x80,0xFF,0xFF,0xFF,0x07,    // 130
    0x00,0x00,0x00,0x00,0x00,0x00,0x00,0x00,0x00,0x00,0x80,0xFF,0xFF,0xFF,0x07,0x80,0xFF,0xFF,0xFF,0x07,0x80,0x01,0x00,0x00,0x06,0x80,0x01,0x00,0x00,0x06,0x80,0x01,0x00,0x00,0x06,0x80,0x01,0x00,0x00,0x06,0x80,0x01,0x00,0x00,0x06,0x80,0x01,0x00,0x00,0x06,0x80,0x01,0x00,0x00,0x06,0x80,0x01,0x00,0x00,0x06,0x80,0x01,0x00,0x00,0x06,0x80,0x01,0x00,0x00,0x06,0x80,0x01,0x00,0x00,0x06,0x80,0x01,0x00,0x00,0x06,0x80,0xFF,0xFF,0xFF,0x07,0x80,0xFF,0xFF,0xFF,0x07,    // 131
    0x00,0x00,0x00,0x00,0x00,0x00,0x00,0x00,0x00,0x00,0x80,0xFF,0xFF,0xFF,0x07,0x80,0xFF,0xFF,0xFF,0x07,0x80,0x01,0x00,0x00,0x06,0x80,0x01,0x00,0x00,0x06,0x80,0x01,0x00,0x00,0x06,0x80,0x01,0x00,0x00,0x06,0x80,0x01,0x00,0x00,0x06,0x80,0x01,0x00,0x00,0x06,0x80,0x01,0x00,0x00,0x06,0x80,0x01,0x00,0x00,0x06,0x80,0x01,0x00,0x00,0x06,0x80,0x01,0x00,0x00,0x06,0x80,0x01,0x00,0x00,0x06,0x80,0x01,0x00,0x00,0x06,0x80,0xFF,0xFF,0xFF,0x07,0x80,0xFF,0xFF,0xFF,0x07,    // 132
    0x00,0x00,0x00,0x00,0x00,0x00,0x00,0x00,0x00,0x00,0x80,0xFF,0xFF,0xFF,0x07,0x80,0xFF,0xFF,0xFF,0x07,0x80,0x01,0x00,0x00,0x06,0x80,0x01,0x00,0x00,0x06,0x80,0x01,0x00,0x00,0x06,0x80,0x01,0x00,0x00,0x06,0x80,0x01,0x00,0x00,0x06,0x80,0x01,0x00,0x00,0x06,0x80,0x01,0x00,0x00,0x06,0x80,0x01,0x00,0x00,0x06,0x80,0x01,0x00,0x00,0x06,0x80,0x01,0x00,0x00,0x06,0x80,0x01,0x00,0x00,0x06,0x80,0x01,0x00,0x00,0x06,0x80,0xFF,0xFF,0xFF,0x07,0x80,0xFF,0xFF,0xFF,0x07,    // 133
    0x00,0x00,0x00,0x00,0x00,0x00,0x00,0x00,0x00,0x00,0x80,0xFF,0xFF,0xFF,0x07,0x80,0xFF,0xFF,0xFF,0x07,0x80,0x01,0x00,0x00,0x06,0x80,0x01,0x00,0x00,0x06,0x80,0x01,0x00,0x00,0x06,0x80,0x01,0x00,0x00,0x06,0x80,0x01,0x00,0x00,0x06,0x80,0x01,0x00,0x00,0x06,0x80,0x01,0x00,0x00,0x06,0x80,0x01,0x00,0x00,0x06,0x80,0x01,0x00,0x00,0x06,0x80,0x01,0x00,0x00,0x06,0x80,0x01,0x00,0x00,0x06,0x80,0x01,0x00,0x00,0x06,0x80,0xFF,0xFF,0xFF,0x07,0x80,0xFF,0xFF,0xFF,0x07,    // 134
    0x00,0x00,0x00,0x00,0x00,0x00,0x00,0x00,0x00,0x00,0x80,0xFF,0xFF,0xFF,0x07,0x80,0xFF,0xFF,0xFF,0x07,0x80,0x01,0x00,0x00,0x06,0x80,0x01,0x00,0x00,0x06,0x80,0x01,0x00,0x00,0x06,0x80,0x01,0x00,0x00,0x06,0x80,0x01,0x00,0x00,0x06,0x80,0x01,0x00,0x00,0x06,0x80,0x01,0x00,0x00,0x06,0x80,0x01,0x00,0x00,0x06,0x80,0x01,0x00,0x00,0x06,0x80,0x01,0x00,0x00,0x06,0x80,0x01,0x00,0x00,0x06,0x80,0x01,0x00,0x00,0x06,0x80,0xFF,0xFF,0xFF,0x07,0x80,0xFF,0xFF,0xFF,0x07,    // 135
    0x00,0x00,0x00,0x00,0x00,0x00,0x00,0x00,0x00,0x00,0x80,0xFF,0xFF,0xFF,0x07,0x80,0xFF,0xFF,0xFF,0x07,0x80,0x01,0x00,0x00,0x06,0x80,0x01,0x00,0x00,0x06,0x80,0x01,0x00,0x00,0x06,0x80,0x01,0x00,0x00,0x06,0x80,0x01,0x00,0x00,0x06,0x80,0x01,0x00,0x00,0x06,0x80,0x01,0x00,0x00,0x06,0x80,0x01,0x00,0x00,0x06,0x80,0x01,0x00,0x00,0x06,0x80,0x01,0x00,0x00,0x06,0x80,0x01,0x00,0x00,0x06,0x80,0x01,0x00,0x00,0x06,0x80,0xFF,0xFF,0xFF,0x07,0x80,0xFF,0xFF,0xFF,0x07,    // 136
    0x00,0x00,0x00,0x00,0x00,0x00,0x00,0x00,0x00,0x00,0x80,0xFF,0xFF,0xFF,0x07,0x80,0xFF,0xFF,0xFF,0x07,0x80,0x01,0x00,0x00,0x06,0x80,0x01,0x00,0x00,0x06,0x80,0x01,0x00,0x00,0x06,0x80,0x01,0x00,0x00,0x06,0x80,0x01,0x00,0x00,0x06,0x80,0x01,0x00,0x00,0x06,0x80,0x01,0x00,0x00,0x06,0x80,0x01,0x00,0x00,0x06,0x80,0x01,0x00,0x00,0x06,0x80,0x01,0x00,0x00,0x06,0x80,0x01,0x00,0x00,0x06,0x80,0x01,0x00,0x00,0x06,0x80,0xFF,0xFF,0xFF,0x07,0x80,0xFF,0xFF,0xFF,0x07,    // 137
    0x00,0x00,0x00,0x00,0x00,0x00,0x00,0x00,0x00,0x00,0x80,0xFF,0xFF,0xFF,0x07,0x80,0xFF,0xFF,0xFF,0x07,0x80,0x01,0x00,0x00,0x06,0x80,0x01,0x00,0x00,0x06,0x80,0x01,0x00,0x00,0x06,0x80,0x01,0x00,0x00,0x06,0x80,0x01,0x00,0x00,0x06,0x80,0x01,0x00,0x00,0x06,0x80,0x01,0x00,0x00,0x06,0x80,0x01,0x00,0x00,0x06,0x80,0x01,0x00,0x00,0x06,0x80,0x01,0x00,0x00,0x06,0x80,0x01,0x00,0x00,0x06,0x80,0x01,0x00,0x00,0x06,0x80,0xFF,0xFF,0xFF,0x07,0x80,0xFF,0xFF,0xFF,0x07,    // 138
    0x00,0x00,0x00,0x00,0x00,0x00,0x00,0x00,0x00,0x00,0x80,0xFF,0xFF,0xFF,0x07,0x80,0xFF,0xFF,0xFF,0x07,0x80,0x01,0x00,0x00,0x06,0x80,0x01,0x00,0x00,0x06,0x80,0x01,0x00,0x00,0x06,0x80,0x01,0x00,0x00,0x06,0x80,0x01,0x00,0x00,0x06,0x80,0x01,0x00,0x00,0x06,0x80,0x01,0x00,0x00,0x06,0x80,0x01,0x00,0x00,0x06,0x80,0x01,0x00,0x00,0x06,0x80,0x01,0x00,0x00,0x06,0x80,0x01,0x00,0x00,0x06,0x80,0x01,0x00,0x00,0x06,0x80,0xFF,0xFF,0xFF,0x07,0x80,0xFF,0xFF,0xFF,0x07,    // 139
    0x00,0x00,0x00,0x00,0x00,0x00,0x00,0x00,0x00,0x00,0x80,0xFF,0xFF,0xFF,0x07,0x80,0xFF,0xFF,0xFF,0x07,0x80,0x01,0x00,0x00,0x06,0x80,0x01,0x00,0x00,0x06,0x80,0x01,0x00,0x00,0x06,0x80,0x01,0x00,0x00,0x06,0x80,0x01,0x00,0x00,0x06,0x80,0x01,0x00,0x00,0x06,0x80,0x01,0x00,0x00,0x06,0x80,0x01,0x00,0x00,0x06,0x80,0x01,0x00,0x00,0x06,0x80,0x01,0x00,0x00,0x06,0x80,0x01,0x00,0x00,0x06,0x80,0x01,0x00,0x00,0x06,0x80,0xFF,0xFF,0xFF,0x07,0x80,0xFF,0xFF,0xFF,0x07,    // 140
    0x00,0x00,0x00,0x00,0x00,0x00,0x00,0x00,0x00,0x00,0x80,0xFF,0xFF,0xFF,0x07,0x80,0xFF,0xFF,0xFF,0x07,0x80,0x01,0x00,0x00,0x06,0x80,0x01,0x00,0x00,0x06,0x80,0x01,0x00,0x00,0x06,0x80,0x01,0x00,0x00,0x06,0x80,0x01,0x00,0x00,0x06,0x80,0x01,0x00,0x00,0x06,0x80,0x01,0x00,0x00,0x06,0x80,0x01,0x00,0x00,0x06,0x80,0x01,0x00,0x00,0x06,0x80,0x01,0x00,0x00,0x06,0x80,0x01,0x00,0x00,0x06,0x80,0x01,0x00,0x00,0x06,0x80,0xFF,0xFF,0xFF,0x07,0x80,0xFF,0xFF,0xFF,0x07,    // 141
    0x00,0x00,0x00,0x00,0x00,0x00,0x00,0x00,0x00,0x00,0x80,0xFF,0xFF,0xFF,0x07,0x80,0xFF,0xFF,0xFF,0x07,0x80,0x01,0x00,0x00,0x06,0x80,0x01,0x00,0x00,0x06,0x80,0x01,0x00,0x00,0x06,0x80,0x01,0x00,0x00,0x06,0x80,0x01,0x00,0x00,0x06,0x80,0x01,0x00,0x00,0x06,0x80,0x01,0x00,0x00,0x06,0x80,0x01,0x00,0x00,0x06,0x80,0x01,0x00,0x00,0x06,0x80,0x01,0x00,0x00,0x06,0x80,0x01,0x00,0x00,0x06,0x80,0x01,0x00,0x00,0x06,0x80,0xFF,0xFF,0xFF,0x07,0x80,0xFF,0xFF,0xFF,0x07,    // 142
    0x00,0x00,0x00,0x00,0x00,0x00,0x00,0x00,0x00,0x00,0x80,0xFF,0xFF,0xFF,0x07,0x80,0xFF,0xFF,0xFF,0x07,0x80,0x01,0x00,0x00,0x06,0x80,0x01,0x00,0x00,0x06,0x80,0x01,0x00,0x00,0x06,0x80,0x01,0x00,0x00,0x06,0x80,0x01,0x00,0x00,0x06,0x80,0x01,0x00,0x00,0x06,0x80,0x01,0x00,0x00,0x06,0x80,0x01,0x00,0x00,0x06,0x80,0x01,0x00,0x00,0x06,0x80,0x01,0x00,0x00,0x06,0x80,0x01,0x00,0x00,0x06,0x80,0x01,0x00,0x00,0x06,0x80,0xFF,0xFF,0xFF,0x07,0x80,0xFF,0xFF,0xFF,0x07,    // 143
    0x00,0x00,0x00,0x00,0x00,0x00,0x00,0x00,0x00,0x00,0x80,0xFF,0xFF,0xFF,0x07,0x80,0xFF,0xFF,0xFF,0x07,0x80,0x01,0x00,0x00,0x06,0x80,0x01,0x00,0x00,0x06,0x80,0x01,0x00,0x00,0x06,0x80,0x01,0x00,0x00,0x06,0x80,0x01,0x00,0x00,0x06,0x80,0x01,0x00,0x00,0x06,0x80,0x01,0x00,0x00,0x06,0x80,0x01,0x00,0x00,0x06,0x80,0x01,0x00,0x00,0x06,0x80,0x01,0x00,0x00,0x06,0x80,0x01,0x00,0x00,0x06,0x80,0x01,0x00,0x00,0x06,0x80,0xFF,0xFF,0xFF,0x07,0x80,0xFF,0xFF,0xFF,0x07,    // 144
    0x00,0x00,0x00,0x00,0x00,0x00,0x00,0x00,0x00,0x00,0x80,0xFF,0xFF,0xFF,0x07,0x80,0xFF,0xFF,0xFF,0x07,0x80,0x01,0x00,0x00,0x06,0x80,0x01,0x00,0x00,0x06,0x80,0x01,0x00,0x00,0x06,0x80,0x01,0x00,0x00,0x06,0x80,0x01,0x00,0x00,0x06,0x80,0x01,0x00,0x00,0x06,0x80,0x01,0x00,0x00,0x06,0x80,0x01,0x00,0x00,0x06,0x80,0x01,0x00,0x00,0x06,0x80,0x01,0x00,0x00,0x06,0x80,0x01,0x00,0x00,0x06,0x80,0x01,0x00,0x00,0x06,0x80,0xFF,0xFF,0xFF,0x07,0x80,0xFF,0xFF,0xFF,0x07,    // 145
    0x00,0x00,0x00,0x00,0x00,0x00,0x00,0x00,0x00,0x00,0x80,0xFF,0xFF,0xFF,0x07,0x80,0xFF,0xFF,0xFF,0x07,0x80,0x01,0x00,0x00,0x06,0x80,0x01,0x00,0x00,0x06,0x80,0x01,0x00,0x00,0x06,0x80,0x01,0x00,0x00,0x06,0x80,0x01,0x00,0x00,0x06,0x80,0x01,0x00,0x00,0x06,0x80,0x01,0x00,0x00,0x06,0x80,0x01,0x00,0x00,0x06,0x80,0x01,0x00,0x00,0x06,0x80,0x01,0x00,0x00,0x06,0x80,0x01,0x00,0x00,0x06,0x80,0x01,0x00,0x00,0x06,0x80,0xFF,0xFF,0xFF,0x07,0x80,0xFF,0xFF,0xFF,0x07,    // 146
    0x00,0x00,0x00,0x00,0x00,0x00,0x00,0x00,0x00,0x00,0x80,0xFF,0xFF,0xFF,0x07,0x80,0xFF,0xFF,0xFF,0x07,0x80,0x01,0x00,0x00,0x06,0x80,0x01,0x00,0x00,0x06,0x80,0x01,0x00,0x00,0x06,0x80,0x01,0x00,0x00,0x06,0x80,0x01,0x00,0x00,0x06,0x80,0x01,0x00,0x00,0x06,0x80,0x01,0x00,0x00,0x06,0x80,0x01,0x00,0x00,0x06,0x80,0x01,0x00,0x00,0x06,0x80,0x01,0x00,0x00,0x06,0x80,0x01,0x00,0x00,0x06,0x80,0x01,0x00,0x00,0x06,0x80,0xFF,0xFF,0xFF,0x07,0x80,0xFF,0xFF,0xFF,0x07,    // 147
    0x00,0x00,0x00,0x00,0x00,0x00,0x00,0x00,0x00,0x00,0x80,0xFF,0xFF,0xFF,0x07,0x80,0xFF,0xFF,0xFF,0x07,0x80,0x01,0x00,0x00,0x06,0x80,0x01,0x00,0x00,0x06,0x80,0x01,0x00,0x00,0x06,0x80,0x01,0x00,0x00,0x06,0x80,0x01,0x00,0x00,0x06,0x80,0x01,0x00,0x00,0x06,0x80,0x01,0x00,0x00,0x06,0x80,0x01,0x00,0x00,0x06,0x80,0x01,0x00,0x00,0x06,0x80,0x01,0x00,0x00,0x06,0x80,0x01,0x00,0x00,0x06,0x80,0x01,0x00,0x00,0x06,0x80,0xFF,0xFF,0xFF,0x07,0x80,0xFF,0xFF,0xFF,0x07,    // 148
    0x00,0x00,0x00,0x00,0x00,0x00,0x00,0x00,0x00,0x00,0x80,0xFF,0xFF,0xFF,0x07,0x80,0xFF,0xFF,0xFF,0x07,0x80,0x01,0x00,0x00,0x06,0x80,0x01,0x00,0x00,0x06,0x80,0x01,0x00,0x00,0x06,0x80,0x01,0x00,0x00,0x06,0x80,0x01,0x00,0x00,0x06,0x80,0x01,0x00,0x00,0x06,0x80,0x01,0x00,0x00,0x06,0x80,0x01,0x00,0x00,0x06,0x80,0x01,0x00,0x00,0x06,0x80,0x01,0x00,0x00,0x06,0x80,0x01,0x00,0x00,0x06,0x80,0x01,0x00,0x00,0x06,0x80,0xFF,0xFF,0xFF,0x07,0x80,0xFF,0xFF,0xFF,0x07,    // 149
    0x00,0x00,0x00,0x00,0x00,0x00,0x00,0x00,0x00,0x00,0x80,0xFF,0xFF,0xFF,0x07,0x80,0xFF,0xFF,0xFF,0x07,0x80,0x01,0x00,0x00,0x06,0x80,0x01,0x00,0x00,0x06,0x80,0x01,0x00,0x00,0x06,0x80,0x01,0x00,0x00,0x06,0x80,0x01,0x00,0x00,0x06,0x80,0x01,0x00,0x00,0x06,0x80,0x01,0x00,0x00,0x06,0x80,0x01,0x00,0x00,0x06,0x80,0x01,0x00,0x00,0x06,0x80,0x01,0x00,0x00,0x06,0x80,0x01,0x00,0x00,0x06,0x80,0x01,0x00,0x00,0x06,0x80,0xFF,0xFF,0xFF,0x07,0x80,0xFF,0xFF,0xFF,0x07,    // 150
    0x00,0x00,0x00,0x00,0x00,0x00,0x00,0x00,0x00,0x00,0x80,0xFF,0xFF,0xFF,0x07,0x80,0xFF,0xFF,0xFF,0x07,0x80,0x01,0x00,0x00,0x06,0x80,0x01,0x00,0x00,0x06,0x80,0x01,0x00,0x00,0x06,0x80,0x01,0x00,0x00,0x06,0x80,0x01,0x00,0x00,0x06,0x80,0x01,0x00,0x00,0x06,0x80,0x01,0x00,0x00,0x06,0x80,0x01,0x00,0x00,0x06,0x80,0x01,0x00,0x00,0x06,0x80,0x01,0x00,0x00,0x06,0x80,0x01,0x00,0x00,0x06,0x80,0x01,0x00,0x00,0x06,0x80,0xFF,0xFF,0xFF,0x07,0x80,0xFF,0xFF,0xFF,0x07,    // 151
    0x00,0x00,0x00,0x00,0x00,0x00,0x00,0x00,0x00,0x00,0x80,0xFF,0xFF,0xFF,0x07,0x80,0xFF,0xFF,0xFF,0x07,0x80,0x01,0x00,0x00,0x06,0x80,0x01,0x00,0x00,0x06,0x80,0x01,0x00,0x00,0x06,0x80,0x01,0x00,0x00,0x06,0x80,0x01,0x00,0x00,0x06,0x80,0x01,0x00,0x00,0x06,0x80,0x01,0x00,0x00,0x06,0x80,0x01,0x00,0x00,0x06,0x80,0x01,0x00,0x00,0x06,0x80,0x01,0x00,0x00,0x06,0x80,0x01,0x00,0x00,0x06,0x80,0x01,0x00,0x00,0x06,0x80,0xFF,0xFF,0xFF,0x07,0x80,0xFF,0xFF,0xFF,0x07,    // 152
    0x00,0x00,0x00,0x00,0x00,0x00,0x00,0x00,0x00,0x00,0x80,0xFF,0xFF,0xFF,0x07,0x80,0xFF,0xFF,0xFF,0x07,0x80,0x01,0x00,0x00,0x06,0x80,0x01,0x00,0x00,0x06,0x80,0x01,0x00,0x00,0x06,0x80,0x01,0x00,0x00,0x06,0x80,0x01,0x00,0x00,0x06,0x80,0x01,0x00,0x00,0x06,0x80,0x01,0x00,0x00,0x06,0x80,0x01,0x00,0x00,0x06,0x80,0x01,0x00,0x00,0x06,0x80,0x01,0x00,0x00,0x06,0x80,0x01,0x00,0x00,0x06,0x80,0x01,0x00,0x00,0x06,0x80,0xFF,0xFF,0xFF,0x07,0x80,0xFF,0xFF,0xFF,0x07,    // 153
    0x00,0x00,0x00,0x00,0x00,0x00,0x00,0x00,0x00,0x00,0x80,0xFF,0xFF,0xFF,0x07,0x80,0xFF,0xFF,0xFF,0x07,0x80,0x01,0x00,0x00,0x06,0x80,0x01,0x00,0x00,0x06,0x80,0x01,0x00,0x00,0x06,0x80,0x01,0x00,0x00,0x06,0x80,0x01,0x00,0x00,0x06,0x80,0x01,0x00,0x00,0x06,0x80,0x01,0x00,0x00,0x06,0x80,0x01,0x00,0x00,0x06,0x80,0x01,0x00,0x00,0x06,0x80,0x01,0x00,0x00,0x06,0x80,0x01,0x00,0x00,0x06,0x80,0x01,0x00,0x00,0x06,0x80,0xFF,0xFF,0xFF,0x07,0x80,0xFF,0xFF,0xFF,0x07,    // 154
    0x00,0x00,0x00,0x00,0x00,0x00,0x00,0x00,0x00,0x00,0x80,0xFF,0xFF,0xFF,0x07,0x80,0xFF,0xFF,0xFF,0x07,0x80,0x01,0x00,0x00,0x06,0x80,0x01,0x00,0x00,0x06,0x80,0x01,0x00,0x00,0x06,0x80,0x01,0x00,0x00,0x06,0x80,0x01,0x00,0x00,0x06,0x80,0x01,0x00,0x00,0x06,0x80,0x01,0x00,0x00,0x06,0x80,0x01,0x00,0x00,0x06,0x80,0x01,0x00,0x00,0x06,0x80,0x01,0x00,0x00,0x06,0x80,0x01,0x00,0x00,0x06,0x80,0x01,0x00,0x00,0x06,0x80,0xFF,0xFF,0xFF,0x07,0x80,0xFF,0xFF,0xFF,0x07,    // 155
    0x00,0x00,0x00,0x00,0x00,0x00,0x00,0x00,0x00,0x00,0x80,0xFF,0xFF,0xFF,0x07,0x80,0xFF,0xFF,0xFF,0x07,0x80,0x01,0x00,0x00,0x06,0x80,0x01,0x00,0x00,0x06,0x80,0x01,0x00,0x00,0x06,0x80,0x01,0x00,0x00,0x06,0x80,0x01,0x00,0x00,0x06,0x80,0x01,0x00,0x00,0x06,0x80,0x01,0x00,0x00,0x06,0x80,0x01,0x00,0x00,0x06,0x80,0x01,0x00,0x00,0x06,0x80,0x01,0x00,0x00,0x06,0x80,0x01,0x00,0x00,0x06,0x80,0x01,0x00,0x00,0x06,0x80,0xFF,0xFF,0xFF,0x07,0x80,0xFF,0xFF,0xFF,0x07,    // 156
    0x00,0x00,0x00,0x00,0x00,0x00,0x00,0x00,0x00,0x00,0x80,0xFF,0xFF,0xFF,0x07,0x80,0xFF,0xFF,0xFF,0x07,0x80,0x01,0x00,0x00,0x06,0x80,0x01,0x00,0x00,0x06,0x80,0x01,0x00,0x00,0x06,0x80,0x01,0x00,0x00,0x06,0x80,0x01,0x00,0x00,0x06,0x80,0x01,0x00,0x00,0x06,0x80,0x01,0x00,0x00,0x06,0x80,0x01,0x00,0x00,0x06,0x80,0x01,0x00,0x00,0x06,0x80,0x01,0x00,0x00,0x06,0x80,0x01,0x00,0x00,0x06,0x80,0x01,0x00,0x00,0x06,0x80,0xFF,0xFF,0xFF,0x07,0x80,0xFF,0xFF,0xFF,0x07,    // 157
    0x00,0x00,0x00,0x00,0x00,0x00,0x00,0x00,0x00,0x00,0x80,0xFF,0xFF,0xFF,0x07,0x80,0xFF,0xFF,0xFF,0x07,0x80,0x01,0x00,0x00,0x06,0x80,0x01,0x00,0x00,0x06,0x80,0x01,0x00,0x00,0x06,0x80,0x01,0x00,0x00,0x06,0x80,0x01,0x00,0x00,0x06,0x80,0x01,0x00,0x00,0x06,0x80,0x01,0x00,0x00,0x06,0x80,0x01,0x00,0x00,0x06,0x80,0x01,0x00,0x00,0x06,0x80,0x01,0x00,0x00,0x06,0x80,0x01,0x00,0x00,0x06,0x80,0x01,0x00,0x00,0x06,0x80,0xFF,0xFF,0xFF,0x07,0x80,0xFF,0xFF,0xFF,0x07,    // 158
    0x00,0x00,0x00,0x00,0x00,0x00,0x00,0x00,0x00,0x00,0x80,0xFF,0xFF,0xFF,0x07,0x80,0xFF,0xFF,0xFF,0x07,0x80,0x01,0x00,0x00,0x06,0x80,0x01,0x00,0x00,0x06,0x80,0x01,0x00,0x00,0x06,0x80,0x01,0x00,0x00,0x06,0x80,0x01,0x00,0x00,0x06,0x80,0x01,0x00,0x00,0x06,0x80,0x01,0x00,0x00,0x06,0x80,0x01,0x00,0x00,0x06,0x80,0x01,0x00,0x00,0x06,0x80,0x01,0x00,0x00,0x06,0x80,0x01,0x00,0x00,0x06,0x80,0x01,0x00,0x00,0x06,0x80,0xFF,0xFF,0xFF,0x07,0x80,0xFF,0xFF,0xFF,0x07,    // 159
    0x00,0x00,0x00,0x00,0x00,0x00,0x00,0x00,0x00,0x00,0x00,0x00,0x00,0x00,0x00,0x00,0x00,0x00,0x00,0x00,0x00,0x00,0x00,0x00,0x00,0x00,0x00,0x00,0x00,0x00,0x00,0x00,0x00,0x00,0x00,0x00,0x00,0x00,0x00,0x00,0x00,0xF0,0xF8,0xFF,0x07,0x00,0xF0,0xF8,0xFF,0x07,0x00,0xF0,0xF8,0xFF,0x07,0x00,0xF0,0xF8,0xFF,0x07,    // 161
    0x00,0x00,0x00,0x00,0x00,0x00,0x00,0x00,0x00,0x00,0x00,0x00,0xFC,0x00,0x00,0x00,0x80,0xFF,0x03,0x00,0x00,0xC0,0xFF,0x0F,0x00,0x00,0xE0,0xFF,0x0F,0x00,0x00,0xE0,0xFF,0x1F,0x00,0x00,0xF0,0x03,0x1F,0x00,0x00,0xF0,0x01,0x3E,0x00,0x00,0xF0,0x00,0x3C,0x00,0x00,0xFF,0xFF,0xFF,0x07,0x00,0xFF,0xFF,0xFF,0x07,0x00,0xF0,0x00,0x3C,0x00,0x00,0xF0,0x00,0x3C,0x00,0x00,0xF0,0x00,0x3C,0x00,0x00,0xE0,0x01,0x1E,    // 162
    0x00,0x00,0x00,0x00,0x00,0x00,0x00,0x00,0x00,0x00,0x00,0x00,0x00,0x3C,0x00,0x00,0x00,0x1E,0x3C,0x00,0x00,0x00,0x1E,0x3C,0x00,0x00,0x00,0x1E,0x3C,0x00,0x00,0xF8,0xFF,0x3F,0x00,0x00,0xFE,0xFF,0x3F,0x00,0x00,0xFF,0xFF,0x3F,0x00,0x00,0xFF,0xFF,0x3F,0x00,0x80,0xFF,0xFF,0x3F,0x00,0x80,0x0F,0x1E,0x3C,0x00,0x80,0x07,0x1E,0x3C,0x00,0x80,0x07,0x1E,0x3C,0x00,0x80,0x07,0x1E,0x3C,0x00,0x80,0x07,0x1E,0x3C,0x00,0x80,0x07,0x00,0x3C,0x00,0x00,0x0F,0x00,0x3C,0x00,0x00,0x00,0x00,0x3C,    // 163
    0x00,0x00,0x00,0x00,0x00,0x00,0x00,0x00,0x00,0x00,0x00,0x00,0x00,0x00,0x00,0x00,0x80,0x00,0x02,0x00,0x00,0xC0,0x01,0x07,0x00,0x00,0xE0,0xBB,0x0F,0x00,0x00,0xC0,0xFF,0x07,0x00,0x00,0x80,0xFF,0x03,0x00,0x00,0x00,0xC7,0x01,0x00,0x00,0x80,0x83,0x03,0x00,0x00,0x80,0x83,0x03,0x00,0x00,0x80,0x83,0x03,0x00,0x00,0x00,0xC7,0x01,0x00,0x00,0x80,0xFF,0x03,0x00,0x00,0xC0,0xFF,0x07,0x00,0x00,0xE0,0xBB,0x0F,0x00,0x00,0xC0,0x01,0x07,0x00,0x00,0x80,0x00,0x02,    // 164
    0x80,0x00,0x00,0x00,0x00,0x80,0x83,0x73,0x00,0x00,0x80,0x8F,0x73,0x00,0x00,0x80,0xBF,0x73,0x00,0x00,0x80,0xFF,0x73,0x00,0x00,0x00,0xFF,0x73,0x00,0x00,0x00,0xFC,0x77,0x00,0x00,0x00,0xF0,0xFF,0x3F,0x00,0x00,0xC0,0xFF,0x3F,0x00,0x00,0x00,0xFF,0x3F,0x00,0x00,0xC0,0xFF,0x3F,0x00,0x00,0xF0,0xFF,0x3F,0x00,0x00,0xFC,0x77,0x00,0x00,0x00,0xFF,0x73,0x00,0x00,0x80,0xFF,0x73,0x00,0x00,0x80,0xBF,0x73,0x00,0x00,0x80,0x8F,0x73,0x00,0x00,0x80,0x83,0x73,0x00,0x00,0x80,    // 165
    0x00,0x00,0x00,0x00,0x00,0x00,0x00,0x00,0x00,0x00,0x00,0x00,0x00,0x00,0x00,0x00,0x00,0x00,0x00,0x00,0x00,0x00,0x00,0x00,0x00,0x00,0x00,0x00,0x00,0x00,0x00,0x00,0x00,0x00,0x00,0x00,0x00,0x00,0x00,0x00,0x80,0xFF,0x87,0xFF,0x07,0x80,0xFF,0x87,0xFF,0x07,0x80,0xFF,0x87,0xFF,0x07,0x80,0xFF,0x87,0xFF,0x07,    // 166
    0x00,0x00,0x00,0x00,0x00,0x00,0x00,0x00,0x00,0x00,0x00,0x00,0x00,0x00,0x00,0x00,0x00,0x1C,0x00,0x00,0x00,0x3C,0x3E,0xF0,0x00,0x00,0x7F,0x7F,0xF0,0x00,0x00,0xFF,0xFF,0xE0,0x01,0x80,0xFF,0xF3,0xE0,0x01,0x80,0xEF,0xE1,0xE1,0x01,0x80,0xC7,0xC3,0xE1,0x01,0x80,0x87,0xC3,0xE3,0x01,0x80,0x87,0x87,0xF7,0x01,0x80,0x07,0xCF,0xFF,0x01,0x80,0x0F,0xFF,0xFF,0x00,0x00,0x0F,0xFE,0xFE,0x00,0x00,0x00,0x7E,0x3C,0x00,0x00,0x00,0x38,    // 167
    0x00,0x00,0x00,0x00,0x00,0x00,0x00,0x00,0x00,0x00,0x00,0x00,0x00,0x00,0x00,0x00,0x00,0x00,0x00,0x00,0x00,0x00,0x00,0x00,0x00,0xE0,0x01,0x00,0x00,0x00,0xE0,0x01,0x00,0x00,0x00,0xE0,0x01,0x00,0x00,0x00,0xE0,0x01,0x00,0x00,0x00,0x00,0x00,0x00,0x00,0x00,0x00,0x00,0x00,0x00,0x00,0xE0,0x01,0x00,0x00,0x00,0xE0,0x01,0x00,0x00,0x00,0xE0,0x01,0x00,0x00,0x00,0xE0,0x01,    // 168
    0x00,0x80,0x3F,0x00,0x00,0x00,0xE0,0xFF,0x00,0x00,0x00,0xF0,0xE0,0x01,0x00,0x00,0x38,0x80,0x03,0x00,0x00,0x1C,0x1F,0x07,0x00,0x00,0x8C,0x3F,0x06,0x00,0x00,0xCE,0x7F,0x0E,0x00,0x00,0xE6,0xE0,0x0C,0x00,0x00,0x66,0xC0,0x0C,0x00,0x00,0x66,0xC0,0x0C,0x00,0x00,0x66,0xC0,0x0C,0x00,0x00,0x66,0xC0,0x0C,0x00,0x00,0xEE,0xE0,0x0E,0x00,0x00,0x0C,0x00,0x06,0x00,0x00,0x1C,0x00,0x07,0x00,0x00,0x38,0x80,0x03,0x00,0x00,0xF0,0xE0,0x01,0x00,0x00,0xE0,0xFF,0x00,0x00,0x00,0x80,0x3F,    // 169
    0x00,0x00,0x00,0x00,0x00,0x00,0x00,0x00,0x00,0x00,0x00,0x00,0x00,0x00,0x00,0x00,0x00,0x00,0x00,0x00,0x00,0xC0,0x03,0x00,0x00,0x00,0xE7,0xC7,0x01,0x00,0x80,0xF3,0xCF,0x01,0x00,0x80,0x73,0xCE,0x01,0x00,0x80,0x33,0xCE,0x01,0x00,0x80,0x33,0xCE,0x01,0x00,0x80,0x33,0xC6,0x01,0x00,0x80,0x37,0xC7,0x01,0x00,0x00,0xFF,0xCF,0x01,0x00,0x00,0xFF,0xCF,0x01,0x00,0x00,0xFC,0xCF,0x01,    // 170
    0x00,0x00,0x00,0x00,0x00,0x00,0x00,0x00,0x00,0x00,0x00,0x00,0x18,0x00,0x00,0x00,0x00,0x3C,0x00,0x00,0x00,0x00,0x7E,0x00,0x00,0x00,0x00,0xFF,0x00,0x00,0x00,0x80,0xE7,0x01,0x00,0x00,0xC0,0xC3,0x03,0x00,0x00,0xE0,0x81,0x07,0x00,0x00,0x00,0x18,0x00,0x00,0x00,0x00,0x3C,0x00,0x00,0x00,0x00,0x7E,0x00,0x00,0x00,0x00,0xE7,0x00,0x00,0x00,0x80,0xE7,0x01,0x00,0x00,0xC0,0xC3,0x03,0x00,0x00,0xE0,0x81,0x07,    // 171
    0x00,0x00,0x00,0x00,0x00,0x00,0x00,0x0F,0x00,0x00,0x00,0x00,0x0F,0x00,0x00,0x00,0x00,0x0F,0x00,0x00,0x00,0x00,0x0F,0x00,0x00,0x00,0x00,0x0F,0x00,0x00,0x00,0x00,0x0F,0x00,0x00,0x00,0x00,0x0F,0x00,0x00,0x00,0x00,0x0F,0x00,0x00,0x00,0x00,0x0F,0x00,0x00,0x00,0x00,0x0F,0x00,0x00,0x00,0x00,0x0F,0x00,0x00,0x00,0x00,0x0F,0x00,0x00,0x00,0x00,0xFF,0x00,0x00,0x00,0x00,0xFF,0x00,0x00,0x00,0x00,0xFF,0x00,0x00,0x00,0x00,0xFF,    // 172
    0x00,0x00,0x00,0x00,0x00,0x00,0x00,0x00,0x00,0x00,0x00,0x00,0x00,0x00,0x00,0x00,0x00,0x00,0x00,0x00,0x00,0x00,0x00,0x00,0x00,0x00,0x00,0x7C,0x00,0x00,0x00,0x00,0x7C,0x00,0x00,0x00,0x00,0x7C,0x00,0x00,0x00,0x00,0x7C,0x00,0x00,0x00,0x00,0x7C,0x00,0x00,0x00,0x00,0x7C,0x00,0x00,0x00,0x00,0x7C,0x00,0x00,0x00,0x00,0x7C,0x00,0x00,0x00,0x00,0x7C,0x00,0x00,0x00,0x00,0x7C,    // 173
    0x00,0x80,0x3F,0x00,0x00,0x00,0xE0,0xFF,0x00,0x00,0x00,0xF0,0xE0,0x01,0x00,0x00,0x38,0x80,0x03,0x00,0x00,0x1C,0x00,0x07,0x00,0x00,0x0C,0x00,0x06,0x00,0x00,0xCE,0x7F,0x0E,0x00,0x00,0xC6,0x7F,0x0C,0x00,0x00,0xC6,0x7F,0x0C,0x00,0x00,0xC6,0x0C,0x0C,0x00,0x00,0xC6,0x7F,0x0C,0x00,0x00,0xC6,0x77,0x0C,0x00,0x00,0x8E,0x63,0x0E,0x00,0x00,0x0C,0x40,0x06,0x00,0x00,0x1C,0x00,0x07,0x00,0x00,0x38,0x80,0x03,0x00,0x00,0xF0,0xE0,0x01,0x00,0x00,0xE0,0xFF,0x00,0x00,0x00,0x80,0x3F,    // 174
    0x00,0x00,0x00,0x00,0x00,0x00,0x00,0x00,0x00,0x00,0x00,0x00,0x00,0x00,0x00,0x00,0x00,0x00,0x00,0x00,0x00,0x00,0x00,0x00,0x00,0xC0,0x01,0x00,0x00,0x00,0xC0,0x01,0x00,0x00,0x00,0xC0,0x01,0x00,0x00,0x00,0xC0,0x01,0x00,0x00,0x00,0xC0,0x01,0x00,0x00,0x00,0xC0,0x01,0x00,0x00,0x00,0xC0,0x01,0x00,0x00,0x00,0xC0,0x01,0x00,0x00,0x00,0xC0,0x01,0x00,0x00,0x00,0xC0,0x01,    // 175
    0x00,0x00,0x00,0x00,0x00,0x00,0x00,0x00,0x00,0x00,0x00,0x00,0x00,0x00,0x00,0x00,0x00,0x00,0x00,0x00,0x00,0x3C,0x00,0x00,0x00,0x00,0xFF,0x00,0x00,0x00,0x00,0xFF,0x00,0x00,0x00,0x80,0xE7,0x01,0x00,0x00,0x80,0xC3,0x01,0x00,0x00,0x80,0xC3,0x01,0x00,0x00,0x80,0xE7,0x01,0x00,0x00,0x00,0xFF,0x00,0x00,0x00,0x00,0xFF,0x00,0x00,0x00,0x00,0x3C,    // 176
    0x00,0x00,0x00,0x00,0x00,0x00,0x00,0x00,0x00,0x00,0x00,0x80,0x07,0x3C,0x00,0x00,0x80,0x07,0x3C,0x00,0x00,0x80,0x07,0x3C,0x00,0x00,0x80,0x07,0x3C,0x00,0x00,0x80,0x07,0x3C,0x00,0x00,0x80,0x07,0x3C,0x00,0x00,0xFE,0xFF,0x3D,0x00,0x00,0xFE,0xFF,0x3D,0x00,0x00,0xFE,0xFF,0x3D,0x00,0x00,0xFE,0xFF,0x3D,0x00,0x00,0x80,0x07,0x3C,0x00,0x00,0x80,0x07,0x3C,0x00,0x00,0x80,0x07,0x3C,0x00,0x00,0x80,0x07,0x3C,0x00,0x00,0x80,0x07,0x3C,0x00,0x00,0x80,0x07,0x3C,    // 177
    0x00,0x00,0x00,0x00,0x00,0x00,0x00,0x00,0x00,0x00,0x00,0x00,0x00,0x00,0x00,0x00,0x00,0x00,0x00,0x00,0x80,0x01,0x06,0x00,0x00,0xC0,0x00,0x07,0x00,0x00,0xC0,0x80,0x07,0x00,0x00,0xC0,0xC0,0x07,0x00,0x00,0xC0,0xE0,0x06,0x00,0x00,0xC0,0x70,0x06,0x00,0x00,0xC0,0x39,0x06,0x00,0x00,0xC0,0x1F,0x06,0x00,0x00,0x80,0x0F,0x06,0x00,0x00,0x00,0x07,0x06,    // 178
    0x00,0x00,0x00,0x00,0x00,0x00,0x00,0x00,0x00,0x00,0x00,0x00,0x00,0x00,0x00,0x00,0x00,0x00,0x00,0x00,0x80,0x01,0x03,0x00,0x00,0x80,0x01,0x06,0x00,0x00,0xC0,0x00,0x06,0x00,0x00,0xC0,0x18,0x06,0x00,0x00,0xC0,0x18,0x06,0x00,0x00,0xC0,0x18,0x06,0x00,0x00,0xC0,0x18,0x06,0x00,0x00,0xC0,0x3D,0x07,0x00,0x00,0xC0,0xFF,0x03,0x00,0x00,0x80,0xF7,0x03,0x00,0x00,0x00,0xE7,0x01,    // 179
    0x00,0x00,0x00,0x00,0x00,0x00,0x00,0x00,0x00,0x00,0x00,0x00,0x00,0x00,0x00,0x00,0x00,0x00,0x00,0x00,0x00,0x00,0x00,0x00,0x00,0x00,0x00,0x00,0x00,0x00,0x00,0x00,0x00,0x00,0x00,0x00,0x02,0x00,0x00,0x00,0x00,0x03,0x00,0x00,0x00,0x80,0x03,0x00,0x00,0x00,0xE0,0x03,0x00,0x00,0x00,0xF0,0x01,0x00,0x00,0x00,0xF0,0x00,0x00,0x00,0x00,0x70,0x00,0x00,0x00,0x00,0x30,0x00,0x00,0x00,0x00,0x10,    // 180
    0x00,0x00,0x00,0x00,0x00,0x00,0x00,0x00,0x00,0x00,0x00,0x00,0x00,0x00,0x00,0x00,0xF0,0xFF,0xFF,0x1F,0x00,0xF0,0xFF,0xFF,0x1F,0x00,0xF0,0xFF,0xFF,0x1F,0x00,0xF0,0xFF,0xFF,0x1F,0x00,0xF0,0xFF,0xFF,0x1F,0x00,0x00,0x00,0x1E,0x00,0x00,0x00,0x00,0x3C,0x00,0x00,0x00,0x00,0x3C,0x00,0x00,0x00,0x00,0x3E,0x00,0x00,0xF0,0xFF,0x1F,0x00,0x00,0xF0,0xFF,0x0F,0x00,0x00,0xF0,0xFF,0x1F,0x00,0x00,0xF0,0xFF,0x3F,0x00,0x00,0xF0,0xFF,0x3F,0x00,0x00,0x00,0x00,0x3C,0x00,0x00,0x00,0x00,0x1C,    // 181
    0x00,0x00,0x00,0x00,0x00,0x00,0xF8,0x00,0x00,0x00,0x00,0xFE,0x01,0x00,0x00,0x00,0xFF,0x03,0x00,0x00,0x00,0xFF,0x07,0x00,0x00,0x80,0xFF,0x07,0x00,0x00,0x80,0xFF,0x0F,0x00,0x00,0x80,0xFF,0x0F,0x00,0x00,0x80,0xFF,0xFF,0xFF,0x01,0x80,0xFF,0xFF,0xFF,0x01,0x80,0xFF,0xFF,0xFF,0x01,0x80,0x01,0x00,0x00,0x00,0x80,0x01,0x00,0x00,0x00,0x80,0x01,0x00,0x00,0x00,0x80,0xFF,0xFF,0xFF,0x01,0x80,0xFF,0xFF,0xFF,0x01,0x80,0xFF,0xFF,0xFF,0x01,    // 182
    0x00,0x00,0x00,0x00,0x00,0x00,0x00,0x00,0x00,0x00,0x00,0x00,0x00,0x00,0x00,0x00,0x00,0x00,0x00,0x00,0x00,0x00,0x00,0x00,0x00,0x00,0x00,0x00,0x00,0x00,0x00,0x00,0x00,0x00,0x00,0x00,0x00,0x3F,0x00,0x00,0x00,0x00,0x3F,0x00,0x00,0x00,0x00,0x3F,0x00,0x00,0x00,0x00,0x3F,0x00,0x00,0x00,0x00,0x3F,    // 183
    0x00,0x00,0x00,0x00,0x00,0x00,0x00,0x00,0x00,0x00,0x00,0x00,0x00,0x00,0x00,0x00,0x00,0x00,0x00,0x00,0x00,0x00,0x00,0x00,0x00,0x00,0x00,0x00,0x00,0x0F,0x00,0x00,0x00,0x00,0x0E,0x00,0x00,0x00,0x00,0x0E,0x00,0x00,0x00,0x00,0x0E,0x00,0x00,0x00,0x40,0x0E,0x00,0x00,0x00,0xC0,0x0F,0x00,0x00,0x00,0xC0,0x0F,0x00,0x00,0x00,0x00,0x07,    // 184
    0x00,0x00,0x00,0x00,0x00,0x00,0x00,0x00,0x00,0x00,0x00,0x00,0x00,0x00,0x00,0x00,0x00,0x00,0x00,0x00,0x00,0x00,0x06,0x00,0x00,0x80,0x01,0x06,0x00,0x00,0x80,0x01,0x06,0x00,0x00,0xC0,0x00,0x06,0x00,0x00,0xC0,0xFF,0x07,0x00,0x00,0xC0,0xFF,0x07,0x00,0x00,0xC0,0xFF,0x07,0x00,0x00,0x00,0x00,0x06,0x00,0x00,0x00,0x00,0x06,0x00,0x00,0x00,0x00,0x06,0x00,0x00,0x00,0x00,0x06,    // 185
    0x00,0x00,0x00,0x00,0x00,0x00,0x00,0x00,0x00,0x00,0x00,0x00,0x00,0x00,0x00,0x00,0x00,0x00,0x00,0x00,0x00,0xFC,0xC1,0x01,0x00,0x00,0xFE,0xC3,0x01,0x00,0x00,0xFF,0xC7,0x01,0x00,0x80,0x07,0xCF,0x01,0x00,0x80,0x03,0xCE,0x01,0x00,0x80,0x03,0xCE,0x01,0x00,0x80,0x03,0xCE,0x01,0x00,0x80,0x07,0xCF,0x01,0x00,0x00,0xFF,0xC7,0x01,0x00,0x00,0xFE,0xC3,0x01,0x00,0x00,0xFC,0xC1,0x01,    // 186
    0x00,0x00,0x00,0x00,0x00,0x00,0x00,0x00,0x00,0x00,0x00,0x00,0x00,0x00,0x00,0x00,0xE0,0x81,0x07,0x00,0x00,0xC0,0xC3,0x03,0x00,0x00,0x80,0xE7,0x01,0x00,0x00,0x00,0xE7,0x00,0x00,0x00,0x00,0x7E,0x00,0x00,0x00,0x00,0x3C,0x00,0x00,0x00,0x00,0x18,0x00,0x00,0x00,0xE0,0x81,0x07,0x00,0x00,0xC0,0xC3,0x03,0x00,0x00,0x80,0xE7,0x01,0x00,0x00,0x00,0xFF,0x00,0x00,0x00,0x00,0x7E,0x00,0x00,0x00,0x00,0x3C,0x00,0x00,0x00,0x00,0x18,    // 187
    0x00,0x80,0x01,0x00,0x00,0x60,0x80,0x31,0x00,0x00,0x60,0x80,0x31,0x00,0x00,0x30,0x80,0x39,0x00,0x00,0xF0,0xFF,0x19,0x00,0x00,0xF0,0xFF,0x19,0x00,0x00,0xF0,0xFF,0x19,0x00,0x00,0x00,0x80,0x1D,0x70,0x00,0x00,0x80,0x0D,0x78,0x00,0x00,0x80,0x0D,0x7E,0x00,0x00,0x80,0x0D,0x67,0x00,0x00,0x00,0x8E,0x63,0x00,0x00,0x00,0xE6,0x61,0x00,0x00,0x00,0xE6,0xFF,0x03,0x00,0x00,0xE6,0xFF,0x03,0x00,0x00,0xE7,0xFF,0x03,0x00,0x00,0x03,0x60,0x00,0x00,0x00,0x03,0x60,    // 188
    0x00,0x80,0x01,0x00,0x00,0x60,0x80,0x31,0x00,0x00,0x60,0x80,0x31,0x00,0x00,0x30,0x80,0x39,0x00,0x00,0xF0,0xFF,0x19,0x00,0x00,0xF0,0xFF,0x19,0x00,0x00,0xF0,0xFF,0x19,0x00,0x00,0x00,0x80,0xDD,0x00,0x03,0x00,0x80,0x6D,0x80,0x03,0x00,0x80,0x6D,0xC0,0x03,0x00,0x80,0x6D,0xE0,0x03,0x00,0x00,0x6E,0x70,0x03,0x00,0x00,0x66,0x38,0x03,0x00,0x00,0xE6,0x1C,0x03,0x00,0x00,0xE6,0x0F,0x03,0x00,0x00,0xC7,0x07,0x03,0x00,0x00,0x83,0x03,0x03,0x00,0x00,0x03,    // 189
    0x60,0xC0,0x00,0x00,0x00,0x60,0x80,0x31,0x00,0x00,0x30,0x80,0x31,0x00,0x00,0x30,0x86,0x39,0x00,0x00,0x30,0x86,0x19,0x00,0x00,0x30,0x86,0x19,0x00,0x00,0x30,0x86,0x19,0x00,0x00,0x70,0xCF,0x1D,0x70,0x00,0xF0,0xFF,0x0C,0x78,0x00,0xE0,0xFD,0x0C,0x7E,0x00,0xC0,0x79,0x0C,0x67,0x00,0x00,0x00,0x8E,0x63,0x00,0x00,0x00,0xE6,0x61,0x00,0x00,0x00,0xE6,0xFF,0x03,0x00,0x00,0xE6,0xFF,0x03,0x00,0x00,0xE7,0xFF,0x03,0x00,0x00,0x03,0x60,0x00,0x00,0x00,0x03,0x60,    // 190
    0x00,0x00,0x00,0x00,0x00,0x00,0x00,0x00,0x00,0x00,0x00,0x00,0x00,0xE0,0x03,0x00,0x00,0x00,0xF0,0x07,0x00,0x00,0x00,0xF8,0x0F,0x00,0x00,0x00,0xFC,0x0F,0x00,0x00,0x00,0xFE,0x1F,0x00,0x00,0x80,0x1F,0x1F,0x00,0xF0,0xFC,0x0F,0x1E,0x00,0xF0,0xFC,0x07,0x1E,0x00,0xF0,0xFC,0x03,0x1E,0x00,0xF0,0xFC,0x00,0x1E,0x00,0x00,0x00,0x00,0x0F,0x00,0x00,0x00,0x00,0x0F,0x00,0x00,0x00,0x80,0x07,    // 191
    0x00,0x00,0x00,0x00,0x00,0x00,0x00,0x00,0x30,0x00,0x00,0x00,0x00,0x3F,0x00,0x00,0x00,0xE0,0x3F,0x00,0x00,0x00,0xFE,0x3F,0x00,0x01,0xE0,0xFF,0x3F,0x00,0x03,0xFC,0xFF,0x03,0x00,0x87,0xFF,0xFF,0x00,0x00,0x8F,0xFF,0xF3,0x00,0x00,0x8E,0x3F,0xF0,0x00,0x00,0x8C,0x3F,0xF0,0x00,0x00,0x88,0xFF,0xF3,0x00,0x00,0x80,0xFF,0xFF,0x00,0x00,0x00,0xFC,0xFF,0x03,0x00,0x00,0xE0,0xFF,0x3F,0x00,0x00,0x00,0xFE,0x3F,0x00,0x00,0x00,0xE0,0x3F,0x00,0x00,0x00,0x00,0x3F,0x00,0x00,0x00,0x00,0x30,    // 192
    0x00,0x00,0x00,0x00,0x00,0x00,0x00,0x00,0x30,0x00,0x00,0x00,0x00,0x3F,0x00,0x00,0x00,0xE0,0x3F,0x00,0x00,0x00,0xFE,0x3F,0x00,0x00,0xE0,0xFF,0x3F,0x00,0x00,0xFC,0xFF,0x03,0x00,0x88,0xFF,0xFF,0x00,0x00,0x8C,0xFF,0xF3,0x00,0x00,0x8E,0x3F,0xF0,0x00,0x00,0x8F,0x3F,0xF0,0x00,0x00,0x87,0xFF,0xF3,0x00,0x00,0x83,0xFF,0xFF,0x00,0x00,0x01,0xFC,0xFF,0x03,0x00,0x00,0xE0,0xFF,0x3F,0x00,0x00,0x00,0xFE,0x3F,0x00,0x00,0x00,0xE0,0x3F,0x00,0x00,0x00,0x00,0x3F,0x00,0x00,0x00,0x00,0x30,    // 193
    0x00,0x00,0x00,0x00,0x00,0x00,0x00,0x00,0x30,0x00,0x00,0x00,0x00,0x3F,0x00,0x00,0x00,0xE0,0x3F,0x00,0x08,0x00,0xFE,0x3F,0x00,0x0C,0xE0,0xFF,0x3F,0x00,0x0E,0xFC,0xFF,0x03,0x00,0x87,0xFF,0xFF,0x00,0x00,0x87,0xFF,0xF3,0x00,0x00,0x83,0x3F,0xF0,0x00,0x00,0x83,0x3F,0xF0,0x00,0x00,0x87,0xFF,0xF3,0x00,0x00,0x8F,0xFF,0xFF,0x00,0x00,0x0E,0xFC,0xFF,0x03,0x00,0x0C,0xE0,0xFF,0x3F,0x00,0x08,0x00,0xFE,0x3F,0x00,0x00,0x00,0xE0,0x3F,0x00,0x00,0x00,0x00,0x3F,0x00,0x00,0x00,0x00,0x30,    // 194
    0x00,0x00,0x00,0x00,0x00,0x00,0x00,0x00,0x30,0x00,0x00,0x00,0x00,0x3F,0x00,0x00,0x00,0xE0,0x3F,0x00,0x00,0x00,0xFE,0x3F,0x00,0x0E,0xE0,0xFF,0x3F,0x00,0x0F,0xFC,0xFF,0x03,0x00,0x83,0xFF,0xFF,0x00,0x00,0x83,0xFF,0xF3,0x00,0x00,0x87,0x3F,0xF0,0x00,0x00,0x8F,0x3F,0xF0,0x00,0x00,0x8E,0xFF,0xF3,0x00,0x00,0x8E,0xFF,0xFF,0x00,0x00,0x0F,0xFC,0xFF,0x03,0x00,0x03,0xE0,0xFF,0x3F,0x00,0x00,0x00,0xFE,0x3F,0x00,0x00,0x00,0xE0,0x3F,0x00,0x00,0x00,0x00,0x3F,0x00,0x00,0x00,0x00,0x30,    // 195
    0x00,0x00,0x00,0x00,0x00,0x00,0x00,0x00,0x30,0x00,0x00,0x00,0x00,0x3F,0x00,0x00,0x00,0xE0,0x3F,0x00,0x00,0x00,0xFE,0x3F,0x00,0x0F,0xE0,0xFF,0x3F,0x00,0x0F,0xFC,0xFF,0x03,0x00,0x8F,0xFF,0xFF,0x00,0x00,0x8F,0xFF,0xF3,0x00,0x00,0x80,0x3F,0xF0,0x00,0x00,0x80,0x3F,0xF0,0x00,0x00,0x8F,0xFF,0xF3,0x00,0x00,0x8F,0xFF,0xFF,0x00,0x00,0x0F,0xFC,0xFF,0x03,0x00,0x0F,0xE0,0xFF,0x3F,0x00,0x00,0x00,0xFE,0x3F,0x00,0x00,0x00,0xE0,0x3F,0x00,0x00,0x00,0x00,0x3F,0x00,0x00,0x00,0x00,0x30,    // 196
    0x00,0x00,0x00,0x00,0x00,0x00,0x00,0x00,0x30,0x00,0x00,0x00,0x00,0x3E,0x00,0x00,0x00,0xE0,0x3F,0x00,0x00,0x00,0xFE,0x3F,0x00,0x00,0xC0,0xFF,0x3F,0x00,0x7C,0xFC,0xFF,0x03,0x00,0xFE,0xFF,0xFF,0x00,0x00,0xC7,0xFF,0xF3,0x00,0x00,0x83,0x3F,0xF0,0x00,0x00,0x83,0x3F,0xF0,0x00,0x00,0xC7,0xFF,0xF3,0x00,0x00,0xFE,0xFF,0xFF,0x00,0x00,0x7C,0xFC,0xFF,0x03,0x00,0x00,0xC0,0xFF,0x3F,0x00,0x00,0x00,0xFE,0x3F,0x00,0x00,0x00,0xE0,0x3F,0x00,0x00,0x00,0x00,0x3E,0x00,0x00,0x00,0x00,0x30,    // 197
    0x00,0x00,0x00,0x30,0x00,0x00,0x00,0x80,0x3F,0x00,0x00,0x00,0xF8,0x3F,0x00,0x00,0x80,0xFF,0x3F,0x00,0x00,0xFC,0xFF,0x07,0x00,0x80,0xFF,0xFF,0x00,0x00,0x80,0xFF,0xF7,0x00,0x00,0x80,0x3F,0xF0,0x00,0x00,0x80,0x07,0xF0,0x00,0x00,0x80,0xFF,0xFF,0x3F,0x00,0x80,0xFF,0xFF,0x3F,0x00,0x80,0xFF,0xFF,0x3F,0x00,0x80,0xFF,0xFF,0x3F,0x00,0x80,0x07,0x0F,0x3C,0x00,0x80,0x07,0x0F,0x3C,0x00,0x80,0x07,0x0F,0x3C,0x00,0x80,0x07,0x0F,0x3C,0x00,0x80,0x07,0x00,0x3C,    // 198
    0x00,0x00,0x00,0x00,0x00,0x00,0x00,0x00,0x00,0x00,0x00,0xC0,0x7F,0x00,0x00,0x00,0xF8,0xFF,0x03,0x00,0x00,0xFC,0xFF,0x07,0x00,0x00,0xFE,0xFF,0x0F,0x00,0x00,0xFF,0xFF,0x1F,0x00,0x00,0x7F,0xC0,0x1F,0x0F,0x80,0x1F,0x00,0x3F,0x0E,0x80,0x0F,0x00,0x3E,0x0E,0x80,0x07,0x00,0x3C,0x0E,0x80,0x07,0x00,0x7C,0x0E,0x80,0x07,0x00,0xFC,0x0F,0x80,0x07,0x00,0xFC,0x0F,0x80,0x07,0x00,0x3C,0x07,0x80,0x0F,0x00,0x3E,0x00,0x00,0x1F,0x00,0x1F,    // 199
    0x00,0x00,0x00,0x00,0x00,0x00,0x00,0x00,0x00,0x00,0x00,0x00,0x00,0x00,0x00,0x80,0xFF,0xFF,0x3F,0x00,0x80,0xFF,0xFF,0x3F,0x00,0x81,0xFF,0xFF,0x3F,0x00,0x83,0xFF,0xFF,0x3F,0x00,0x87,0xFF,0xFF,0x3F,0x00,0x8F,0x07,0x0F,0x3C,0x00,0x8E,0x07,0x0F,0x3C,0x00,0x8C,0x07,0x0F,0x3C,0x00,0x88,0x07,0x0F,0x3C,0x00,0x80,0x07,0x0F,0x3C,0x00,0x80,0x07,0x0F,0x3C,0x00,0x80,0x07,0x0F,0x3C,0x00,0x80,0x07,0x0F,0x3C,0x00,0x80,0x07,0x0F,0x3C,0x00,0x80,0x07,0x00,0x3C,    // 200
    0x00,0x00,0x00,0x00,0x00,0x00,0x00,0x00,0x00,0x00,0x00,0x00,0x00,0x00,0x00,0x80,0xFF,0xFF,0x3F,0x00,0x80,0xFF,0xFF,0x3F,0x00,0x80,0xFF,0xFF,0x3F,0x00,0x80,0xFF,0xFF,0x3F,0x00,0x88,0xFF,0xFF,0x3F,0x00,0x8C,0x07,0x0F,0x3C,0x00,0x8E,0x07,0x0F,0x3C,0x00,0x8F,0x07,0x0F,0x3C,0x00,0x87,0x07,0x0F,0x3C,0x00,0x83,0x07,0x0F,0x3C,0x00,0x81,0x07,0x0F,0x3C,0x00,0x80,0x07,0x0F,0x3C,0x00,0x80,0x07,0x0F,0x3C,0x00,0x80,0x07,0x0F,0x3C,0x00,0x80,0x07,0x00,0x3C,    // 201
    0x00,0x00,0x00,0x00,0x00,0x00,0x00,0x00,0x00,0x00,0x00,0x00,0x00,0x00,0x00,0x80,0xFF,0xFF,0x3F,0x00,0x88,0xFF,0xFF,0x3F,0x00,0x8C,0xFF,0xFF,0x3F,0x00,0x8E,0xFF,0xFF,0x3F,0x00,0x87,0xFF,0xFF,0x3F,0x00,0x87,0x07,0x0F,0x3C,0x00,0x83,0x07,0x0F,0x3C,0x00,0x83,0x07,0x0F,0x3C,0x00,0x87,0x07,0x0F,0x3C,0x00,0x8F,0x07,0x0F,0x3C,0x00,0x8E,0x07,0x0F,0x3C,0x00,0x8C,0x07,0x0F,0x3C,0x00,0x88,0x07,0x0F,0x3C,0x00,0x80,0x07,0x0F,0x3C,0x00,0x80,0x07,0x00,0x3C,    // 202
    0x00,0x00,0x00,0x00,0x00,0x00,0x00,0x00,0x00,0x00,0x00,0x00,0x00,0x00,0x00,0x80,0xFF,0xFF,0x3F,0x00,0x80,0xFF,0xFF,0x3F,0x00,0x8F,0xFF,0xFF,0x3F,0x00,0x8F,0xFF,0xFF,0x3F,0x00,0x8F,0xFF,0xFF,0x3F,0x00,0x8F,0x07,0x0F,0x3C,0x00,0x80,0x07,0x0F,0x3C,0x00,0x80,0x07,0x0F,0x3C,0x00,0x8F,0x07,0x0F,0x3C,0x00,0x8F,0x07,0x0F,0x3C,0x00,0x8F,0x07,0x0F,0x3C,0x00,0x8F,0x07,0x0F,0x3C,0x00,0x80,0x07,0x0F,0x3C,0x00,0x80,0x07,0x0F,0x3C,0x00,0x80,0x07,0x00,0x3C,    // 203
    0x00,0x00,0x00,0x00,0x00,0x00,0x00,0x00,0x00,0x00,0x80,0x07,0x00,0x3C,0x00,0x80,0x07,0x00,0x3C,0x00,0x80,0x07,0x00,0x3C,0x00,0x81,0x07,0x00,0x3C,0x00,0x83,0x07,0x00,0x3C,0x00,0x87,0xFF,0xFF,0x3F,0x00,0x8F,0xFF,0xFF,0x3F,0x00,0x8E,0xFF,0xFF,0x3F,0x00,0x8C,0xFF,0xFF,0x3F,0x00,0x88,0xFF,0xFF,0x3F,0x00,0x80,0x07,0x00,0x3C,0x00,0x80,0x07,0x00,0x3C,0x00,0x80,0x07,0x00,0x3C,0x00,0x80,0x07,0x00,0x3C,0x00,0x80,0x07,0x00,0x3C,    // 204
    0x00,0x00,0x00,0x00,0x00,0x00,0x00,0x00,0x00,0x00,0x80,0x07,0x00,0x3C,0x00,0x80,0x07,0x00,0x3C,0x00,0x80,0x07,0x00,0x3C,0x00,0x80,0x07,0x00,0x3C,0x00,0x80,0x07,0x00,0x3C,0x00,0x88,0xFF,0xFF,0x3F,0x00,0x8C,0xFF,0xFF,0x3F,0x00,0x8E,0xFF,0xFF,0x3F,0x00,0x8F,0xFF,0xFF,0x3F,0x00,0x87,0xFF,0xFF,0x3F,0x00,0x83,0x07,0x00,0x3C,0x00,0x81,0x07,0x00,0x3C,0x00,0x80,0x07,0x00,0x3C,0x00,0x80,0x07,0x00,0x3C,0x00,0x80,0x07,0x00,0x3C,    // 205
    0x00,0x00,0x00,0x00,0x00,0x00,0x00,0x00,0x00,0x00,0x80,0x07,0x00,0x3C,0x00,0x80,0x07,0x00,0x3C,0x00,0x88,0x07,0x00,0x3C,0x00,0x8C,0x07,0x00,0x3C,0x00,0x8E,0x07,0x00,0x3C,0x00,0x87,0xFF,0xFF,0x3F,0x00,0x83,0xFF,0xFF,0x3F,0x00,0x83,0xFF,0xFF,0x3F,0x00,0x83,0xFF,0xFF,0x3F,0x00,0x87,0xFF,0xFF,0x3F,0x00,0x8E,0x07,0x00,0x3C,0x00,0x8C,0x07,0x00,0x3C,0x00,0x88,0x07,0x00,0x3C,0x00,0x80,0x07,0x00,0x3C,0x00,0x80,0x07,0x00,0x3C,    // 206
    0x00,0x00,0x00,0x00,0x00,0x00,0x00,0x00,0x00,0x00,0x80,0x07,0x00,0x3C,0x00,0x80,0x07,0x00,0x3C,0x00,0x80,0x07,0x00,0x3C,0x00,0x8F,0x07,0x00,0x3C,0x00,0x8F,0x07,0x00,0x3C,0x00,0x8F,0xFF,0xFF,0x3F,0x00,0x8F,0xFF,0xFF,0x3F,0x00,0x80,0xFF,0xFF,0x3F,0x00,0x8F,0xFF,0xFF,0x3F,0x00,0x8F,0xFF,0xFF,0x3F,0x00,0x8F,0x07,0x00,0x3C,0x00,0x8F,0x07,0x00,0x3C,0x00,0x80,0x07,0x00,0x3C,0x00,0x80,0x07,0x00,0x3C,0x00,0x80,0x07,0x00,0x3C,    // 207
    0x00,0x00,0x0F,0x00,0x00,0x00,0x00,0x0F,0x00,0x00,0x80,0xFF,0xFF,0x3F,0x00,0x80,0xFF,0xFF,0x3F,0x00,0x80,0xFF,0xFF,0x3F,0x00,0x80,0xFF,0xFF,0x3F,0x00,0x80,0xFF,0xFF,0x3F,0x00,0x80,0x07,0x0F,0x3C,0x00,0x80,0x07,0x0F,0x3C,0x00,0x80,0x07,0x0F,0x3C,0x00,0x80,0x07,0x00,0x3C,0x00,0x80,0x0F,0x00,0x3E,0x00,0x00,0x3F,0x80,0x1F,0x00,0x00,0xFF,0xFF,0x1F,0x00,0x00,0xFE,0xFF,0x0F,0x00,0x00,0xFC,0xFF,0x07,0x00,0x00,0xF8,0xFF,0x03,0x00,0x00,0xC0,0x7F,    // 208
    0x00,0x00,0x00,0x00,0x00,0x00,0x00,0x00,0x00,0x00,0x80,0xFF,0xFF,0x3F,0x00,0x80,0xFF,0xFF,0x3F,0x00,0x80,0xFF,0xFF,0x3F,0x00,0x8E,0xFF,0xFF,0x3F,0x00,0x8F,0xFF,0xFF,0x3F,0x00,0x83,0x7F,0x00,0x00,0x00,0x03,0xFE,0x03,0x00,0x00,0x07,0xF0,0x3F,0x00,0x00,0x0F,0x80,0xFF,0x01,0x00,0x0E,0x00,0xFC,0x0F,0x00,0x0E,0x00,0xC0,0x3F,0x00,0x8F,0xFF,0xFF,0x3F,0x00,0x83,0xFF,0xFF,0x3F,0x00,0x80,0xFF,0xFF,0x3F,0x00,0x80,0xFF,0xFF,0x3F,0x00,0x80,0xFF,0xFF,0x3F,    // 209
    0x00,0x00,0x00,0x00,0x00,0x00,0xE0,0x7F,0x00,0x00,0x00,0xF8,0xFF,0x03,0x00,0x00,0xFE,0xFF,0x0F,0x00,0x00,0xFF,0xFF,0x1F,0x00,0x01,0xFF,0xFF,0x1F,0x00,0x83,0x3F,0x00,0x3F,0x00,0x87,0x0F,0x00,0x3E,0x00,0x8F,0x07,0x00,0x3C,0x00,0x8E,0x07,0x00,0x3C,0x00,0x8C,0x0F,0x00,0x3E,0x00,0x88,0x1F,0x00,0x3F,0x00,0x00,0xFF,0xFF,0x1F,0x00,0x00,0xFF,0xFF,0x1F,0x00,0x00,0xFE,0xFF,0x0F,0x00,0x00,0xF8,0xFF,0x03,0x00,0x00,0xC0,0x7F,    // 210
    0x00,0x00,0x00,0x00,0x00,0x00,0xE0,0x7F,0x00,0x00,0x00,0xF8,0xFF,0x03,0x00,0x00,0xFE,0xFF,0x0F,0x00,0x00,0xFF,0xFF,0x1F,0x00,0x00,0xFF,0xFF,0x1F,0x00,0x80,0x3F,0x00,0x3F,0x00,0x88,0x0F,0x00,0x3E,0x00,0x8C,0x07,0x00,0x3C,0x00,0x8E,0x07,0x00,0x3C,0x00,0x8F,0x0F,0x00,0x3E,0x00,0x87,0x1F,0x00,0x3F,0x00,0x03,0xFF,0xFF,0x1F,0x00,0x01,0xFF,0xFF,0x1F,0x00,0x00,0xFE,0xFF,0x0F,0x00,0x00,0xF8,0xFF,0x03,0x00,0x00,0xC0,0x7F,    // 211
    0x00,0x00,0x00,0x00,0x00,0x00,0xE0,0x7F,0x00,0x00,0x00,0xF8,0xFF,0x03,0x00,0x08,0xFE,0xFF,0x0F,0x00,0x0C,0xFF,0xFF,0x1F,0x00,0x0E,0xFF,0xFF,0x1F,0x00,0x87,0x3F,0x00,0x3F,0x00,0x87,0x0F,0x00,0x3E,0x00,0x83,0x07,0x00,0x3C,0x00,0x83,0x07,0x00,0x3C,0x00,0x87,0x0F,0x00,0x3E,0x00,0x8F,0x1F,0x00,0x3F,0x00,0x0E,0xFF,0xFF,0x1F,0x00,0x0C,0xFF,0xFF,0x1F,0x00,0x08,0xFE,0xFF,0x0F,0x00,0x00,0xF8,0xFF,0x03,0x00,0x00,0xC0,0x7F,    // 212
    0x00,0x00,0x00,0x00,0x00,0x00,0xE0,0x7F,0x00,0x00,0x00,0xF8,0xFF,0x03,0x00,0x00,0xFE,0xFF,0x0F,0x00,0x0E,0xFF,0xFF,0x1F,0x00,0x0F,0xFF,0xFF,0x1F,0x00,0x83,0x3F,0x00,0x3F,0x00,0x83,0x0F,0x00,0x3E,0x00,0x87,0x07,0x00,0x3C,0x00,0x8F,0x07,0x00,0x3C,0x00,0x8E,0x0F,0x00,0x3E,0x00,0x8E,0x1F,0x00,0x3F,0x00,0x0F,0xFF,0xFF,0x1F,0x00,0x03,0xFF,0xFF,0x1F,0x00,0x00,0xFE,0xFF,0x0F,0x00,0x00,0xF8,0xFF,0x03,0x00,0x00,0xC0,0x7F,    // 213
    0x00,0x00,0x00,0x00,0x00,0x00,0xE0,0x7F,0x00,0x00,0x00,0xF8,0xFF,0x03,0x00,0x00,0xFE,0xFF,0x0F,0x00,0x0F,0xFF,0xFF,0x1F,0x00,0x0F,0xFF,0xFF,0x1F,0x00,0x8F,0x3F,0x00,0x3F,0x00,0x8F,0x0F,0x00,0x3E,0x00,0x80,0x07,0x00,0x3C,0x00,0x80,0x07,0x00,0x3C,0x00,0x8F,0x0F,0x00,0x3E,0x00,0x8F,0x1F,0x00,0x3F,0x00,0x0F,0xFF,0xFF,0x1F,0x00,0x0F,0xFF,0xFF,0x1F,0x00,0x00,0xFE,0xFF,0x0F,0x00,0x00,0xF8,0xFF,0x03,0x00,0x00,0xC0,0x7F,    // 214
    0x00,0x00,0x00,0x00,0x00,0x00,0x40,0x00,0x02,0x00,0x00,0xE0,0x00,0x07,0x00,0x00,0xF0,0x81,0x0F,0x00,0x00,0xE0,0xC3,0x07,0x00,0x00,0xC0,0xE7,0x03,0x00,0x00,0x80,0xFF,0x01,0x00,0x00,0x00,0xFF,0x00,0x00,0x00,0x00,0x7E,0x00,0x00,0x00,0x00,0x7E,0x00,0x00,0x00,0x00,0xFF,0x00,0x00,0x00,0x80,0xFF,0x01,0x00,0x00,0xC0,0xE7,0x03,0x00,0x00,0xE0,0xC3,0x07,0x00,0x00,0xF0,0x81,0x0F,0x00,0x00,0xE0,0x00,0x07,0x00,0x00,0x40,0x00,0x02,    // 215
    0x00,0x00,0x00,0x30,0x00,0x00,0xE0,0x7F,0x3C,0x00,0x00,0xF8,0xFF,0x3F,0x00,0x00,0xFE,0xFF,0x1F,0x00,0x00,0xFF,0xFF,0x0F,0x00,0x00,0xFF,0xFF,0x1F,0x00,0x80,0x1F,0xF8,0x3F,0x00,0x80,0x0F,0x7C,0x3E,0x00,0x80,0x07,0x3F,0x3C,0x00,0x80,0x87,0x0F,0x3C,0x00,0x80,0xEF,0x07,0x3E,0x00,0x80,0xFF,0x01,0x3F,0x00,0x00,0xFF,0xFF,0x1F,0x00,0x00,0xFE,0xFF,0x1F,0x00,0x00,0xFF,0xFF,0x0F,0x00,0x80,0xFF,0xFF,0x03,0x00,0x80,0xC7,0xFF,0x00,0x00,0x00,0x01,    // 216
    0x00,0x00,0x00,0x00,0x00,0x00,0x00,0x00,0x00,0x00,0x80,0xFF,0xFF,0x01,0x00,0x80,0xFF,0xFF,0x07,0x00,0x80,0xFF,0xFF,0x0F,0x00,0x81,0xFF,0xFF,0x1F,0x00,0x83,0xFF,0xFF,0x3F,0x00,0x07,0x00,0x00,0x3E,0x00,0x0F,0x00,0x00,0x3C,0x00,0x0E,0x00,0x00,0x3C,0x00,0x0C,0x00,0x00,0x3C,0x00,0x08,0x00,0x00,0x3C,0x00,0x00,0x00,0x00,0x3E,0x00,0x80,0xFF,0xFF,0x3F,0x00,0x80,0xFF,0xFF,0x1F,0x00,0x80,0xFF,0xFF,0x1F,0x00,0x80,0xFF,0xFF,0x07,0x00,0x80,0xFF,0xFF,0x01,    // 217
    0x00,0x00,0x00,0x00,0x00,0x00,0x00,0x00,0x00,0x00,0x80,0xFF,0xFF,0x01,0x00,0x80,0xFF,0xFF,0x07,0x00,0x80,0xFF,0xFF,0x0F,0x00,0x80,0xFF,0xFF,0x1F,0x00,0x80,0xFF,0xFF,0x3F,0x00,0x08,0x00,0x00,0x3E,0x00,0x0C,0x00,0x00,0x3C,0x00,0x0E,0x00,0x00,0x3C,0x00,0x0F,0x00,0x00,0x3C,0x00,0x07,0x00,0x00,0x3C,0x00,0x03,0x00,0x00,0x3E,0x00,0x81,0xFF,0xFF,0x3F,0x00,0x80,0xFF,0xFF,0x1F,0x00,0x80,0xFF,0xFF,0x1F,0x00,0x80,0xFF,0xFF,0x07,0x00,0x80,0xFF,0xFF,0x01,    // 218
    0x00,0x00,0x00,0x00,0x00,0x00,0x00,0x00,0x00,0x00,0x80,0xFF,0xFF,0x01,0x00,0x80,0xFF,0xFF,0x07,0x00,0x88,0xFF,0xFF,0x0F,0x00,0x8C,0xFF,0xFF,0x1F,0x00,0x8E,0xFF,0xFF,0x3F,0x00,0x07,0x00,0x00,0x3E,0x00,0x07,0x00,0x00,0x3C,0x00,0x03,0x00,0x00,0x3C,0x00,0x03,0x00,0x00,0x3C,0x00,0x07,0x00,0x00,0x3C,0x00,0x0F,0x00,0x00,0x3E,0x00,0x8E,0xFF,0xFF,0x3F,0x00,0x8C,0xFF,0xFF,0x1F,0x00,0x88,0xFF,0xFF,0x1F,0x00,0x80,0xFF,0xFF,0x07,0x00,0x80,0xFF,0xFF,0x01,    // 219
    0x00,0x00,0x00,0x00,0x00,0x00,0x00,0x00,0x00,0x00,0x80,0xFF,0xFF,0x01,0x00,0x80,0xFF,0xFF,0x07,0x00,0x80,0xFF,0xFF,0x0F,0x00,0x8F,0xFF,0xFF,0x1F,0x00,0x8F,0xFF,0xFF,0x3F,0x00,0x0F,0x00,0x00,0x3E,0x00,0x0F,0x00,0x00,0x3C,0x00,0x00,0x00,0x00,0x3C,0x00,0x00,0x00,0x00,0x3C,0x00,0x0F,0x00,0x00,0x3C,0x00,0x0F,0x00,0x00,0x3E,0x00,0x8F,0xFF,0xFF,0x3F,0x00,0x8F,0xFF,0xFF,0x1F,0x00,0x80,0xFF,0xFF,0x1F,0x00,0x80,0xFF,0xFF,0x07,0x00,0x80,0xFF,0xFF,0x01,    // 220
    0x80,0x00,0x00,0x00,0x00,0x80,0x03,0x00,0x00,0x00,0x80,0x0F,0x00,0x00,0x00,0x80,0x3F,0x00,0x00,0x00,0x80,0xFF,0x00,0x00,0x00,0x00,0xFF,0x03,0x00,0x00,0x00,0xFC,0x0F,0x00,0x00,0x08,0xF0,0xFF,0x3F,0x00,0x0C,0xC0,0xFF,0x3F,0x00,0x0E,0x00,0xFE,0x3F,0x00,0x0F,0xC0,0xFF,0x3F,0x00,0x07,0xF0,0xFF,0x3F,0x00,0x03,0xFC,0x0F,0x00,0x00,0x01,0xFF,0x03,0x00,0x00,0x80,0xFF,0x00,0x00,0x00,0x80,0x3F,0x00,0x00,0x00,0x80,0x0F,0x00,0x00,0x00,0x80,0x03,0x00,0x00,0x00,0x80,    // 221
    0x00,0x00,0x00,0x00,0x00,0x00,0x00,0x00,0x00,0x00,0x00,0x00,0x00,0x00,0x00,0x80,0xFF,0xFF,0x3F,0x00,0x80,0xFF,0xFF,0x3F,0x00,0x80,0xFF,0xFF,0x3F,0x00,0x80,0xFF,0xFF,0x3F,0x00,0x80,0xFF,0xFF,0x3F,0x00,0x00,0x78,0xE0,0x01,0x00,0x00,0x78,0xE0,0x01,0x00,0x00,0x78,0xE0,0x01,0x00,0x00,0x78,0xE0,0x01,0x00,0x00,0xF8,0xF0,0x01,0x00,0x00,0xF8,0xFF,0x01,0x00,0x00,0xF0,0xFF,0x00,0x00,0x00,0xF0,0xFF,0x00,0x00,0x00,0xE0,0x7F,0x00,0x00,0x00,0x80,0x1F,    // 222
    0x00,0x00,0x00,0x00,0x00,0x00,0x00,0x00,0x00,0x00,0x00,0xFC,0xFF,0x3F,0x00,0x00,0xFF,0xFF,0x3F,0x00,0x80,0xFF,0xFF,0x3F,0x00,0x80,0xFF,0xFF,0x3F,0x00,0xC0,0xFF,0xFF,0x3F,0x00,0xC0,0x07,0x00,0x00,0x00,0xC0,0x03,0x00,0x1E,0x00,0xC0,0xC3,0x07,0x3C,0x00,0xC0,0xE3,0x0F,0x3C,0x00,0xC0,0xF7,0x1F,0x3C,0x00,0x80,0xFF,0x3F,0x3E,0x00,0x80,0x7F,0xF8,0x3F,0x00,0x00,0x3F,0xF8,0x3F,0x00,0x00,0x3C,0xF0,0x1F,0x00,0x00,0x00,0xE0,0x0F,0x00,0x00,0x00,0xC0,0x07,    // 223
    0x00,0x00,0x00,0x00,0x00,0x00,0x00,0x00,0x00,0x00,0x00,0x00,0xE0,0x07,0x00,0x10,0x00,0xF0,0x0F,0x00,0x30,0xE0,0xF9,0x1F,0x00,0x70,0xE0,0xF8,0x3F,0x00,0xF0,0xF0,0xFC,0x3F,0x00,0xF0,0x71,0x3C,0x3C,0x00,0xE0,0x73,0x1C,0x38,0x00,0x80,0x73,0x1C,0x38,0x00,0x00,0x73,0x1C,0x38,0x00,0x00,0x72,0x1C,0x1C,0x00,0x00,0xF0,0x1C,0x0E,0x00,0x00,0xF0,0xFF,0x3F,0x00,0x00,0xE0,0xFF,0x3F,0x00,0x00,0xE0,0xFF,0x3F,0x00,0x00,0xC0,0xFF,0x3F,0x00,0x00,0x00,0xFF,0x3F,    // 224
    0x00,0x00,0x00,0x00,0x00,0x00,0x00,0x00,0x00,0x00,0x00,0x00,0xE0,0x07,0x00,0x00,0x00,0xF0,0x0F,0x00,0x00,0xE0,0xF9,0x1F,0x00,0x00,0xE0,0xF8,0x3F,0x00,0x00,0xF0,0xFC,0x3F,0x00,0x00,0x72,0x3C,0x3C,0x00,0x00,0x73,0x1C,0x38,0x00,0x80,0x73,0x1C,0x38,0x00,0xE0,0x73,0x1C,0x38,0x00,0xF0,0x71,0x1C,0x1C,0x00,0xF0,0xF0,0x1C,0x0E,0x00,0x70,0xF0,0xFF,0x3F,0x00,0x30,0xE0,0xFF,0x3F,0x00,0x10,0xE0,0xFF,0x3F,0x00,0x00,0xC0,0xFF,0x3F,0x00,0x00,0x00,0xFF,0x3F,    // 225
    0x00,0x00,0x00,0x00,0x00,0x00,0x00,0x00,0x00,0x00,0x00,0x00,0xE0,0x07,0x00,0x00,0x00,0xF0,0x0F,0x00,0x00,0xE2,0xF9,0x1F,0x00,0x00,0xE3,0xF8,0x3F,0x00,0xC0,0xF3,0xFC,0x3F,0x00,0xE0,0x71,0x3C,0x3C,0x00,0xF0,0x70,0x1C,0x38,0x00,0x70,0x70,0x1C,0x38,0x00,0x70,0x70,0x1C,0x38,0x00,0xF0,0x70,0x1C,0x1C,0x00,0xE0,0xF1,0x1C,0x0E,0x00,0xC0,0xF3,0xFF,0x3F,0x00,0x00,0xE3,0xFF,0x3F,0x00,0x00,0xE2,0xFF,0x3F,0x00,0x00,0xC0,0xFF,0x3F,0x00,0x00,0x00,0xFF,0x3F,    // 226
    0x00,0x00,0x00,0x00,0x00,0x00,0x00,0x00,0x00,0x00,0x00,0x00,0xE0,0x07,0x00,0x00,0x00,0xF0,0x0F,0x00,0x80,0xE3,0xF9,0x1F,0x00,0xC0,0xE3,0xF8,0x3F,0x00,0xE0,0xF0,0xFC,0x3F,0x00,0xE0,0x70,0x3C,0x3C,0x00,0xE0,0x71,0x1C,0x38,0x00,0xC0,0x71,0x1C,0x38,0x00,0x80,0x73,0x1C,0x38,0x00,0x80,0x73,0x1C,0x1C,0x00,0x80,0xF3,0x1C,0x0E,0x00,0xE0,0xF1,0xFF,0x3F,0x00,0xE0,0xE0,0xFF,0x3F,0x00,0x00,0xE0,0xFF,0x3F,0x00,0x00,0xC0,0xFF,0x3F,0x00,0x00,0x00,0xFF,0x3F,    // 227
    0x00,0x00,0x00,0x00,0x00,0x00,0x00,0x00,0x00,0x00,0x00,0x00,0xE0,0x07,0x00,0x00,0x00,0xF0,0x0F,0x00,0x00,0xE0,0xF9,0x1F,0x00,0xE0,0xE1,0xF8,0x3F,0x00,0xE0,0xF1,0xFC,0x3F,0x00,0xE0,0x71,0x3C,0x3C,0x00,0xE0,0x71,0x1C,0x38,0x00,0x00,0x70,0x1C,0x38,0x00,0x00,0x70,0x1C,0x38,0x00,0xE0,0x71,0x1C,0x1C,0x00,0xE0,0xF1,0x1C,0x0E,0x00,0xE0,0xF1,0xFF,0x3F,0x00,0xE0,0xE1,0xFF,0x3F,0x00,0x00,0xE0,0xFF,0x3F,0x00,0x00,0xC0,0xFF,0x3F,0x00,0x00,0x00,0xFF,0x3F,    // 228
    0x00,0x00,0x00,0x00,0x00,0x00,0x00,0x00,0x00,0x00,0x00,0x00,0xE0,0x07,0x00,0x00,0x00,0xF0,0x0F,0x00,0x00,0xE0,0xF9,0x1F,0x00,0xF8,0xE0,0xF8,0x3F,0x00,0xFC,0xF1,0xFC,0x3F,0x00,0xFE,0x73,0x3C,0x3C,0x00,0x8E,0x73,0x1C,0x38,0x00,0x8E,0x73,0x1C,0x38,0x00,0x8E,0x73,0x1C,0x38,0x00,0xFE,0x73,0x1C,0x1C,0x00,0xFC,0xF1,0x1C,0x0E,0x00,0xF8,0xF0,0xFF,0x3F,0x00,0x00,0xE0,0xFF,0x3F,0x00,0x00,0xE0,0xFF,0x3F,0x00,0x00,0xC0,0xFF,0x3F,0x00,0x00,0x00,0xFF,0x3F,    // 229
    0x00,0x00,0x00,0x00,0x00,0x00,0x00,0xC0,0x07,0x00,0x00,0xE0,0xF1,0x1F,0x00,0x00,0xF0,0xF0,0x3F,0x00,0x00,0x70,0xF8,0x3F,0x00,0x00,0x70,0x78,0x3C,0x00,0x00,0x70,0x38,0x38,0x00,0x00,0xF0,0x38,0x3C,0x00,0x00,0xF0,0xFF,0x1F,0x00,0x00,0xE0,0xFF,0x1F,0x00,0x00,0xE0,0xFF,0x0F,0x00,0x00,0xF0,0xFF,0x1F,0x00,0x00,0x70,0x38,0x3E,0x00,0x00,0x70,0x38,0x3C,0x00,0x00,0xF0,0x38,0x38,0x00,0x00,0xF0,0x3F,0x38,0x00,0x00,0xE0,0x3F,0x38,0x00,0x00,0xE0,0x3F,0x3C,0x00,0x00,0x80,0x3F,0x1E,    // 230
    0x00,0x00,0x00,0x00,0x00,0x00,0x00,0x00,0x00,0x00,0x00,0x00,0x00,0x00,0x00,0x00,0x00,0xFE,0x01,0x00,0x00,0x80,0xFF,0x07,0x00,0x00,0xC0,0xFF,0x0F,0x00,0x00,0xE0,0xFF,0x1F,0x0F,0x00,0xE0,0xFF,0x1F,0x0E,0x00,0xF0,0x03,0x3F,0x0E,0x00,0xF0,0x01,0x3E,0x0E,0x00,0xF0,0x00,0x7C,0x0E,0x00,0xF0,0x00,0xFC,0x0F,0x00,0xF0,0x00,0xFC,0x0F,0x00,0xF0,0x00,0x3C,0x07,0x00,0xF0,0x00,0x3C,0x00,0x00,0xE0,0x00,0x3C,0x00,0x00,0xE0,0x01,0x1E,    // 231
    0x00,0x00,0x00,0x00,0x00,0x00,0x00,0x00,0x00,0x00,0x00,0x00,0xFE,0x01,0x00,0x00,0x80,0xFF,0x07,0x00,0x10,0xC0,0xFF,0x0F,0x00,0x30,0xE0,0xFF,0x1F,0x00,0x70,0xE0,0xFF,0x1F,0x00,0xF0,0xF0,0x7B,0x3E,0x00,0xF0,0xF1,0x79,0x3E,0x00,0xE0,0xF3,0x78,0x3C,0x00,0x80,0xF3,0x78,0x3C,0x00,0x00,0xF3,0x78,0x3C,0x00,0x00,0xF2,0x78,0x3C,0x00,0x00,0xF0,0x79,0x3C,0x00,0x00,0xE0,0x7F,0x3C,0x00,0x00,0xE0,0x7F,0x3C,0x00,0x00,0xC0,0x7F,0x1E,0x00,0x00,0x80,0x7F,0x1E,0x00,0x00,0x00,0x7E,    // 232
    0x00,0x00,0x00,0x00,0x00,0x00,0x00,0x00,0x00,0x00,0x00,0x00,0xFE,0x01,0x00,0x00,0x80,0xFF,0x07,0x00,0x00,0xC0,0xFF,0x0F,0x00,0x00,0xE0,0xFF,0x1F,0x00,0x00,0xE0,0xFF,0x1F,0x00,0x00,0xF0,0x7B,0x3E,0x00,0x00,0xF2,0x79,0x3E,0x00,0x00,0xF3,0x78,0x3C,0x00,0x80,0xF3,0x78,0x3C,0x00,0xE0,0xF3,0x78,0x3C,0x00,0xF0,0xF1,0x78,0x3C,0x00,0xF0,0xF0,0x79,0x3C,0x00,0x70,0xE0,0x7F,0x3C,0x00,0x30,0xE0,0x7F,0x3C,0x00,0x10,0xC0,0x7F,0x1E,0x00,0x00,0x80,0x7F,0x1E,0x00,0x00,0x00,0x7E,    // 233
    0x00,0x00,0x00,0x00,0x00,0x00,0x00,0x00,0x00,0x00,0x00,0x00,0xFE,0x01,0x00,0x00,0x80,0xFF,0x07,0x00,0x00,0xC0,0xFF,0x0F,0x00,0x00,0xE2,0xFF,0x1F,0x00,0x00,0xE3,0xFF,0x1F,0x00,0xC0,0xF3,0x7B,0x3E,0x00,0xE0,0xF1,0x79,0x3E,0x00,0xF0,0xF0,0x78,0x3C,0x00,0x70,0xF0,0x78,0x3C,0x00,0x70,0xF0,0x78,0x3C,0x00,0xF0,0xF0,0x78,0x3C,0x00,0xE0,0xF1,0x79,0x3C,0x00,0xC0,0xE3,0x7F,0x3C,0x00,0x00,0xE3,0x7F,0x3C,0x00,0x00,0xC2,0x7F,0x1E,0x00,0x00,0x80,0x7F,0x1E,0x00,0x00,0x00,0x7E,    // 234
    0x00,0x00,0x00,0x00,0x00,0x00,0x00,0x00,0x00,0x00,0x00,0x00,0xFE,0x01,0x00,0x00,0x80,0xFF,0x07,0x00,0x00,0xC0,0xFF,0x0F,0x00,0x00,0xE0,0xFF,0x1F,0x00,0xE0,0xE1,0xFF,0x1F,0x00,0xE0,0xF1,0x7B,0x3E,0x00,0xE0,0xF1,0x79,0x3E,0x00,0xE0,0xF1,0x78,0x3C,0x00,0x00,0xF0,0x78,0x3C,0x00,0x00,0xF0,0x78,0x3C,0x00,0xE0,0xF1,0x78,0x3C,0x00,0xE0,0xF1,0x79,0x3C,0x00,0xE0,0xE1,0x7F,0x3C,0x00,0xE0,0xE1,0x7F,0x3C,0x00,0x00,0xC0,0x7F,0x1E,0x00,0x00,0x80,0x7F,0x1E,0x00,0x00,0x00,0x7E,    // 235
    0x00,0x00,0x00,0x00,0x00,0x00,0x00,0x00,0x00,0x00,0x00,0x00,0x00,0x3C,0x00,0x10,0x00,0x00,0x3C,0x00,0x30,0xF0,0x00,0x3C,0x00,0x70,0xF0,0x00,0x3C,0x00,0xF0,0xF0,0x00,0x3C,0x00,0xF0,0xF1,0x00,0x3C,0x00,0xE0,0xF3,0xFF,0x3F,0x00,0x80,0xF3,0xFF,0x3F,0x00,0x00,0xF3,0xFF,0x3F,0x00,0x00,0xF2,0xFF,0x3F,0x00,0x00,0xF0,0xFF,0x3F,0x00,0x00,0x00,0x00,0x3C,0x00,0x00,0x00,0x00,0x3C,0x00,0x00,0x00,0x00,0x3C,0x00,0x00,0x00,0x00,0x3C,0x00,0x00,0x00,0x00,0x3C,0x00,0x00,0x00,0x00,0x3C,    // 236
    0x00,0x00,0x00,0x00,0x00,0x00,0x00,0x00,0x00,0x00,0x00,0x00,0x00,0x3C,0x00,0x00,0x00,0x00,0x3C,0x00,0x00,0xF0,0x00,0x3C,0x00,0x00,0xF0,0x00,0x3C,0x00,0x00,0xF0,0x00,0x3C,0x00,0x00,0xF2,0x00,0x3C,0x00,0x00,0xF3,0xFF,0x3F,0x00,0x80,0xF3,0xFF,0x3F,0x00,0xE0,0xF3,0xFF,0x3F,0x00,0xF0,0xF1,0xFF,0x3F,0x00,0xF0,0xF0,0xFF,0x3F,0x00,0x70,0x00,0x00,0x3C,0x00,0x30,0x00,0x00,0x3C,0x00,0x10,0x00,0x00,0x3C,0x00,0x00,0x00,0x00,0x3C,0x00,0x00,0x00,0x00,0x3C,0x00,0x00,0x00,0x00,0x3C,    // 237
    0x00,0x00,0x00,0x00,0x00,0x00,0x00,0x00,0x00,0x00,0x00,0x00,0x00,0x3C,0x00,0x00,0x00,0x00,0x3C,0x00,0x00,0xF2,0x00,0x3C,0x00,0x00,0xF3,0x00,0x3C,0x00,0xC0,0xF3,0x00,0x3C,0x00,0xE0,0xF1,0x00,0x3C,0x00,0xF0,0xF0,0xFF,0x3F,0x00,0x70,0xF0,0xFF,0x3F,0x00,0x70,0xF0,0xFF,0x3F,0x00,0xF0,0xF0,0xFF,0x3F,0x00,0xE0,0xF1,0xFF,0x3F,0x00,0xC0,0x03,0x00,0x3C,0x00,0x00,0x03,0x00,0x3C,0x00,0x00,0x02,0x00,0x3C,0x00,0x00,0x00,0x00,0x3C,0x00,0x00,0x00,0x00,0x3C,0x00,0x00,0x00,0x00,0x3C,    // 238
    0x00,0x00,0x00,0x00,0x00,0x00,0x00,0x00,0x00,0x00,0x00,0x00,0x00,0x3C,0x00,0x00,0x00,0x00,0x3C,0x00,0x00,0xF0,0x00,0x3C,0x00,0xE0,0xF1,0x00,0x3C,0x00,0xE0,0xF1,0x00,0x3C,0x00,0xE0,0xF1,0x00,0x3C,0x00,0xE0,0xF1,0xFF,0x3F,0x00,0x00,0xF0,0xFF,0x3F,0x00,0x00,0xF0,0xFF,0x3F,0x00,0xE0,0xF1,0xFF,0x3F,0x00,0xE0,0xF1,0xFF,0x3F,0x00,0xE0,0x01,0x00,0x3C,0x00,0xE0,0x01,0x00,0x3C,0x00,0x00,0x00,0x00,0x3C,0x00,0x00,0x00,0x00,0x3C,0x00,0x00,0x00,0x00,0x3C,0x00,0x00,0x00,0x00,0x3C,    // 239
    0x00,0x00,0x00,0x00,0x00,0x00,0x00,0x00,0x00,0x00,0x00,0x00,0xFC,0x01,0x00,0x00,0x00,0xFE,0x07,0x00,0x00,0x18,0xFF,0x0F,0x00,0x40,0x8C,0xFF,0x1F,0x00,0xC0,0xCC,0xFF,0x1F,0x00,0xC0,0xCF,0x07,0x3F,0x00,0xC0,0xC7,0x03,0x3C,0x00,0xC0,0xCF,0x03,0x3C,0x00,0x80,0xFF,0x03,0x3C,0x00,0x00,0xFF,0x03,0x3C,0x00,0x80,0xFF,0x07,0x3F,0x00,0x80,0xF9,0xFF,0x1F,0x00,0xC0,0xE1,0xFF,0x1F,0x00,0xC0,0xC0,0xFF,0x0F,0x00,0x80,0x00,0xFF,0x07,0x00,0x00,0x00,0xFC,0x01,    // 240
    0x00,0x00,0x00,0x00,0x00,0x00,0x00,0x00,0x00,0x00,0x00,0x00,0x00,0x00,0x00,0x00,0xF0,0xFF,0x3F,0x00,0x80,0xF3,0xFF,0x3F,0x00,0xC0,0xF3,0xFF,0x3F,0x00,0xE0,0xF0,0xFF,0x3F,0x00,0xE0,0xF0,0xFF,0x3F,0x00,0xE0,0xC1,0x01,0x00,0x00,0xC0,0xE1,0x00,0x00,0x00,0x80,0xF3,0x00,0x00,0x00,0x80,0xF3,0x01,0x00,0x00,0x80,0xF3,0xFF,0x3F,0x00,0xE0,0xF1,0xFF,0x3F,0x00,0xE0,0xE0,0xFF,0x3F,0x00,0x00,0xE0,0xFF,0x3F,0x00,0x00,0x80,0xFF,0x3F,    // 241
    0x00,0x00,0x00,0x00,0x00,0x00,0x00,0x00,0x00,0x00,0x00,0x00,0xFE,0x01,0x00,0x10,0x80,0xFF,0x07,0x00,0x30,0xC0,0xFF,0x0F,0x00,0x70,0xE0,0xFF,0x1F,0x00,0xF0,0xE0,0xFF,0x1F,0x00,0xF0,0xF1,0x03,0x3F,0x00,0xE0,0xF3,0x01,0x3E,0x00,0x80,0xF3,0x00,0x3C,0x00,0x00,0xF3,0x00,0x3C,0x00,0x00,0xF2,0x01,0x3E,0x00,0x00,0xF0,0x03,0x3F,0x00,0x00,0xE0,0xFF,0x1F,0x00,0x00,0xE0,0xFF,0x1F,0x00,0x00,0xC0,0xFF,0x0F,0x00,0x00,0x80,0xFF,0x07,0x00,0x00,0x00,0xFE,0x01,    // 242
    0x00,0x00,0x00,0x00,0x00,0x00,0x00,0x00,0x00,0x00,0x00,0x00,0xFE,0x01,0x00,0x00,0x80,0xFF,0x07,0x00,0x00,0xC0,0xFF,0x0F,0x00,0x00,0xE0,0xFF,0x1F,0x00,0x00,0xE0,0xFF,0x1F,0x00,0x00,0xF2,0x03,0x3F,0x00,0x00,0xF3,0x01,0x3E,0x00,0x80,0xF3,0x00,0x3C,0x00,0xE0,0xF3,0x00,0x3C,0x00,0xF0,0xF1,0x01,0x3E,0x00,0xF0,0xF0,0x03,0x3F,0x00,0x70,0xE0,0xFF,0x1F,0x00,0x30,0xE0,0xFF,0x1F,0x00,0x10,0xC0,0xFF,0x0F,0x00,0x00,0x80,0xFF,0x07,0x00,0x00,0x00,0xFE,0x01,    // 243
    0x00,0x00,0x00,0x00,0x00,0x00,0x00,0x00,0x00,0x00,0x00,0x00,0xFE,0x01,0x00,0x00,0x80,0xFF,0x07,0x00,0x00,0xC2,0xFF,0x0F,0x00,0x00,0xE3,0xFF,0x1F,0x00,0xC0,0xE3,0xFF,0x1F,0x00,0xE0,0xF1,0x03,0x3F,0x00,0xF0,0xF0,0x01,0x3E,0x00,0x70,0xF0,0x00,0x3C,0x00,0x70,0xF0,0x00,0x3C,0x00,0xF0,0xF0,0x01,0x3E,0x00,0xE0,0xF1,0x03,0x3F,0x00,0xC0,0xE3,0xFF,0x1F,0x00,0x00,0xE3,0xFF,0x1F,0x00,0x00,0xC2,0xFF,0x0F,0x00,0x00,0x80,0xFF,0x07,0x00,0x00,0x00,0xFE,0x01,    // 244
    0x00,0x00,0x00,0x00,0x00,0x00,0x00,0x00,0x00,0x00,0x00,0x00,0xFE,0x01,0x00,0x00,0x80,0xFF,0x07,0x00,0x00,0xC0,0xFF,0x0F,0x00,0x00,0xE7,0xFF,0x1F,0x00,0xC0,0xE7,0xFF,0x1F,0x00,0xC0,0xF1,0x03,0x3F,0x00,0xC0,0xF1,0x01,0x3E,0x00,0x80,0xF3,0x00,0x3C,0x00,0x80,0xF3,0x00,0x3C,0x00,0x00,0xF7,0x01,0x3E,0x00,0x00,0xF7,0x03,0x3F,0x00,0xC0,0xE7,0xFF,0x1F,0x00,0xC0,0xE1,0xFF,0x1F,0x00,0x00,0xC0,0xFF,0x0F,0x00,0x00,0x80,0xFF,0x07,0x00,0x00,0x00,0xFE,0x01,    // 245
    0x00,0x00,0x00,0x00,0x00,0x00,0x00,0x00,0x00,0x00,0x00,0x00,0xFE,0x01,0x00,0x00,0x80,0xFF,0x07,0x00,0x00,0xC0,0xFF,0x0F,0x00,0xE0,0xE1,0xFF,0x1F,0x00,0xE0,0xE1,0xFF,0x1F,0x00,0xE0,0xF1,0x03,0x3F,0x00,0xE0,0xF1,0x01,0x3E,0x00,0x00,0xF0,0x00,0x3C,0x00,0x00,0xF0,0x00,0x3C,0x00,0xE0,0xF1,0x01,0x3E,0x00,0xE0,0xF1,0x03,0x3F,0x00,0xE0,0xE1,0xFF,0x1F,0x00,0xE0,0xE1,0xFF,0x1F,0x00,0x00,0xC0,0xFF,0x0F,0x00,0x00,0x80,0xFF,0x07,0x00,0x00,0x00,0xFE,0x01,    // 246
    0x00,0x00,0x00,0x00,0x00,0x00,0x00,0x3C,0x00,0x00,0x00,0x00,0x3C,0x00,0x00,0x00,0x00,0x3C,0x00,0x00,0x00,0x00,0x3C,0x00,0x00,0x00,0x00,0x3C,0x00,0x00,0x00,0x00,0x3C,0x00,0x00,0x00,0xF8,0x3C,0x1F,0x00,0x00,0xF8,0x3C,0x1F,0x00,0x00,0xF8,0x3C,0x1F,0x00,0x00,0xF8,0x3C,0x1F,0x00,0x00,0xF8,0x3C,0x1F,0x00,0x00,0x00,0x3C,0x00,0x00,0x00,0x00,0x3C,0x00,0x00,0x00,0x00,0x3C,0x00,0x00,0x00,0x00,0x3C,0x00,0x00,0x00,0x00,0x3C,0x00,0x00,0x00,0x00,0x3C,    // 247
    0x00,0x00,0x00,0x00,0x00,0x00,0x00,0x00,0x60,0x00,0x00,0x00,0xFE,0x78,0x00,0x00,0x80,0xFF,0x7F,0x00,0x00,0xC0,0xFF,0x3F,0x00,0x00,0xE0,0xFF,0x1F,0x00,0x00,0xE0,0xFF,0x1F,0x00,0x00,0xF0,0xC3,0x1F,0x00,0x00,0xF0,0xE1,0x3F,0x00,0x00,0xF0,0xF0,0x3C,0x00,0x00,0xF0,0x3C,0x3C,0x00,0x00,0xF0,0x1F,0x3E,0x00,0x00,0xF0,0x0F,0x3F,0x00,0x00,0xE0,0xFF,0x1F,0x00,0x00,0xE0,0xFF,0x1F,0x00,0x00,0xF0,0xFF,0x0F,0x00,0x00,0xF8,0xFF,0x07,0x00,0x00,0x38,0xFC,0x01,0x00,0x00,0x10,    // 248
    0x00,0x00,0x00,0x00,0x00,0x00,0x00,0x00,0x00,0x00,0x00,0x00,0x00,0x00,0x00,0x10,0xF0,0xFF,0x07,0x00,0x30,0xF0,0xFF,0x1F,0x00,0x70,0xF0,0xFF,0x1F,0x00,0xF0,0xF0,0xFF,0x3F,0x00,0xF0,0xF1,0xFF,0x3F,0x00,0xE0,0x03,0x00,0x3E,0x00,0x80,0x03,0x00,0x3C,0x00,0x00,0x03,0x00,0x1C,0x00,0x00,0x02,0x00,0x0E,0x00,0x00,0xF0,0xFF,0x3F,0x00,0x00,0xF0,0xFF,0x3F,0x00,0x00,0xF0,0xFF,0x3F,0x00,0x00,0xF0,0xFF,0x3F,0x00,0x00,0xF0,0xFF,0x3F,    // 249
    0x00,0x00,0x00,0x00,0x00,0x00,0x00,0x00,0x00,0x00,0x00,0x00,0x00,0x00,0x00,0x00,0xF0,0xFF,0x07,0x00,0x00,0xF0,0xFF,0x1F,0x00,0x00,0xF0,0xFF,0x1F,0x00,0x00,0xF0,0xFF,0x3F,0x00,0x00,0xF2,0xFF,0x3F,0x00,0x00,0x03,0x00,0x3E,0x00,0x80,0x03,0x00,0x3C,0x00,0xE0,0x03,0x00,0x1C,0x00,0xF0,0x01,0x00,0x0E,0x00,0xF0,0xF0,0xFF,0x3F,0x00,0x70,0xF0,0xFF,0x3F,0x00,0x30,0xF0,0xFF,0x3F,0x00,0x10,0xF0,0xFF,0x3F,0x00,0x00,0xF0,0xFF,0x3F,    // 250
    0x00,0x00,0x00,0x00,0x00,0x00,0x00,0x00,0x00,0x00,0x00,0x00,0x00,0x00,0x00,0x00,0xF0,0xFF,0x07,0x00,0x00,0xF2,0xFF,0x1F,0x00,0x00,0xF3,0xFF,0x1F,0x00,0xC0,0xF3,0xFF,0x3F,0x00,0xE0,0xF1,0xFF,0x3F,0x00,0xF0,0x00,0x00,0x3E,0x00,0x70,0x00,0x00,0x3C,0x00,0x70,0x00,0x00,0x1C,0x00,0xF0,0x00,0x00,0x0E,0x00,0xE0,0xF1,0xFF,0x3F,0x00,0xC0,0xF3,0xFF,0x3F,0x00,0x00,0xF3,0xFF,0x3F,0x00,0x00,0xF2,0xFF,0x3F,0x00,0x00,0xF0,0xFF,0x3F,    // 251
    0x00,0x00,0x00,0x00,0x00,0x00,0x00,0x00,0x00,0x00,0x00,0x00,0x00,0x00,0x00,0x00,0xF0,0xFF,0x07,0x00,0x00,0xF0,0xFF,0x1F,0x00,0xE0,0xF1,0xFF,0x1F,0x00,0xE0,0xF1,0xFF,0x3F,0x00,0xE0,0xF1,0xFF,0x3F,0x00,0xE0,0x01,0x00,0x3E,0x00,0x00,0x00,0x00,0x3C,0x00,0x00,0x00,0x00,0x1C,0x00,0xE0,0x01,0x00,0x0E,0x00,0xE0,0xF1,0xFF,0x3F,0x00,0xE0,0xF1,0xFF,0x3F,0x00,0xE0,0xF1,0xFF,0x3F,0x00,0x00,0xF0,0xFF,0x3F,0x00,0x00,0xF0,0xFF,0x3F,    // 252
    0x00,0x00,0x00,0x00,0x00,0x00,0x10,0x00,0x00,0x00,0x00,0xF0,0x00,0x00,0x1E,0x00,0xF0,0x07,0x00,0x1E,0x00,0xF0,0x3F,0x00,0x1E,0x00,0xF0,0xFF,0x00,0x1E,0x00,0xC0,0xFF,0x87,0x1F,0x00,0x02,0xFE,0xFF,0x1F,0x00,0x03,0xF0,0xFF,0x0F,0x80,0x03,0x00,0xFF,0x07,0xE0,0x03,0xE0,0xFF,0x01,0xF0,0x01,0xFE,0x3F,0x00,0xF0,0xC0,0xFF,0x07,0x00,0x70,0xF0,0xFF,0x01,0x00,0x30,0xF0,0x3F,0x00,0x00,0x10,0xF0,0x07,0x00,0x00,0x00,0xF0,0x00,0x00,0x00,0x00,0x10,    // 253
    0x00,0x00,0x00,0x00,0x00,0x00,0x00,0x00,0x00,0x00,0xC0,0xFF,0xFF,0xFF,0x1F,0xC0,0xFF,0xFF,0xFF,0x1F,0xC0,0xFF,0xFF,0xFF,0x1F,0xC0,0xFF,0xFF,0xFF,0x1F,0xC0,0xFF,0xFF,0xFF,0x1F,0x00,0xC0,0x03,0x0F,0x00,0x00,0xE0,0x01,0x1E,0x00,0x00,0xF0,0x00,0x3C,0x00,0x00,0xF0,0x00,0x3C,0x00,0x00,0xF0,0x01,0x3E,0x00,0x00,0xF0,0x03,0x3F,0x00,0x00,0xF0,0xFF,0x3F,0x00,0x00,0xE0,0xFF,0x1F,0x00,0x00,0xE0,0xFF,0x1F,0x00,0x00,0x80,0xFF,0x07,0x00,0x00,0x00,0xFE,0x01,    // 254
    0x00,0x00,0x00,0x00,0x00,0x00,0x10,0x00,0x00,0x00,0x00,0xF0,0x00,0x00,0x1E,0x00,0xF0,0x07,0x00,0x1E,0x00,0xF0,0x3F,0x00,0x1E,0xE0,0xF1,0xFF,0x00,0x1E,0xE0,0xC1,0xFF,0x87,0x1F,0xE0,0x01,0xFE,0xFF,0x1F,0xE0,0x01,0xF0,0xFF,0x0F,0x00,0x00,0x00,0xFF,0x07,0xE0,0x01,0xE0,0xFF,0x01,0xE0,0x01,0xFE,0x3F,0x00,0xE0,0xC1,0xFF,0x07,0x00,0xE0,0xF1,0xFF,0x01,0x00,0x00,0xF0,0x3F,0x00,0x00,0x00,0xF0,0x07,0x00,0x00,0x00,0xF0,0x00,0x00,0x00,0x00,0x10    // 255
};
